Feature,Random Forest,CatBoost,LightGBM
LogFlux,0.013235496728690488,0.02530033652664024,0.042
LogEnergy_Flux,0.01676448852199342,0.03259195553817315,0.055
LogSignificance,0.015900818158315167,0.036257675679075035,0.05533333333333333
LogVariability_Index,0.018319476879630914,0.02282121511027236,0.06216666666666667
Lognu_syn,0.08603437038192716,0.09393110480054447,0.06483333333333334
LognuFnu_syn,0.024560503202603216,0.058568870664864645,0.0595
PL_Index,0.013356526907606485,0.025156381062398713,0.042833333333333334
LogPivot_Energy,0.01675707509606781,0.03605580418466323,0.059166666666666666
LP_Index,0.019978016921058495,0.055112242385851794,0.05566666666666667
LP_beta,0.02215956161943534,0.058273180529688905,0.06516666666666666
Gaia_G_Magnitude,0.029534010533118073,0.05166709977081887,0.06316666666666666
W1mag,0.1254861746753757,0.10411745753639981,0.058
W2mag,0.01862847051859493,0.03661440320394465,0.047
W3mag,0.01736980570498641,0.029593526491277337,0.04633333333333333
W4mag,0.015991134837508546,0.029398470508195926,0.044
W1_W2,0.11771858584124455,0.14926011128014285,0.06783333333333333
W2_W3,0.03746666796678582,0.0620533913663565,0.06016666666666667
P_FSRQ,0.39073881550505746,0.0932267733606913,0.051833333333333335
