Model,Pearson R,RMSE,NMAD,Bias,Outlier %
RF,0.7704801507525665,0.43080771079456276,0.1455706315701103,-0.08615821665227924,34.59787556904401
ET,0.7644484423704536,0.4412073840936428,0.15568629154280292,-0.09610000588634797,37.025796661608496
HGB,0.765748205653039,0.42621293507387303,0.14570004260374453,-0.06319934938157824,34.749620637329286
XGB,0.7769294281200937,0.4198087690644118,0.13546465262191526,-0.07269890338547975,34.37025796661609
LGB,0.7770445971747444,0.4193228310279978,0.1369144477358369,-0.07179495571657439,33.91502276176024
CAT,0.7767805299855508,0.42118033197239296,0.13890364344146858,-0.07639099368913914,33.91502276176024
TABPFN,0.8042605029936954,0.3943069608244524,0.12632773293188182,-0.05863758558126796,30.652503793626707
FT_TRANSFORMER,0.7570742735638671,0.46482995210318223,0.1870909777238984,-0.11460923030983017,42.03338391502276
TABNET,0.7459680412189428,0.47181735678087433,0.18754124000544933,-0.10648480245984179,42.1092564491654
SAINT,0.7574646631614845,0.4344335790796935,0.15736965574956313,-0.0682791871018628,37.253414264036415
TABM,0.6206136397064597,0.5221553970413823,0.22520614834587005,0.037207089596772124,50.30349013657056
MLP,0.7676877571828334,0.42460956038723396,0.1403346511784732,-0.06258255873480972,34.977238239757206
