Model,Pearson_R,RMSE,NMAD,Bias,Outlier_015_pct
Ridge,0.759745,0.427409,0.153532,-0.075748,36.964286
RandomForest,0.765529,0.424546,0.149389,-0.078593,34.910714
ExtraTrees,0.771409,0.421707,0.153368,-0.08233,35.625
HistGB,0.739013,0.44042,0.154192,-0.054626,36.785714
XGBoost,0.755185,0.428634,0.147227,-0.065536,36.517857
LightGBM,0.759709,0.425439,0.148368,-0.066577,35.803571
CatBoost,0.76619,0.422734,0.14793,-0.076008,34.196429
MLP,0.755335,0.428766,0.14464,-0.007636,34.553571
TabPFN,0.797624,0.394418,0.126883,-0.05899,31.517857
Ridge_Stacking_Ensemble,0.794964,0.399781,0.13224,-0.069876,31.517857
