Source_Name,Predicted_z,Conformal_Lower_95,Conformal_Upper_95,Interval_Width_95,Mahalanobis_D_M,Reliability_Grade
4FGL J0001.2-0747,0.4374,0.0865,1.1231,1.0366,2.714,Grade A
4FGL J0009.3+5030,0.4769,0.1089,1.2105,1.1016,3.542,Grade A
4FGL J0013.1-3955,0.6424,0.1997,1.6031,1.4034,3.128,Grade A
4FGL J0019.3-8152,0.2488,0.0,0.736,0.736,2.405,Grade A
4FGL J0019.6+2022,0.8856,0.3244,2.2718,1.9473,3.15,Grade A
4FGL J0021.5-2552,0.4395,0.0877,1.1278,1.0401,3.025,Grade A
4FGL J0022.1-1854,0.368,0.0464,0.9751,0.9288,3.172,Grade A
4FGL J0022.5+0608,0.8481,0.3058,2.1604,1.8546,2.856,Grade A
4FGL J0023.9+1603,0.6437,0.2004,1.6063,1.4059,2.911,Grade A
4FGL J0029.0-7044,0.5425,0.1455,1.3607,1.2152,2.741,Grade A
4FGL J0031.3+0726,0.4401,0.088,1.1291,1.0411,2.401,Grade A
4FGL J0040.3+4050,0.3164,0.0159,0.8693,0.8534,4.413,Grade A
