Source_Name,RA,DEC,CLASS,P_FSRQ,z_phot,z_95_low,z_95_high,interval_width_95,Mahalanobis_D_M,Reliability_Grade,OOD_Flag
4FGL J0001.2-0747,0.3151,-7.7971,BLL,0.0789,0.4374,0.0865,1.1231,1.0366,2.714,Grade A,0
4FGL J0009.3+5030,2.3466,50.5115,BLL,0.0084,0.4769,0.1089,1.2105,1.1016,3.542,Grade A,0
4FGL J0013.1-3955,3.2802,-39.9272,BLL,0.1639,0.6424,0.1997,1.6031,1.4034,3.128,Grade A,0
4FGL J0019.3-8152,4.8327,-81.8798,BLL,0.0083,0.2488,0.0,0.736,0.736,2.405,Grade A,0
4FGL J0019.6+2022,4.907,20.3755,BLL,0.6164,0.8856,0.3244,2.2718,1.9473,3.15,Grade A,0
4FGL J0021.5-2552,5.3912,-25.8681,BLL,0.0258,0.4395,0.0877,1.1278,1.0401,3.025,Grade A,0
4FGL J0022.1-1854,5.5353,-18.9068,BLL,0.004,0.368,0.0464,0.9751,0.9288,3.172,Grade A,0
4FGL J0022.5+0608,5.6376,6.1343,BLL,0.4848,0.8481,0.3058,2.1604,1.8546,2.856,Grade A,0
4FGL J0023.9+1603,5.9819,16.0639,BLL,0.1749,0.6437,0.2004,1.6063,1.4059,2.911,Grade A,0
4FGL J0029.0-7044,7.2509,-70.7414,BLL,0.4995,0.5425,0.1455,1.3607,1.2152,2.741,Grade A,0
4FGL J0031.3+0726,7.83,7.4443,BLL,0.0115,0.4401,0.088,1.1291,1.0411,2.401,Grade A,0
4FGL J0040.3+4050,10.0989,40.8362,BLL,0.0115,0.3164,0.0159,0.8693,0.8534,4.413,Grade A,0
4FGL J0045.3+2128,11.3396,21.4668,BLL,0.0017,0.3167,0.0161,0.8699,0.8539,3.136,Grade A,0
4FGL J0056.4-2118,14.1204,-21.3029,BLL,0.0064,0.4771,0.109,1.2108,1.1018,2.807,Grade A,0
4FGL J0056.6-4452,14.1548,-44.8729,BLL,0.4391,0.6746,0.2167,1.6848,1.468,4.236,Grade A,0
4FGL J0058.0-3233,14.5132,-32.5658,BLL,0.0693,0.5022,0.1231,1.2676,1.1445,3.096,Grade A,0
4FGL J0058.3+1723,14.577,17.3884,BLL,0.0007,0.4406,0.0883,1.1301,1.0418,5.832,Grade A,0
4FGL J0107.3-1210,16.826,-12.1827,BLL,0.1182,0.4296,0.082,1.1061,1.0241,2.78,Grade A,0
4FGL J0107.4+0334,16.8508,3.5691,BLL,0.7518,0.7126,0.2367,1.784,1.5473,4.315,Grade A,0
4FGL J0112.8-7506,18.2049,-75.1024,BLL,0.006,0.4771,0.109,1.2109,1.1019,2.566,Grade A,0
4FGL J0115.6+0356,18.9121,3.947,BLL,0.0097,0.4924,0.1176,1.2454,1.1278,3.142,Grade A,0
4FGL J0116.0-2745,19.0032,-27.7589,BLL,0.001,0.3891,0.0586,1.0193,0.9607,3.527,Grade A,0
4FGL J0116.2-6153,19.06,-61.8947,BLL,0.0018,0.4352,0.0852,1.1183,1.0331,3.087,Grade A,0
4FGL J0120.4-2701,20.1227,-27.0229,BLL,0.0032,0.3166,0.016,0.8698,0.8538,4.166,Grade A,0
4FGL J0125.3-2548,21.3474,-25.8074,BLL,0.3952,0.8234,0.2934,2.0889,1.7955,2.445,Grade A,0
4FGL J0127.1+3310,21.78,33.1757,BLL,0.0336,0.5064,0.1254,1.2771,1.1517,2.879,Grade A,0
4FGL J0127.2+0324,21.8237,3.413,BLL,0.0084,0.3257,0.0214,0.8882,0.8667,2.741,Grade A,0
4FGL J0127.3-0148,21.8421,-1.8001,BLL,0.203,0.572,0.1617,1.4305,1.2688,2.815,Grade A,0
4FGL J0129.7+3436,22.4486,34.6164,BLL,0.027,0.6826,0.221,1.7054,1.4845,4.176,Grade A,0
4FGL J0132.8-4413,23.2077,-44.2239,BLL,0.0115,0.3673,0.046,0.9738,0.9278,2.635,Grade A,0
4FGL J0134.5+2637,23.6272,26.6294,BLL,0.0008,0.4406,0.0883,1.1301,1.0418,3.334,Grade A,0
4FGL J0136.5+3906,24.1423,39.1,BLL,0.0001,0.2566,0.0,0.751,0.751,4.119,Grade A,0
4FGL J0138.0+2247,24.5063,22.7962,BLL,0.0084,0.3883,0.0582,1.0177,0.9595,2.469,Grade A,0
4FGL J0139.0+2601,24.7581,26.0298,BLL,0.6216,0.5306,0.1389,1.333,1.1941,2.284,Grade A,0
4FGL J0142.7-0543,25.6754,-5.7332,BLL,0.3756,0.4253,0.0796,1.0969,1.0174,2.379,Grade A,0
4FGL J0143.7-5846,25.948,-58.7718,BLL,0.0006,0.3167,0.0161,0.87,0.8539,4.42,Grade A,0
4FGL J0144.6+2705,26.1502,27.0899,BLL,0.2475,0.6461,0.2016,1.6123,1.4106,4.141,Grade A,0
4FGL J0146.0-6746,26.5182,-67.7748,BLL,0.0208,0.3161,0.0157,0.8687,0.853,3.053,Grade A,0
4FGL J0153.0+7517,28.2527,75.2885,BLL,0.0027,0.4405,0.0882,1.1299,1.0416,4.149,Grade A,0
4FGL J0155.0+4433,28.7683,44.5577,BLL,0.0377,0.5889,0.1709,1.4713,1.3004,3.866,Grade A,0
4FGL J0156.9-5301,29.2328,-53.0308,BLL,0.0001,0.3261,0.0216,0.8889,0.8672,4.881,Grade A,0
4FGL J0158.5-3932,29.646,-39.5358,BLL,0.0219,0.3664,0.0454,0.9719,0.9264,3.098,Grade A,0
4FGL J0159.7-2740,29.9471,-27.6736,BLL,0.0111,0.3256,0.0214,0.8879,0.8666,2.368,Grade A,0
4FGL J0202.7+4204,30.6862,42.0714,BLL,0.3102,0.5612,0.1557,1.4048,1.249,3.566,Grade A,0
4FGL J0203.6+7233,30.9114,72.553,BLL,0.1139,0.1724,0.0,0.5918,0.5918,5.002,Grade A,0
4FGL J0208.3-6838,32.0985,-68.6409,BLL,0.2658,0.6056,0.1799,1.5117,1.3318,2.705,Grade A,0
4FGL J0208.5-0046,32.135,-0.7768,BLL,0.3964,0.8237,0.2936,2.0899,1.7963,3.111,Grade A,0
4FGL J0209.3+4449,32.3439,44.8301,BLL,0.0008,0.3167,0.0161,0.87,0.8539,3.314,Grade A,0
4FGL J0219.0+2443,34.7734,24.7324,BLL,0.0024,0.3167,0.0161,0.8699,0.8538,2.517,Grade A,0
4FGL J0219.5+0724,34.8914,7.4064,BLL,0.5292,0.6184,0.1868,1.5432,1.3564,3.068,Grade A,0
4FGL J0224.0-7941,36.0056,-79.6934,BLL,0.1815,0.4332,0.0841,1.114,1.0299,2.511,Grade A,0
4FGL J0226.5-4441,36.6481,-44.6859,BLL,0.0027,0.4774,0.1092,1.2115,1.1023,3.427,Grade A,0
4FGL J0232.9+2608,38.2481,26.137,BLL,0.0138,0.4765,0.1087,1.2095,1.1008,2.31,Grade A,0
4FGL J0241.0-0505,40.2509,-5.0943,BLL,0.1632,0.6423,0.1996,1.6029,1.4033,3.712,Grade A,0
4FGL J0243.4+7119,40.8679,71.3249,BLL,0.3447,0.6094,0.182,1.5211,1.3391,2.722,Grade A,0
4FGL J0245.1-0257,41.2914,-2.955,BLL,0.0928,0.5833,0.1678,1.4575,1.2897,2.576,Grade A,0
4FGL J0258.1+2030,44.5422,20.5137,BLL,0.1248,0.58,0.166,1.4496,1.2836,4.366,Grade A,0
4FGL J0304.9-0606,46.2258,-6.1107,BLL,0.2578,0.6052,0.1797,1.5108,1.3311,3.306,Grade A,0
4FGL J0309.7-0745,47.4326,-7.7655,BLL,0.0052,0.3166,0.016,0.8697,0.8537,1.787,Grade A,0
4FGL J0310.6-5017,47.6544,-50.2901,BLL,0.0008,0.3167,0.0161,0.87,0.8539,2.474,Grade A,0
4FGL J0312.5-2221,48.1385,-22.3553,BLL,0.0005,0.4352,0.0853,1.1184,1.0332,3.131,Grade A,0
4FGL J0314.3-5103,48.5929,-51.055,BLL,0.0543,0.5872,0.17,1.4671,1.2972,2.723,Grade A,0
4FGL J0316.2-6437,49.0535,-64.6278,BLL,0.0004,0.4406,0.0883,1.1301,1.0418,3.374,Grade A,0
4FGL J0321.7-7500,50.4345,-75.0041,BLL,0.0045,0.1009,0.0,0.4627,0.4627,7.773,Grade A,0
4FGL J0322.0+2335,50.5021,23.5993,BLL,0.0009,0.3167,0.0161,0.87,0.8539,3.336,Grade A,0
4FGL J0328.8-5715,52.2211,-57.2591,BLL,0.0007,0.4775,0.1093,1.2119,1.1026,4.703,Grade A,0
4FGL J0331.3-6156,52.8438,-61.9365,BLL,0.0019,0.3167,0.0161,0.8699,0.8538,2.92,Grade A,0
4FGL J0333.7+2916,53.4468,29.2711,BLL,0.001,0.3167,0.0161,0.87,0.8539,2.998,Grade A,0
4FGL J0334.2-3725,53.5556,-37.4327,BLL,0.0356,0.3852,0.0564,1.0111,0.9548,3.635,Grade A,0
4FGL J0335.1-4459,53.7846,-44.9916,BLL,0.0058,0.3886,0.0583,1.0183,0.9599,3.375,Grade A,0
4FGL J0338.5+1302,54.6355,13.0419,BLL,0.0009,0.5928,0.173,1.4805,1.3076,3.83,Grade A,0
4FGL J0338.7-5706,54.6985,-57.1061,BLL,0.0007,0.2459,0.0,0.7303,0.7303,4.781,Grade A,0
4FGL J0343.2-6444,55.8163,-64.7349,BLL,0.0748,0.4375,0.0866,1.1234,1.0369,2.545,Grade A,0
4FGL J0348.6-1609,57.1532,-16.1654,BLL,0.3109,0.3581,0.0405,0.9545,0.914,3.069,Grade A,0
4FGL J0350.8-2814,57.71,-28.2494,BLL,0.0025,0.4931,0.118,1.247,1.129,4.809,Grade A,0
4FGL J0352.9-3623,58.2326,-36.391,BLL,0.0005,0.4775,0.1093,1.2119,1.1026,4.506,Grade A,0
4FGL J0354.7+8009,58.6919,80.1647,BLL,0.8668,1.0454,0.4014,2.7851,2.3838,3.879,Grade A,0
4FGL J0355.1-1841,58.7773,-18.6928,BLL,0.0112,0.4348,0.085,1.1176,1.0325,1.993,Grade A,0
4FGL J0359.4-2616,59.8713,-26.2734,BLL,0.6237,1.0407,0.3991,2.7688,2.3697,2.791,Grade A,0
4FGL J0409.8-0359,62.4629,-3.9865,BLL,0.0194,0.476,0.1084,1.2085,1.1001,3.601,Grade A,0
4FGL J0414.8-5338,63.7098,-53.6479,BLL,0.0018,0.4352,0.0852,1.1183,1.0331,3.753,Grade A,0
4FGL J0431.8+7403,67.9517,74.0552,BLL,0.0023,0.4405,0.0883,1.1299,1.0417,2.734,Grade A,0
4FGL J0433.1+3227,68.2897,32.4614,BLL,0.0031,0.4773,0.1091,1.2114,1.1023,3.419,Grade A,0
4FGL J0440.8+2749,70.2204,27.8319,BLL,0.0025,0.3889,0.0585,1.019,0.9604,3.436,Grade A,0
4FGL J0441.2-2953,70.3216,-29.896,BLL,0.6409,0.4274,0.0807,1.1013,1.0206,3.783,Grade A,0
4FGL J0502.5+1340,75.6341,13.6685,BLL,0.3999,0.5523,0.1509,1.3837,1.2328,3.193,Grade A,0
4FGL J0502.9+6533,75.7451,65.5609,BLL,0.0001,0.1673,0.0,0.5823,0.5823,4.127,Grade A,0
4FGL J0505.6-1558,76.4117,-15.9667,BLL,0.0688,0.472,0.1061,1.1996,1.0934,2.688,Grade A,0
4FGL J0506.0+6113,76.5121,61.2257,BLL,0.0061,0.4771,0.109,1.2109,1.1019,3.438,Grade A,0
4FGL J0506.7-0857,76.684,-8.9607,BLL,0.0356,0.4747,0.1077,1.2055,1.0979,2.602,Grade A,0
4FGL J0513.9-3746,78.4961,-37.7774,BLL,0.9445,1.3106,0.5209,3.8057,3.2847,2.48,Grade A,0
4FGL J0515.8+1527,78.953,15.4614,BLL,0.0048,0.4772,0.1091,1.2111,1.102,3.249,Grade A,0
4FGL J0532.0-4827,83.0022,-48.4607,BLL,0.2397,0.4584,0.0984,1.1693,1.0708,5.876,Grade A,0
4FGL J0540.5+5823,85.1481,58.3879,BLL,0.0006,0.3167,0.0161,0.87,0.8539,3.35,Grade A,0
4FGL J0553.5-2034,88.3909,-20.5777,BLL,0.0046,0.4772,0.1091,1.2111,1.1021,2.639,Grade A,0
4FGL J0556.2-4352,89.0749,-43.8696,BLL,0.0465,0.588,0.1704,1.4691,1.2987,2.659,Grade A,0
4FGL J0558.8-7459,89.7236,-74.992,BLL,0.0201,0.387,0.0574,1.0149,0.9575,2.874,Grade A,0
4FGL J0607.4+4739,91.8571,47.6635,BLL,0.0207,0.3252,0.0211,0.8871,0.866,2.962,Grade A,0
4FGL J0610.1-1848,92.5455,-18.8076,BLL,0.4834,0.544,0.1463,1.3643,1.218,2.162,Grade A,0
4FGL J0612.8+4122,93.2218,41.3717,BLL,0.0084,0.4769,0.1089,1.2105,1.1016,3.689,Grade A,0
4FGL J0615.3-3117,93.8394,-31.2853,BLL,0.0453,0.3847,0.0561,1.0102,0.9541,3.022,Grade A,0
4FGL J0617.2+5701,94.3162,57.0249,BLL,0.026,0.3864,0.0571,1.0137,0.9566,2.743,Grade A,0
4FGL J0625.3+4439,96.3288,44.6648,BLL,0.0719,0.5071,0.1258,1.2788,1.1529,2.852,Grade A,0
4FGL J0626.4-4259,96.6095,-42.9835,BLL,0.0042,0.4831,0.1124,1.2243,1.1119,3.22,Grade A,0
4FGL J0628.8-6250,97.2174,-62.8405,BLL,0.7544,1.8894,0.7519,7.2375,6.4856,3.416,Grade A,0
4FGL J0647.0-5138,101.7727,-51.6375,BLL,0.0003,0.1673,0.0,0.5823,0.5823,4.116,Grade A,0
4FGL J0647.7-6058,101.9314,-60.9781,BLL,0.9689,1.406,0.5617,4.2376,3.6759,2.974,Grade A,0
4FGL J0651.0+4013,102.7724,40.232,BLL,0.0043,0.3166,0.016,0.8698,0.8537,2.548,Grade A,0
4FGL J0651.4+6525,102.8619,65.4233,BLL,0.1,0.7465,0.2543,1.8745,1.6203,3.676,Grade A,0
4FGL J0652.1-4813,103.0402,-48.2211,BLL,0.0034,0.4405,0.0882,1.1298,1.0416,2.348,Grade A,0
4FGL J0700.5-6610,105.1293,-66.1803,BLL,0.0282,0.3158,0.0156,0.8682,0.8527,3.103,Grade A,0
4FGL J0703.2-3914,105.8237,-39.2479,BLL,0.0479,0.4386,0.0872,1.1258,1.0386,2.542,Grade A,0
4FGL J0706.5+3744,106.63,37.7383,BLL,0.0007,0.3891,0.0586,1.0194,0.9607,3.134,Grade A,0
4FGL J0706.8+7742,106.7249,77.7002,BLL,0.0346,0.4338,0.0844,1.1152,1.0308,3.255,Grade A,0
4FGL J0706.9+6109,106.7319,61.1595,BLL,0.553,0.434,0.0846,1.1158,1.0313,2.319,Grade A,0
4FGL J0709.1+2241,107.2769,22.6847,BLL,0.0192,0.3253,0.0212,0.8873,0.8661,2.972,Grade A,0
4FGL J0715.6-4528,108.9168,-45.4784,BLL,0.1116,0.436,0.0857,1.1202,1.0345,3.125,Grade A,0
4FGL J0718.6-4319,109.6719,-43.3287,BLL,0.0011,0.4775,0.1092,1.2118,1.1026,4.058,Grade A,0
4FGL J0723.7+2050,110.949,20.8373,BLL,0.0011,0.3167,0.0161,0.87,0.8539,2.871,Grade A,0
4FGL J0728.2+4827,112.0512,48.4594,BLL,0.075,0.3144,0.0147,0.8652,0.8505,3.005,Grade A,0
4FGL J0741.0+3226,115.2604,32.4389,BLL,0.0024,0.4774,0.1092,1.2115,1.1024,6.232,Grade A,0
4FGL J0743.1+1713,115.7753,17.2198,BLL,0.338,0.6091,0.1818,1.5203,1.3385,3.073,Grade A,0
4FGL J0746.3-0225,116.5985,-2.428,BLL,0.0023,0.326,0.0216,0.8887,0.8671,2.458,Grade A,0
4FGL J0746.6-4754,116.6694,-47.9155,BLL,0.012,0.4346,0.0849,1.117,1.0321,2.664,Grade A,0
4FGL J0747.5+0905,116.876,9.0911,BLL,0.0002,0.2255,0.0,0.6913,0.6913,3.994,Grade A,0
4FGL J0801.1+1335,120.2789,13.5853,BLL,0.1124,0.4685,0.1042,1.1917,1.0876,3.33,Grade A,0
4FGL J0803.0+2439,120.7508,24.6583,BLL,0.0156,0.367,0.0458,0.973,0.9272,5.067,Grade A,0
4FGL J0805.9+3834,121.4877,38.5725,BLL,0.0619,0.4873,0.1147,1.2338,1.1191,2.967,Grade A,0
4FGL J0807.1-0541,121.7798,-5.6842,BLL,0.1246,0.4675,0.1036,1.1896,1.0859,2.849,Grade A,0
4FGL J0811.0-7529,122.7513,-75.4982,BLL,0.0015,0.4775,0.1092,1.2117,1.1025,3.663,Grade A,0
4FGL J0812.8+6507,123.2171,65.1259,BLL,0.0053,0.2487,0.0,0.7357,0.7357,3.939,Grade A,0
4FGL J0814.2-1013,123.5509,-10.2172,BLL,0.016,0.3162,0.0158,0.869,0.8532,2.484,Grade A,0
4FGL J0817.8+3243,124.4684,32.7236,BLL,0.031,0.5095,0.1272,1.2844,1.1572,2.892,Grade A,0
4FGL J0817.8-0934,124.4734,-9.5777,BLL,0.0371,0.5094,0.1271,1.284,1.1569,3.285,Grade A,0
4FGL J0818.7+3153,124.6953,31.8862,BLL,0.2215,0.5701,0.1606,1.426,1.2654,3.336,Grade A,0
4FGL J0820.9-1258,125.244,-12.9747,BLL,0.2531,0.504,0.1241,1.2717,1.1476,3.434,Grade A,0
4FGL J0826.4-6404,126.6229,-64.0758,BLL,0.0003,0.3167,0.0161,0.87,0.8539,4.438,Grade A,0
4FGL J0829.7+5105,127.4324,51.0994,BLL,0.0457,0.5881,0.1704,1.4693,1.2988,3.209,Grade A,0
4FGL J0831.5+1747,127.8868,17.7884,BLL,0.0297,0.5096,0.1272,1.2845,1.1573,3.653,Grade A,0
4FGL J0834.6+4402,128.6666,44.05,BLL,0.2014,0.4614,0.1001,1.176,1.0758,2.248,Grade A,0
4FGL J0839.4+1803,129.8695,18.0606,BLL,0.128,0.3751,0.0505,0.9899,0.9394,2.379,Grade A,0
4FGL J0847.9-0702,131.9945,-7.0434,BLL,0.1383,0.3123,0.0135,0.8612,0.8477,3.796,Grade A,0
4FGL J0848.7+7017,132.1811,70.2953,BLL,0.0579,0.736,0.2489,1.8463,1.5974,4.564,Grade A,0
4FGL J0848.9+0205,132.2375,2.087,BLL,0.4395,0.6181,0.1867,1.5425,1.3559,2.464,Grade A,0
4FGL J0850.0+4855,132.5083,48.9217,BLL,0.3259,0.4168,0.0747,1.0785,1.0038,3.3,Grade A,0
4FGL J0851.5+5528,132.8805,55.4794,BLL,0.1736,0.506,0.1252,1.2763,1.151,2.353,Grade A,0
4FGL J0856.6-1105,134.1696,-11.0993,BLL,0.0386,0.5889,0.1708,1.4711,1.3002,3.554,Grade A,0
4FGL J0859.4+6218,134.8656,62.302,BLL,0.094,0.47,0.105,1.195,1.09,3.249,Grade A,0
4FGL J0901.2+6742,135.3164,67.7129,BLL,0.9822,1.3698,0.5464,4.069,3.5227,5.307,Grade A,0
4FGL J0905.6+1358,136.4017,13.975,BLL,0.0009,0.3167,0.0161,0.87,0.8539,2.904,Grade A,0
4FGL J0909.6+0159,137.4222,1.9917,BLL,0.1381,0.6276,0.1918,1.5661,1.3744,3.331,Grade A,0
4FGL J0928.5+4048,142.1451,40.814,BLL,0.0296,0.4752,0.1079,1.2066,1.0987,3.907,Grade A,0
4FGL J0928.7-3529,142.1945,-35.4924,BLL,0.2191,0.5742,0.1629,1.4358,1.2729,2.808,Grade A,0
4FGL J0929.3+5014,142.3265,50.2352,BLL,0.1914,0.5732,0.1623,1.4333,1.271,2.576,Grade A,0
4FGL J0929.6+4621,142.4036,46.3544,BLL,0.6961,0.6266,0.1912,1.5635,1.3723,3.638,Grade A,0
4FGL J0930.3+8612,142.5994,86.2021,BLL,0.2628,0.5659,0.1584,1.4161,1.2577,2.318,Grade A,0
4FGL J0930.7+3502,142.6813,35.0334,BLL,0.6537,0.9551,0.3584,2.487,2.1287,2.63,Grade A,0
4FGL J0935.3-1736,143.8272,-17.6076,BLL,0.0028,0.4773,0.1092,1.2115,1.1023,2.795,Grade A,0
4FGL J0941.9+2724,145.4936,27.4136,BLL,0.7586,0.9278,0.3451,2.4012,2.056,2.712,Grade A,0
4FGL J0942.3-0800,145.5856,-8.0076,BLL,0.3698,0.5552,0.1525,1.3907,1.2382,2.598,Grade A,0
4FGL J0953.0-0840,148.2628,-8.6695,BLL,0.0021,0.3889,0.0586,1.0191,0.9605,3.181,Grade A,0
4FGL J1018.1+1905,154.548,19.0963,BLL,0.1315,0.5991,0.1764,1.496,1.3196,2.916,Grade A,0
4FGL J1018.8+5913,154.7088,59.2301,BLL,0.0085,0.4348,0.085,1.1175,1.0325,2.538,Grade A,0
4FGL J1019.7+6321,154.9263,63.3527,BLL,0.1791,0.5775,0.1647,1.4437,1.279,3.696,Grade A,0
4FGL J1022.4-4231,155.6219,-42.5242,BLL,0.2062,0.6944,0.2272,1.736,1.5089,3.953,Grade A,0
4FGL J1027.0-8542,156.7645,-85.7163,BLL,0.0003,0.3683,0.0465,0.9758,0.9293,4.339,Grade A,0
4FGL J1030.6-2028,157.6631,-20.4787,BLL,0.0051,0.5931,0.1732,1.4814,1.3082,3.541,Grade A,0
4FGL J1032.7+6624,158.1829,66.4061,BLL,0.2094,0.6296,0.1928,1.571,1.3782,2.773,Grade A,0
4FGL J1036.5+1231,159.1479,12.5227,BLL,0.0125,0.4766,0.1087,1.2097,1.101,4.77,Grade A,0
4FGL J1038.5+3926,159.633,39.4384,BLL,0.0903,0.5081,0.1264,1.281,1.1546,3.6,Grade A,0
4FGL J1040.5+0617,160.1495,6.2848,BLL,0.57,0.6204,0.1879,1.5481,1.3603,3.79,Grade A,0
4FGL J1042.1-4128,160.5439,-41.4792,BLL,0.0007,0.3167,0.0161,0.87,0.8539,2.665,Grade A,0
4FGL J1043.6+0654,160.9008,6.9008,BLL,0.0199,0.5908,0.1719,1.4758,1.3039,2.844,Grade A,0
4FGL J1045.3+2751,161.3406,27.8515,BLL,0.0476,0.5879,0.1703,1.4688,1.2985,4.207,Grade A,0
4FGL J1047.7+7238,161.9388,72.642,BLL,0.0686,0.3146,0.0148,0.8656,0.8508,3.881,Grade A,0
4FGL J1052.9-3743,163.2357,-37.7234,BLL,0.01,0.3881,0.0581,1.0173,0.9592,1.943,Grade A,0
4FGL J1055.5-0125,163.8895,-1.4321,BLL,0.006,0.4771,0.109,1.2109,1.1019,2.66,Grade A,0
4FGL J1058.0+4305,164.5181,43.0938,BLL,0.7571,0.9274,0.3449,2.3997,2.0548,2.905,Grade A,0
4FGL J1059.2-1134,164.8063,-11.572,BLL,0.1042,0.4692,0.1045,1.1932,1.0887,3.179,Grade A,0
4FGL J1107.6+0222,166.9066,2.3684,BLL,0.0101,0.5101,0.1275,1.2856,1.1581,3.399,Grade A,0
4FGL J1110.2+7135,167.5623,71.5864,BLL,0.0029,0.4773,0.1091,1.2114,1.1023,2.996,Grade A,0
4FGL J1110.5-1836,167.6411,-18.6058,BLL,0.0154,0.5936,0.1734,1.4825,1.3091,3.396,Grade A,0
4FGL J1111.0+3542,167.7736,35.7156,BLL,0.0258,0.5906,0.1718,1.4752,1.3034,3.396,Grade A,0
4FGL J1113.8+1528,168.4575,15.4807,BLL,0.1311,0.4303,0.0824,1.1077,1.0253,2.936,Grade A,0
4FGL J1113.9+5523,168.4913,55.3964,BLL,0.0541,0.5872,0.17,1.4672,1.2972,3.047,Grade A,0
4FGL J1118.0+5356,169.509,53.9365,BLL,0.0012,0.4775,0.1092,1.2118,1.1025,3.562,Grade A,0
4FGL J1123.1-3233,170.7977,-32.5641,BLL,0.0044,0.2487,0.0,0.7357,0.7357,4.106,Grade A,0
4FGL J1123.8+7230,170.9588,72.5134,BLL,0.0019,0.4774,0.1092,1.2116,1.1024,4.591,Grade A,0
4FGL J1124.0+2045,171.0243,20.7554,BLL,0.0154,0.5099,0.1274,1.2853,1.1579,2.756,Grade A,0
4FGL J1124.9+2143,171.2425,21.7309,BLL,0.036,0.5891,0.171,1.4717,1.3007,3.279,Grade A,0
4FGL J1124.9+4934,171.2428,49.5674,BLL,0.0006,0.4775,0.1093,1.2119,1.1026,3.919,Grade A,0
4FGL J1125.1-2101,171.2884,-21.0274,BLL,0.0021,0.4774,0.1092,1.2116,1.1024,3.209,Grade A,0
4FGL J1128.8+3757,172.2042,37.9657,BLL,0.4337,0.7859,0.2745,1.9829,1.7085,3.83,Grade A,0
4FGL J1130.5-7801,172.6251,-78.0232,BLL,0.0001,0.2386,0.0,0.7162,0.7162,4.193,Grade A,0
4FGL J1135.1+3014,173.7884,30.2344,BLL,0.8748,1.2718,0.504,3.6409,3.1368,3.07,Grade A,0
4FGL J1141.5-1408,175.3866,-14.1457,BLL,0.0055,0.3886,0.0583,1.0183,0.9599,3.082,Grade A,0
4FGL J1149.2+6246,177.3205,62.7678,BLL,0.2582,0.4683,0.104,1.1912,1.0872,2.542,Grade A,0
4FGL J1151.3+0957,177.8373,9.9612,BLL,0.2664,0.6056,0.1799,1.5118,1.3319,3.614,Grade A,0
4FGL J1154.1-3243,178.5423,-32.7189,BLL,0.2216,0.7773,0.2701,1.9591,1.689,3.393,Grade A,0
4FGL J1155.5-3418,178.8781,-34.3122,BLL,0.0026,0.326,0.0216,0.8887,0.8671,2.928,Grade A,0
4FGL J1156.6-2248,179.1642,-22.8095,BLL,0.0146,0.4764,0.1086,1.2093,1.1007,3.117,Grade A,0
4FGL J1159.0+0939,179.7512,9.6603,BLL,0.0125,0.5935,0.1733,1.4822,1.3089,4.205,Grade A,0
4FGL J1159.5-0723,179.8983,-7.3906,BLL,0.0087,0.3676,0.0461,0.9743,0.9282,2.571,Grade A,0
4FGL J1201.7+1429,180.4471,14.4852,BLL,0.9173,1.0681,0.412,2.8634,2.4515,3.157,Grade A,0
4FGL J1203.7+5821,180.9378,58.3638,BLL,0.7361,0.6286,0.1923,1.5684,1.3762,3.242,Grade A,0
4FGL J1207.7-2229,181.9449,-22.4848,BLL,0.1065,0.4978,0.1207,1.2577,1.137,5.06,Grade A,0
4FGL J1213.7+6423,183.4374,64.3961,BLL,0.0325,0.5895,0.1712,1.4726,1.3014,3.268,Grade A,0
4FGL J1213.8-4345,183.466,-43.7566,BLL,0.1988,0.6023,0.1782,1.5039,1.3257,3.486,Grade A,0
4FGL J1218.5-0119,184.6388,-1.327,BLL,0.0836,0.4372,0.0864,1.1227,1.0363,2.602,Grade A,0
4FGL J1219.7+0444,184.9391,4.7468,BLL,0.025,0.4339,0.0845,1.1154,1.031,2.278,Grade A,0
4FGL J1220.1+3432,185.0462,34.5383,BLL,0.0449,0.4335,0.0842,1.1146,1.0303,2.657,Grade A,0
4FGL J1223.5+0818,185.8835,8.3017,BLL,0.062,0.6257,0.1907,1.5613,1.3705,3.714,Grade A,0
4FGL J1223.6-3032,185.9147,-30.5437,BLL,0.0007,0.3167,0.0161,0.87,0.8539,3.6,Grade A,0
4FGL J1223.8+8039,185.9707,80.6598,BLL,0.5342,0.862,0.3127,2.2014,1.8886,3.841,Grade A,0
4FGL J1226.0+5622,186.5197,56.3669,BLL,0.4914,0.8915,0.3274,2.2897,1.9623,4.194,Grade A,0
4FGL J1233.1+1703,188.2816,17.0579,BLL,0.004,0.4773,0.1091,1.2113,1.1022,6.994,Grade A,0
4FGL J1233.7-0144,188.4339,-1.7428,BLL,0.0542,0.5954,0.1744,1.487,1.3126,3.43,Grade A,0
4FGL J1238.1-4541,189.5453,-45.6861,BLL,0.0889,0.3224,0.0194,0.8814,0.8619,2.524,Grade A,0
4FGL J1238.3-1959,189.5936,-19.9945,BLL,0.0484,0.4386,0.0872,1.1258,1.0386,2.628,Grade A,0
4FGL J1245.8+0232,191.4748,2.5422,BLL,0.251,0.6049,0.1795,1.51,1.3305,5.396,Grade A,0
4FGL J1248.3+5820,192.0844,58.3432,BLL,0.0021,0.3097,0.0119,0.8559,0.844,3.288,Grade A,0
4FGL J1250.2+3157,192.5535,31.9582,BLL,0.0014,0.5102,0.1275,1.2858,1.1583,5.736,Grade A,0
4FGL J1253.2+5301,193.3067,53.0173,BLL,0.0267,0.4395,0.0877,1.1277,1.0401,3.356,Grade A,0
4FGL J1259.8-3749,194.9646,-37.8234,BLL,0.0113,0.4401,0.088,1.1291,1.0411,2.401,Grade A,0
4FGL J1304.3-4353,196.0883,-43.8957,BLL,0.0016,0.3167,0.0161,0.8699,0.8539,2.626,Grade A,0
4FGL J1305.6+7853,196.4126,78.8923,BLL,0.701,1.282,0.5085,3.6834,3.1749,4.192,Grade A,0
4FGL J1305.9+3858,196.4776,38.9759,BLL,0.0321,0.2575,0.0,0.7527,0.7527,5.059,Grade A,0
4FGL J1307.6-4259,196.9096,-42.995,BLL,0.0005,0.2075,0.0,0.6571,0.6571,3.505,Grade A,0
4FGL J1309.7+1153,197.4377,11.8969,BLL,0.1765,0.6013,0.1776,1.5012,1.3237,3.016,Grade A,0
4FGL J1311.8+3954,197.9598,39.901,BLL,0.0747,0.5851,0.1688,1.462,1.2932,3.032,Grade A,0
4FGL J1314.7+2348,198.6879,23.8124,BLL,0.0061,0.2487,0.0,0.7358,0.7358,3.048,Grade A,0
4FGL J1315.9-0732,198.9866,-7.546,BLL,0.0039,0.3166,0.016,0.8698,0.8538,3.047,Grade A,0
4FGL J1319.8+7759,199.9658,77.9882,BLL,0.0113,0.3164,0.0159,0.8693,0.8534,2.872,Grade A,0
4FGL J1328.5-4727,202.1342,-47.4613,BLL,0.002,0.38,0.0534,1.0003,0.9469,4.026,Grade A,0
4FGL J1330.2+7002,202.5727,70.0406,BLL,0.0021,0.4774,0.1092,1.2116,1.1024,4.33,Grade A,0
4FGL J1330.3+4441,202.5793,44.6877,BLL,0.004,0.5098,0.1274,1.2851,1.1577,3.925,Grade A,0
4FGL J1330.4+3157,202.6002,31.963,BLL,0.9893,1.1012,0.4273,2.9808,2.5534,3.26,Grade A,0
4FGL J1331.6+1711,202.9052,17.1837,BLL,0.3523,0.6097,0.1822,1.522,1.3398,1.41,Grade A,0
4FGL J1338.9+1153,204.7323,11.8956,BLL,0.0186,0.4761,0.1084,1.2086,1.1002,2.527,Grade A,0
4FGL J1345.6-3356,206.4085,-33.9453,BLL,0.0957,0.5079,0.1263,1.2807,1.1544,2.879,Grade A,0
4FGL J1347.1-2959,206.7789,-29.984,BLL,0.0026,0.3167,0.0161,0.8699,0.8538,2.579,Grade A,0
4FGL J1351.3+1115,207.8434,11.2502,BLL,0.0007,0.326,0.0216,0.8888,0.8672,2.709,Grade A,0
4FGL J1353.0-4413,208.2566,-44.226,BLL,0.2491,0.4814,0.1115,1.2207,1.1092,2.618,Grade A,0
4FGL J1353.7-3936,208.4386,-39.6157,BLL,0.0006,0.4352,0.0852,1.1184,1.0331,5.88,Grade A,0
4FGL J1406.1-2508,211.5445,-25.1386,BLL,0.0226,0.4757,0.1083,1.2079,1.0996,2.444,Grade A,0
4FGL J1407.6-4301,211.9194,-43.0234,BLL,0.4639,0.7665,0.2645,1.9292,1.6646,2.488,Grade A,0
4FGL J1410.1+0202,212.5287,2.0354,BLL,0.487,0.6163,0.1857,1.5381,1.3524,2.718,Grade A,0
4FGL J1411.5-0723,212.886,-7.3984,BLL,0.0108,0.3164,0.0159,0.8693,0.8534,3.293,Grade A,0
4FGL J1420.3+0612,215.0892,6.2004,BLL,0.3532,0.4495,0.0934,1.1496,1.0562,4.501,Grade A,0
4FGL J1423.1+3738,215.7921,37.6452,BLL,0.1707,0.5753,0.1635,1.4384,1.2749,3.892,Grade A,0
4FGL J1425.0+3615,216.252,36.257,BLL,0.0023,0.593,0.1731,1.481,1.308,4.084,Grade A,0
4FGL J1425.4-0119,216.3593,-1.3333,BLL,0.0604,0.6848,0.2221,1.7111,1.489,5.943,Grade A,0
4FGL J1426.1+3403,216.5394,34.0627,BLL,0.0404,0.4743,0.1074,1.2047,1.0972,2.326,Grade A,0
4FGL J1427.6-3305,216.913,-33.094,BLL,0.8361,0.7346,0.2481,1.8426,1.5944,2.508,Grade A,0
4FGL J1427.7-3215,216.9461,-32.2537,BLL,0.0316,0.4393,0.0876,1.1273,1.0397,3.397,Grade A,0
4FGL J1431.0-4458,217.7661,-44.98,BLL,0.9422,0.9853,0.3729,2.5842,2.2114,4.05,Grade A,0
4FGL J1431.1-3120,217.7962,-31.3468,BLL,0.0912,0.431,0.0828,1.1092,1.0264,3.047,Grade A,0
4FGL J1434.8+6640,218.7093,66.6767,BLL,0.0016,0.4405,0.0883,1.13,1.0417,4.094,Grade A,0
4FGL J1439.7+4958,219.9411,49.9775,BLL,0.7055,0.7069,0.2337,1.7688,1.5351,2.5,Grade A,0
4FGL J1440.0-1530,220.0072,-15.5154,BLL,0.7775,0.7158,0.2384,1.7925,1.5541,3.185,Grade A,0
4FGL J1445.9-1626,221.4978,-16.4498,BLL,0.9618,1.0884,0.4214,2.935,2.5136,2.456,Grade A,0
4FGL J1448.0+3608,222.0171,36.1344,BLL,0.0006,0.3891,0.0586,1.0194,0.9607,3.321,Grade A,0
4FGL J1454.4+5124,223.625,51.409,BLL,0.042,0.4389,0.0873,1.1264,1.039,3.32,Grade A,0
4FGL J1454.7+5237,223.6774,52.6194,BLL,0.2495,0.6523,0.2049,1.628,1.423,3.216,Grade A,0
4FGL J1455.8-7601,223.957,-76.0179,BLL,0.0068,0.4403,0.0882,1.1295,1.0414,2.644,Grade A,0
4FGL J1500.9+5528,225.2271,55.4724,BLL,0.2386,0.6965,0.2283,1.7417,1.5134,2.69,Grade A,0
4FGL J1505.0-3433,226.2581,-34.5546,BLL,0.895,1.2735,0.5048,3.6478,3.143,3.038,Grade A,0
4FGL J1507.3+3341,226.8351,33.6865,BLL,0.0167,0.5099,0.1274,1.2852,1.1578,3.72,Grade A,0
4FGL J1511.8-0513,227.9588,-5.2218,BLL,0.0002,0.3683,0.0466,0.9758,0.9293,4.43,Grade A,0
4FGL J1513.4-0753,228.3685,-7.8903,BLL,0.0009,0.4406,0.0883,1.13,1.0418,6.243,Grade A,0
4FGL J1514.8-0949,228.7157,-9.817,BLL,0.9907,1.4429,0.5772,4.4156,3.8384,5.396,Grade A,0
4FGL J1516.1+4351,229.0493,43.8527,BLL,0.7945,0.9388,0.3505,2.4355,2.085,4.199,Grade A,0
4FGL J1516.4-1523,229.1084,-15.3853,BLL,0.0029,0.4773,0.1091,1.2115,1.1023,5.03,Grade A,0
4FGL J1516.8+3651,229.2217,36.8505,BLL,0.4805,0.616,0.1855,1.5373,1.3518,2.441,Grade A,0
4FGL J1516.9+1934,229.2442,19.5805,BLL,0.9117,0.5032,0.1237,1.2699,1.1463,3.163,Grade A,0
4FGL J1518.0-2731,229.5124,-27.5313,BLL,0.0115,0.2463,0.0,0.7311,0.7311,2.857,Grade A,0
4FGL J1520.4+5546,230.123,55.7699,BLL,0.0882,0.4705,0.1053,1.1961,1.0908,2.463,Grade A,0
4FGL J1520.8-0348,230.2046,-3.8148,BLL,0.0004,0.4406,0.0883,1.1301,1.0418,3.776,Grade A,0
4FGL J1536.8-3155,234.2127,-31.9224,BLL,0.6546,0.9555,0.3585,2.4881,2.1296,3.288,Grade A,0
4FGL J1539.7-1127,234.9276,-11.4636,BLL,0.0014,0.3682,0.0465,0.9756,0.9291,2.899,Grade A,0
4FGL J1539.9+4220,234.9771,42.3381,BLL,0.4104,0.7062,0.2334,1.7671,1.5338,3.753,Grade A,0
4FGL J1540.1+8155,235.0474,81.9223,BLL,0.0001,0.3119,0.0132,0.8602,0.847,3.608,Grade A,0
4FGL J1541.9-2915,235.4996,-29.2522,BLL,0.0026,0.4774,0.1092,1.2115,1.1023,3.668,Grade A,0
4FGL J1544.7+5017,236.1828,50.2871,BLL,0.3073,0.6076,0.181,1.5166,1.3357,3.531,Grade A,0
4FGL J1546.1-1003,236.5414,-10.051,BLL,0.0084,0.4403,0.0881,1.1294,1.0413,3.396,Grade A,0
4FGL J1549.8-3044,237.4513,-30.7487,BLL,0.0046,0.5102,0.1276,1.2859,1.1583,3.095,Grade A,0
4FGL J1549.8-0659,237.4701,-6.9998,BLL,0.0024,0.4774,0.1092,1.2115,1.1024,3.578,Grade A,0
4FGL J1550.8-0822,237.7183,-8.37,BLL,0.0046,0.3887,0.0584,1.0185,0.9601,2.58,Grade A,0
4FGL J1553.5-3118,238.3923,-31.3113,BLL,0.0025,0.2566,0.0,0.7511,0.7511,2.141,Grade A,0
4FGL J1557.5-7040,239.3889,-70.6687,BLL,0.2316,0.7799,0.2714,1.9662,1.6948,4.736,Grade A,0
4FGL J1604.7+1734,241.1857,17.5717,BLL,0.0744,0.694,0.227,1.7351,1.5081,6.663,Grade A,0
4FGL J1605.1-1140,241.2876,-11.6713,BLL,0.4215,0.8305,0.297,2.1096,1.8125,3.889,Grade A,0
4FGL J1608.0-2038,242.023,-20.6418,BLL,0.044,0.3645,0.0443,0.9678,0.9235,4.678,Grade A,0
4FGL J1610.7-6648,242.6919,-66.8147,BLL,0.0002,0.3167,0.0161,0.87,0.8539,4.016,Grade A,0
4FGL J1612.4-3100,243.1001,-31.0011,BLL,0.0609,0.4727,0.1065,1.201,1.0945,2.822,Grade A,0
4FGL J1616.7+3327,244.1818,33.4621,BLL,0.4613,0.6772,0.2181,1.6916,1.4735,2.458,Grade A,0
4FGL J1624.6+5651,246.1715,56.8504,BLL,0.1161,0.3779,0.0521,0.9958,0.9437,3.482,Grade A,0
4FGL J1627.3+3148,246.8347,31.814,BLL,0.0079,0.592,0.1726,1.4788,1.3062,4.4,Grade A,0
4FGL J1640.2+0629,250.0546,6.4907,BLL,0.0049,0.4772,0.1091,1.2111,1.102,3.364,Grade A,0
4FGL J1641.9-0621,250.4892,-6.3529,BLL,0.7741,0.9326,0.3474,2.4159,2.0685,3.901,Grade A,0
4FGL J1642.3-8108,250.5855,-81.1375,BLL,0.7783,0.5157,0.1306,1.2985,1.1679,3.663,Grade A,0
4FGL J1643.0-7714,250.7719,-77.2488,BLL,0.131,0.0872,0.0,0.4387,0.4387,5.776,Grade A,0
4FGL J1647.4-6438,251.8705,-64.6454,BLL,0.2333,0.4589,0.0987,1.1704,1.0717,2.52,Grade A,0
4FGL J1649.4+5235,252.3637,52.5901,BLL,0.0352,0.3853,0.0565,1.0114,0.955,2.911,Grade A,0
4FGL J1651.6+7219,252.9107,72.3279,BLL,0.0008,0.326,0.0216,0.8888,0.8672,3.731,Grade A,0
4FGL J1701.3+3956,255.334,39.9406,BLL,0.1744,0.3188,0.0173,0.8742,0.8569,4.505,Grade A,0
4FGL J1702.2+2642,255.5583,26.7116,BLL,0.1532,0.5065,0.1255,1.2774,1.1519,2.417,Grade A,0
4FGL J1704.5-0527,256.1384,-5.462,BLL,0.0129,0.5915,0.1723,1.4775,1.3052,3.659,Grade A,0
4FGL J1736.0+2033,264.0186,20.5559,BLL,0.0007,0.4352,0.0852,1.1184,1.0332,4.655,Grade A,0
4FGL J1740.6+5346,265.1591,53.7701,BLL,0.1472,0.6012,0.1776,1.5011,1.3236,2.995,Grade A,0
4FGL J1741.2+5739,265.3226,57.6587,BLL,0.2596,0.4568,0.0975,1.1658,1.0682,3.664,Grade A,0
4FGL J1744.4+1851,266.1025,18.8636,BLL,0.0083,0.3883,0.0582,1.0177,0.9595,4.08,Grade A,0
4FGL J1744.6-5713,266.1555,-57.2321,BLL,0.0118,0.4401,0.088,1.1291,1.041,3.23,Grade A,0
4FGL J1745.4-0753,266.3636,-7.8894,BLL,0.0373,0.5946,0.174,1.4851,1.3111,5.566,Grade A,0
4FGL J1749.0+4321,267.2554,43.3616,BLL,0.1348,0.5993,0.1765,1.4964,1.3199,3.487,Grade A,0
4FGL J1754.2+3212,268.5532,32.2007,BLL,0.0108,0.3164,0.0159,0.8693,0.8534,3.451,Grade A,0
4FGL J1807.2+6429,271.8087,64.4988,BLL,0.0107,0.2489,0.0,0.7361,0.7361,3.571,Grade A,0
4FGL J1807.9+4650,271.9951,46.8378,BLL,0.0067,0.3165,0.016,0.8696,0.8536,3.627,Grade A,0
4FGL J1808.2+3500,272.0657,35.0104,BLL,0.1194,0.4205,0.0768,1.0865,1.0097,3.234,Grade A,0
4FGL J1810.7+5335,272.6779,53.5932,BLL,0.0041,0.4404,0.0882,1.1298,1.0415,2.524,Grade A,0
4FGL J1811.0+1608,272.75,16.1478,BLL,0.075,0.5851,0.1688,1.462,1.2932,3.56,Grade A,0
4FGL J1811.3+0340,272.826,3.6794,BLL,0.0003,0.2485,0.0,0.7354,0.7354,3.046,Grade A,0
4FGL J1813.6+0614,273.4084,6.2408,BLL,0.1502,0.6,0.1769,1.4982,1.3213,3.962,Grade A,0
4FGL J1819.1+2133,274.7765,21.5514,BLL,0.0193,0.476,0.1084,1.2085,1.1001,2.707,Grade A,0
4FGL J1820.3+3624,275.0963,36.4016,BLL,0.0023,0.3167,0.0161,0.8699,0.8538,2.468,Grade A,0
4FGL J1823.5+6858,275.8884,68.9676,BLL,0.1509,0.6001,0.1769,1.4983,1.3213,4.655,Grade A,0
4FGL J1829.3+5402,277.3306,54.0464,BLL,0.0012,0.4352,0.0852,1.1183,1.0331,2.619,Grade A,0
4FGL J1830.0-5225,277.5117,-52.4188,BLL,0.1069,0.598,0.1758,1.4931,1.3174,5.968,Grade A,0
4FGL J1830.0+1324,277.512,13.4138,BLL,0.0714,0.5855,0.169,1.4629,1.2939,3.783,Grade A,0
4FGL J1832.6-5658,278.1569,-56.9776,BLL,0.0732,0.5853,0.1689,1.4624,1.2935,2.999,Grade A,0
4FGL J1834.7-5858,278.6874,-58.9818,BLL,0.9229,0.7432,0.2526,1.8658,1.6132,2.642,Grade A,0
4FGL J1836.4+3137,279.1053,31.618,BLL,0.1362,0.3204,0.0183,0.8774,0.8591,4.059,Grade A,0
4FGL J1838.0-5959,279.5237,-59.991,BLL,0.0064,0.5922,0.1727,1.4791,1.3065,3.243,Grade A,0
4FGL J1841.3+2909,280.3441,29.1527,BLL,0.0002,0.2485,0.0,0.7354,0.7354,4.229,Grade A,0
4FGL J1841.8+3218,280.453,32.301,BLL,0.0016,0.4775,0.1092,1.2117,1.1025,4.139,Grade A,0
4FGL J1848.9+4247,282.2448,42.7877,BLL,0.0132,0.4401,0.088,1.1289,1.0409,2.46,Grade A,0
4FGL J1849.4+2745,282.3543,27.7542,BLL,0.3876,0.5535,0.1515,1.3865,1.235,3.009,Grade A,0
4FGL J1849.4-4313,282.3623,-43.2214,BLL,0.1059,0.4363,0.0858,1.1207,1.0348,3.091,Grade A,0
4FGL J1903.2+5540,285.8077,55.6773,BLL,0.0067,0.3884,0.0583,1.0179,0.9597,3.437,Grade A,0
4FGL J1913.9+4439,288.4915,44.6618,BLL,0.0012,0.4352,0.0852,1.1184,1.0331,3.295,Grade A,0
4FGL J1918.2-4111,289.5643,-41.1893,BLL,0.0234,0.594,0.1736,1.4835,1.3098,3.381,Grade A,0
4FGL J1921.8-1607,290.4633,-16.1231,BLL,0.0018,0.3682,0.0465,0.9755,0.9291,5.978,Grade A,0
4FGL J1925.8-2220,291.4665,-22.341,BLL,0.0511,0.5953,0.1743,1.4867,1.3123,4.908,Grade A,0
4FGL J1926.8+6154,291.7097,61.9146,BLL,0.0014,0.4351,0.0852,1.1182,1.033,2.838,Grade A,0
4FGL J1927.5+6117,291.8822,61.294,BLL,0.1358,0.4944,0.1188,1.25,1.1312,3.284,Grade A,0
4FGL J1934.3-2419,293.582,-24.326,BLL,0.0015,0.389,0.0586,1.0192,0.9606,4.041,Grade A,0
4FGL J1941.3-6210,295.3468,-62.1753,BLL,0.9767,1.7885,0.7143,6.4671,5.7528,4.367,Grade A,0
4FGL J1955.1-1604,298.7774,-16.0715,BLL,0.0043,0.3166,0.016,0.8698,0.8537,3.264,Grade A,0
4FGL J1959.7-4725,299.9475,-47.4326,BLL,0.0003,0.3167,0.0161,0.87,0.8539,3.345,Grade A,0
4FGL J2002.6+6302,300.6727,63.0493,BLL,0.0004,0.5929,0.173,1.4808,1.3078,5.704,Grade A,0
4FGL J2005.1+7003,301.2776,70.0624,BLL,0.0004,0.4775,0.1093,1.2119,1.1026,4.137,Grade A,0
4FGL J2010.0+7229,302.5159,72.4874,BLL,0.6768,0.9033,0.3331,2.3255,1.9924,2.917,Grade A,0
4FGL J2012.2-1646,303.0719,-16.7729,BLL,0.9989,2.0101,0.7956,8.3007,7.5051,5.075,Grade A,0
4FGL J2015.2-0137,303.8074,-1.6254,BLL,0.0887,0.4847,0.1133,1.2279,1.1146,3.797,Grade A,0
4FGL J2021.9+0629,305.492,6.4941,BLL,0.0079,0.3165,0.016,0.8695,0.8536,3.288,Grade A,0
4FGL J2022.3-4513,305.5911,-45.2228,BLL,0.0714,0.3812,0.0541,1.0028,0.9487,3.262,Grade A,0
4FGL J2023.8-4828,305.9727,-48.4726,BLL,0.0226,0.316,0.0157,0.8686,0.8529,3.395,Grade A,0
4FGL J2024.4-0847,306.1147,-8.7973,BLL,0.0161,0.4763,0.1085,1.2091,1.1005,2.583,Grade A,0
4FGL J2030.9+1935,307.7407,19.5988,BLL,0.0015,0.4405,0.0883,1.13,1.0417,2.581,Grade A,0
4FGL J2034.8-4200,308.7079,-42.0008,BLL,0.0028,0.3888,0.0585,1.0189,0.9604,2.685,Grade A,0
4FGL J2036.4+6553,309.1032,65.8834,BLL,0.0172,0.4762,0.1085,1.2089,1.1004,2.774,Grade A,0
4FGL J2039.0-1046,309.7581,-10.7731,BLL,0.0308,0.4393,0.0876,1.1274,1.0398,3.376,Grade A,0
4FGL J2041.8-7319,310.4607,-73.3254,BLL,0.0007,0.3891,0.0586,1.0194,0.9607,2.835,Grade A,0
4FGL J2046.6-1012,311.672,-10.2003,BLL,0.0057,0.3166,0.016,0.8697,0.8537,3.334,Grade A,0
4FGL J2048.6-6804,312.1624,-68.0728,BLL,0.026,0.3159,0.0156,0.8684,0.8528,2.762,Grade A,0
4FGL J2050.0+0408,312.5181,4.1401,BLL,0.261,0.5661,0.1585,1.4165,1.2581,2.666,Grade A,0
4FGL J2056.7-3209,314.178,-32.1612,BLL,0.8029,0.6319,0.194,1.5767,1.3827,3.424,Grade A,0
4FGL J2103.8-6233,315.9547,-62.5563,BLL,0.0034,0.3166,0.016,0.8698,0.8538,3.081,Grade A,0
4FGL J2104.3-0212,316.0787,-2.2088,BLL,0.0006,0.3178,0.0167,0.8721,0.8554,3.538,Grade A,0
4FGL J2108.9-6638,317.2438,-66.6414,BLL,0.0164,0.4762,0.1085,1.209,1.1005,3.466,Grade A,0
4FGL J2112.7+0819,318.1852,8.3195,BLL,0.0018,0.4932,0.1181,1.2472,1.1291,2.943,Grade A,0
4FGL J2115.2+1218,318.8169,12.3027,BLL,0.0122,0.4766,0.1087,1.2098,1.101,2.779,Grade A,0
4FGL J2127.7+3612,321.9311,36.2125,BLL,0.0039,0.3887,0.0585,1.0187,0.9602,2.633,Grade A,0
4FGL J2133.9+6646,323.4793,66.7776,BLL,0.0112,0.4799,0.1106,1.2173,1.1067,5.107,Grade A,0
4FGL J2134.5-2130,323.6414,-21.5029,BLL,0.0308,0.5893,0.1711,1.4722,1.3011,2.629,Grade A,0
4FGL J2139.4-4235,324.8546,-42.5895,BLL,0.0247,0.316,0.0156,0.8684,0.8528,3.932,Grade A,0
4FGL J2144.2+3132,326.0646,31.5457,BLL,0.0324,0.4393,0.0876,1.1272,1.0397,2.16,Grade A,0
4FGL J2148.0-0733,327.0197,-7.5612,BLL,0.0134,0.3879,0.0579,1.0168,0.9589,4.355,Grade A,0
4FGL J2149.6+0323,327.4236,3.3959,BLL,0.1136,0.4684,0.1041,1.1915,1.0874,2.472,Grade A,0
4FGL J2200.1+2138,330.0307,21.6382,BLL,0.2557,0.6051,0.1796,1.5105,1.3309,2.471,Grade A,0
4FGL J2211.4-7040,332.8558,-70.6795,BLL,0.0299,0.3248,0.0209,0.8864,0.8655,3.085,Grade A,0
4FGL J2212.6+2800,333.1688,28.0085,BLL,0.0795,0.5974,0.1755,1.4917,1.3163,3.319,Grade A,0
4FGL J2223.3+0102,335.8476,1.0476,BLL,0.047,0.588,0.1704,1.4689,1.2986,3.417,Grade A,0
4FGL J2234.1-2656,338.5425,-26.9375,BLL,0.1808,0.5742,0.1629,1.4359,1.273,2.815,Grade A,0
4FGL J2235.3+1818,338.8356,18.311,BLL,0.1194,0.5793,0.1656,1.4479,1.2823,3.72,Grade A,0
4FGL J2235.8-3627,338.9708,-36.4605,BLL,0.2078,0.6028,0.1784,1.5049,1.3265,3.141,Grade A,0
4FGL J2243.9+2021,340.9895,20.3565,BLL,0.0018,0.326,0.0216,0.8887,0.8671,2.921,Grade A,0
4FGL J2247.8+4413,341.974,44.2257,BLL,0.0002,0.2485,0.0,0.7354,0.7354,3.451,Grade A,0
4FGL J2251.5-4928,342.8789,-49.4691,BLL,0.0174,0.5911,0.172,1.4764,1.3043,3.552,Grade A,0
4FGL J2256.6-2011,344.1728,-20.1986,BLL,0.0838,0.5833,0.1678,1.4576,1.2898,3.946,Grade A,0
4FGL J2256.7+1307,344.1777,13.1207,BLL,0.0144,0.5914,0.1722,1.4771,1.3049,4.317,Grade A,0
4FGL J2258.3-3643,344.5757,-36.7277,BLL,0.0213,0.3665,0.0455,0.972,0.9265,2.434,Grade A,0
4FGL J2300.1+4053,345.0338,40.8983,BLL,0.0006,0.4352,0.0852,1.1184,1.0332,3.85,Grade A,0
4FGL J2300.3+3136,345.0879,31.6121,BLL,0.0021,0.4774,0.1092,1.2116,1.1024,3.301,Grade A,0
4FGL J2304.6+3704,346.1726,37.0826,BLL,0.0009,0.3167,0.0161,0.87,0.8539,2.899,Grade A,0
4FGL J2309.7-3632,347.4302,-36.5473,BLL,0.0024,0.3167,0.0161,0.8699,0.8538,3.157,Grade A,0
4FGL J2311.0+0205,347.7661,2.0995,BLL,0.2069,0.4322,0.0835,1.1117,1.0282,3.406,Grade A,0
4FGL J2317.4-4533,349.3565,-45.5623,BLL,0.0021,0.3889,0.0586,1.019,0.9605,3.42,Grade A,0
4FGL J2319.7+1609,349.9448,16.1637,BLL,0.0009,0.389,0.0586,1.0193,0.9607,4.704,Grade A,0
4FGL J2321.7-6438,350.4332,-64.6453,BLL,0.0971,0.4697,0.1049,1.1945,1.0896,3.785,Grade A,0
4FGL J2324.7+0801,351.1896,8.0282,BLL,0.0418,0.4742,0.1074,1.2044,1.097,2.887,Grade A,0
4FGL J2325.2+3957,351.3154,39.9542,BLL,0.2555,0.6976,0.2289,1.7446,1.5157,2.487,Grade A,0
4FGL J2325.6+1644,351.4248,16.746,BLL,0.0084,0.3882,0.0581,1.0175,0.9594,2.131,Grade A,0
4FGL J2327.4+0444,351.8522,4.7433,BLL,0.2872,0.5032,0.1236,1.2698,1.1462,3.313,Grade A,0
4FGL J2339.2-7403,354.8153,-74.0579,BLL,0.0003,0.2386,0.0,0.7162,0.7162,4.273,Grade A,0
4FGL J2343.9+0546,355.9906,5.7788,BLL,0.0261,0.3865,0.0572,1.014,0.9568,3.913,Grade A,0
4FGL J2346.7+8008,356.6867,80.1366,BLL,0.8436,0.954,0.3578,2.4836,2.1257,5.419,Grade A,0
4FGL J2351.3-7559,357.8326,-75.9865,BLL,0.0017,0.317,0.0162,0.8705,0.8543,2.252,Grade A,0
4FGL J2352.0+1750,358.0132,17.8394,BLL,0.0521,0.5255,0.1361,1.3212,1.1851,2.889,Grade A,0
4FGL J0858.0-3130,134.5063,-31.5076,BLL,0.002,0.4405,0.0883,1.1299,1.0417,3.466,Grade A,0
