Source_Name,Predicted_z,Lower_95,Upper_95,Interval_Width
4FGL J0001.2-0747,0.5301594443542614,0.14707467914986316,1.2974218921509055,1.1503472130010424
4FGL J0009.3+5030,0.3580333512381082,0.04754262121139985,0.930118942048807,0.8825763208374071
4FGL J0013.1-3955,0.8564287344943344,0.3211351571925525,2.120976709203712,1.7998415520111595
4FGL J0019.3-8152,0.3133394248068071,0.020747776929524342,0.8410726006939484,0.8203248237644241
4FGL J0019.6+2022,0.6404429038091273,0.20795176582123043,1.5553533361477565,1.347401570326526
4FGL J0021.5-2552,0.5255617983244658,0.14448901352844046,1.2870730958131462,1.1425840822847058
4FGL J0022.1-1854,0.5298553941585862,0.14690380478843879,1.2967365457221622,1.1498327409337235
4FGL J0022.5+0608,0.904642334109762,0.34537151299247815,2.259698872212167,1.914327359219689
4FGL J0023.9+1603,0.526493916323497,0.1450135410281863,1.2891686739106807,1.1441551328824944
4FGL J0029.0-7044,0.45585489275679825,0.10480415507945073,1.1339001556425594,1.0290960005631087
4FGL J0031.3+0726,0.4231310756824276,0.08585636158555654,1.064325163573045,0.9784688019874885
4FGL J0040.3+4050,0.2428017460865095,0.0,0.7053862971416123,0.7053862971416123
4FGL J0045.3+2128,0.31439673061658846,0.021386342731192443,0.8431510000443854,0.8217646573131929
4FGL J0056.4-2118,0.5320766911226615,0.1481517687045879,1.3017466230754118,1.1535948543708239
4FGL J0056.6-4452,0.6745527648545553,0.22634603848518808,1.6390918919517854,1.4127458534665973
4FGL J0058.0-3233,0.5209246505596055,0.14187718623727852,1.276666876718191,1.1347896904809125
4FGL J0058.3+1723,0.42328396085643205,0.08594536553344923,1.0646468648628367,0.9787014993293874
4FGL J0107.3-1210,0.412405125002717,0.07960078736140686,1.0418330665574733,0.9622322791960665
4FGL J0107.4+0334,0.5751586567851443,0.17217788208224616,1.4003810213801895,1.2282031392979433
4FGL J0112.8-7506,0.35905574534506934,0.04815084881125564,0.9321848138532463,0.8840339650419906
4FGL J0115.6+0356,0.7527960852409539,0.2677915916602902,1.8388052692936836,1.5710136776333934
4FGL J0116.0-2745,0.4239284405289141,0.08632050733398522,1.0660033227054755,0.9796828153714903
4FGL J0116.2-6153,0.5273477775935136,0.14549389092303566,1.2910894384857454,1.1455955475627098
4FGL J0120.4-2701,0.35917391308505353,0.04822113392146532,0.9324236706705991,0.8842025367491337
4FGL J0125.3-2548,0.866186713797247,0.3260696224293167,2.148655183546242,1.8225855611169253
4FGL J0127.1+3310,0.5899271256056509,0.18033681614085784,1.434846613092847,1.2545097969519892
4FGL J0127.2+0324,0.3127251919166034,0.020376702316256434,0.8398657895116868,0.8194890871954303
4FGL J0127.3-0148,0.49917246648466485,0.12957231679866177,1.2282707045464902,1.0986983877478285
4FGL J0129.7+3436,0.527343302120322,0.1454913735419876,1.2910793680900485,1.145587994548061
4FGL J0132.8-4413,0.3117192101031938,0.019768794561926484,0.8378902707713662,0.8181214762094398
4FGL J0134.5+2637,0.31432300151739057,0.02134182105454374,0.843006023407779,0.8216642023532352
4FGL J0136.5+3906,0.5096930389501901,0.13553461288409285,1.2515922223975653,1.1160576095134724
4FGL J0138.0+2247,0.2521705178874545,0.0,0.7230769875875187,0.7230769875875187
4FGL J0139.0+2601,0.4668486244520482,0.11112375341900127,1.1576022778200552,1.046478524401054
4FGL J0142.7-0543,0.3113332518803542,0.019535507625898063,0.8371326594744388,0.8175971518485408
4FGL J0143.7-5846,0.2521641166189599,0.0,0.7230648663314834,0.7230648663314834
4FGL J0144.6+2705,0.5534506492925213,0.16011385417674462,1.3503306453001462,1.1902167911234016
4FGL J0146.0-6746,0.3581786859732159,0.04762909437145324,0.9304125286812142,0.8827834343097609
4FGL J0153.0+7517,0.25215016584240346,0.0,0.7230384497078,0.7230384497078
4FGL J0155.0+4433,0.5124457642883209,0.13709125980166914,1.2577207250358868,1.1206294652342177
4FGL J0156.9-5301,0.5098461233806584,0.13562121800194915,1.25193275197473,1.116311533972781
4FGL J0158.5-3932,0.5938691924712372,0.18250803771789292,1.4441039350668188,1.2615958973489259
4FGL J0159.7-2740,0.5301405175818996,0.1470640429150738,1.2973792261438182,1.1503151832287444
4FGL J0202.7+4204,0.816065582269885,0.30056420882823165,2.0085615962472225,1.7079973874189909
4FGL J0203.6+7233,0.18673191093946606,0.0,0.6015524963044598,0.6015524963044598
4FGL J0208.3-6838,0.5004756601749518,0.13031199154513673,1.2311509222474255,1.1008389307022888
4FGL J0208.5-0046,0.7770652529835909,0.2804397451427183,1.9030156271019942,1.622575881959276
4FGL J0209.3+4449,0.16086089074929144,0.0,0.5547904197204121,0.5547904197204121
4FGL J0219.0+2443,0.42414973128058064,0.08644929874147733,1.0664692084280913,0.980019909686614
4FGL J0219.5+0724,0.476031537600178,0.11638484554110007,1.1775289544148961,1.061144108873796
4FGL J0224.0-7941,0.3085351576975146,0.017843325327548287,0.831645522450355,0.8138021971228067
4FGL J0226.5-4441,0.5278908483088418,0.14579933201215778,1.2923116371929115,1.1465123051807538
4FGL J0232.9+2608,0.5308481202159747,0.14746164794092742,1.298974711800382,1.1515130638594546
4FGL J0241.0-0505,0.5877410826039204,0.17913158588309486,1.4297235433418356,1.2505919574587407
4FGL J0243.4+7119,0.9437040029241115,0.36474469116413877,2.3758069171464937,2.011062225982355
4FGL J0245.1-0257,0.5094500483680591,0.1353971358309607,1.2510517702260158,1.115654634395055
4FGL J0258.1+2030,0.5204545091671107,0.14161216215296868,1.2756135930071908,1.1340014308542221
4FGL J0304.9-0606,0.5898447526648405,0.180291416978819,1.4346534334356633,1.2543620164568443
4FGL J0309.7-0745,0.3140047636998784,0.02114963881820664,0.8423803340285234,0.8212306952103168
4FGL J0310.6-5017,0.5097334856312425,0.13555749538325013,1.2516821909603393,1.1161246955770892
4FGL J0312.5-2221,0.5276753999663608,0.14567816317429494,1.2918267115185404,1.1461485483442455
4FGL J0314.3-5103,0.5876254464124568,0.17906780844036274,1.4294527541252982,1.2503849456849354
4FGL J0316.2-6437,0.5310903244879941,0.1475977224381182,1.2995209982844909,1.1519232758463727
4FGL J0321.7-7500,0.08656507923963264,0.0,0.42434868047110563,0.42434868047110563
4FGL J0322.0+2335,0.2521717722933785,0.0,0.723079362899592,0.723079362899592
4FGL J0328.8-5715,0.5094385677280229,0.13539064014506308,1.251026237454885,1.115635597309822
4FGL J0331.3-6156,0.3137634561892504,0.021003900581144874,0.8419059790431325,0.8209020784619876
4FGL J0333.7+2916,0.5275691885649116,0.14561842639693512,1.2915876787621827,1.1459692523652476
4FGL J0334.2-3725,0.3065631907827522,0.016649787695213636,0.8277840750146985,0.8111342873194849
4FGL J0335.1-4459,0.5316962811622825,0.14793811201728113,1.300888100481318,1.1529499884640368
4FGL J0338.5+1302,0.5278335173034132,0.14576708970553787,1.292182591336454,1.146415501630916
4FGL J0338.7-5706,0.25080577346081645,0.0,0.7204938010271287,0.7204938010271287
4FGL J0343.2-6444,0.5276257237054622,0.14565022387365256,1.2917149111542687,1.1460646872806162
4FGL J0348.6-1609,0.20410512793314717,0.0,0.6333567678360779,0.6333567678360779
4FGL J0350.8-2814,0.3591674488105234,0.048217289101337935,0.9324106037408171,0.8841933146394791
4FGL J0352.9-3623,0.31393513150803587,0.021107585517184946,0.8422434459867709,0.821135860469586
4FGL J0354.7+8009,0.7906845428106333,0.2874953919335981,1.9395381250181116,1.6520427330845135
4FGL J0355.1-1841,0.2514377648171624,0.0,0.7216897702839573,0.7216897702839573
4FGL J0359.4-2616,1.5275882541269876,0.6289557593887434,4.637680795906003,4.0087250365172595
4FGL J0409.8-0359,0.5342466284427936,0.1493700025575535,1.3066479122854044,1.157277909727851
4FGL J0414.8-5338,0.2521723430567233,0.0,0.7230804436835556,0.7230804436835556
4FGL J0431.8+7403,0.5312168441737783,0.14766879907124886,1.2998063951846643,1.1521375961134155
4FGL J0433.1+3227,0.3593939740852965,0.04835201677599743,0.9328685347874686,0.8845165180114711
4FGL J0440.8+2749,0.3592924285007295,0.04829162301776058,0.9326632478527268,0.8843716248349662
4FGL J0441.2-2953,0.49770181738402486,0.12873721582077313,1.2250233132393014,1.0962860974185282
4FGL J0502.5+1340,0.4689579688896086,0.1123336558361896,1.1621690976954997,1.04983544185931
4FGL J0502.9+6533,0.1586982715850811,0.0,0.5509134810144525,0.5509134810144525
4FGL J0505.6-1558,0.35890219716710514,0.0480595155571375,0.9318744674169328,0.8838149518597953
4FGL J0506.0+6113,0.35919552026530743,0.04823398537581003,0.9324673479564682,0.8842333625806582
4FGL J0506.7-0857,0.532921044892916,0.14862590375372586,1.3036529558881664,1.1550270521344406
4FGL J0513.9-3746,1.2576982234577598,0.5124356663296834,3.450916326460219,2.9384806601305358
4FGL J0515.8+1527,0.7491000013098055,0.2658568265590997,1.829122865255902,1.5632660386968023
4FGL J0532.0-4827,0.23935062520594252,0.0,0.6988946732470049,0.6988946732470049
4FGL J0540.5+5823,0.257074073150261,0.0,0.7323759299078576,0.7323759299078576
4FGL J0553.5-2034,0.5865910488759147,0.17849719530849195,1.4270314001704545,1.2485342048619625
4FGL J0556.2-4352,0.5329295014773474,0.14863065176813284,1.3036720540129982,1.1550414022448654
4FGL J0558.8-7459,0.5077454160812582,0.13443239566140397,1.2472627817019326,1.1128303860405286
4FGL J0607.4+4739,0.3110882136047499,0.01938738188020528,0.8366517578133701,0.8172643759331648
4FGL J0610.1-1848,0.5941379588836766,0.18265596863311018,1.4447359801385384,1.2620800115054283
4FGL J0612.8+4122,0.5300682944444055,0.14702345523909122,1.297216420737898,1.1501929654988068
4FGL J0615.3-3117,0.5082963415100934,0.134744252114819,1.2484868970530751,1.1137426449382561
4FGL J0617.2+5701,0.5340516693329196,0.1492605850698534,1.3062072681307986,1.1569466830609452
4FGL J0625.3+4439,0.7488570166347712,0.26572955380313723,1.82848721830366,1.5627576645005228
4FGL J0626.4-4259,0.31439591603891626,0.021385850850569543,0.843149398270217,0.8217635474196474
4FGL J0628.8-6250,0.8944598032599338,0.3402829444899951,2.2299866512359956,1.8897037067460005
4FGL J0647.0-5138,0.2521146173377238,0.0,0.7229711375043235,0.7229711375043235
4FGL J0647.7-6058,1.2066900770326527,0.4893728337085088,3.2569269545867225,2.7675541208782137
4FGL J0651.0+4013,0.35831616964515667,0.04771089230860537,0.9306902799676668,0.8829793876590615
4FGL J0651.4+6525,0.5942749793434474,0.182731380698389,1.4450582483442083,1.2623268676458193
4FGL J0652.1-4813,0.42149362337227814,0.08490281468609573,1.0608815850738873,0.9759787703877916
4FGL J0700.5-6610,0.2521331755646661,0.0,0.7230062779071349,0.7230062779071349
4FGL J0703.2-3914,0.5291859413051256,0.14652751642001394,1.295228042158397,1.148700525738383
4FGL J0706.5+3744,0.5866457915106833,0.1785273982296518,1.4271595017322247,1.248632103502573
4FGL J0706.8+7742,0.5296986256962382,0.14681569522255145,1.296383234047457,1.1495675388249056
4FGL J0706.9+6109,0.08071865769373776,0.0,0.4143190383042097,0.4143190383042097
4FGL J0709.1+2241,0.3583044374969553,0.04770391224187054,0.9306665771793088,0.8829626649374382
4FGL J0715.6-4528,0.24225695271389913,0.0,0.7043606386267545,0.7043606386267545
4FGL J0718.6-4319,0.5300372781725151,0.14700602454164335,1.2971465062190441,1.1501404816774008
4FGL J0723.7+2050,0.25218587806091164,0.0,0.723106073355791,0.723106073355791
4FGL J0728.2+4827,0.35182946169306684,0.04384740010363575,0.9176112735802759,0.8737638734766402
4FGL J0741.0+3226,0.42436907909644717,0.08657694999288612,1.0669310681146285,0.9803541181217423
4FGL J0743.1+1713,0.6086592857678108,0.1906295127187767,1.4790549662403332,1.2884254535215565
4FGL J0746.3-0225,0.5277748981717458,0.1457341223456845,1.2920506510574867,1.1463165287118022
4FGL J0746.6-4754,0.5271704120150809,0.1453941228397575,1.2906903654970452,1.1452962426572877
4FGL J0747.5+0905,0.35869938168724413,0.04793886997714347,0.9314645888833741,0.8835257189062307
4FGL J0801.1+1335,0.525145801776814,0.14425486957057054,1.286138269137712,1.1418833995671414
4FGL J0803.0+2439,0.3572031548153125,0.047048578956403464,0.928442392842364,0.8813938138859605
4FGL J0805.9+3834,0.5082216378855384,0.13470196874135043,1.2483208854340573,1.1136189166927069
4FGL J0807.1-0541,0.6607335530260756,0.21891803646599528,1.6049305332233708,1.3860124967573755
4FGL J0811.0-7529,0.3586936988902236,0.04793548942450365,0.9314531050171859,0.8835176155926823
4FGL J0812.8+6507,0.3083726991484923,0.017745027114498546,0.8313272250575299,0.8135821979430313
4FGL J0814.2-1013,0.5320717491976641,0.14814899325023712,1.3017354685919256,1.1535864753416885
4FGL J0817.8+3243,0.4206724250332219,0.08442440571542309,1.0591559400194308,0.9747315343040077
4FGL J0817.8-0934,0.5870126166895295,0.1787297712952427,1.4280180189252842,1.2492882476300415
4FGL J0818.7+3153,0.42415992806424274,0.08645523304958869,1.0664906773966552,0.9800354443470665
4FGL J0820.9-1258,0.7431036831954247,0.26271316271778655,1.8134683133420895,1.550755150624303
4FGL J0826.4-6404,0.3143186885805751,0.02133921663211069,0.8429975429008192,0.8216583262687085
4FGL J0829.7+5105,0.7326750266851638,0.25723155431516,1.7863992394236399,1.52916768510848
4FGL J0831.5+1747,0.5274347491806988,0.145542810297292,1.2912851417069469,1.1457423314096549
4FGL J0834.6+4402,0.4102858960304907,0.07836216399282425,1.0374070862194835,0.9590449222266593
4FGL J0839.4+1803,0.25012496710263066,0.0,0.7192059627828642,0.7192059627828642
4FGL J0847.9-0702,0.3390901723359261,0.036235223824849117,0.8920776180658696,0.8558423942410205
4FGL J0848.7+7017,1.3682337869909533,0.5612515735795882,3.90197391250169,3.340722338922102
4FGL J0848.9+0205,0.4870854625699792,0.12269676357607939,1.2016725312136258,1.0789757676375464
4FGL J0850.0+4855,0.25280548161440786,0.0,0.7242795680990819,0.7242795680990819
4FGL J0851.5+5528,0.5209390662474167,0.14188531188027365,1.2766991780920516,1.134813866211778
4FGL J0856.6-1105,0.40131136261958233,0.07310710272787602,1.0187292756661974,0.9456221729383214
4FGL J0859.4+6218,0.41951638946250314,0.08375070732113388,1.0567281955466994,0.9729774882255655
4FGL J0901.2+6742,2.06399713373982,0.8361182975206878,8.249418294518398,7.41329999699771
4FGL J0905.6+1358,0.7942013960191621,0.2893124458947094,1.9490271553603313,1.659714709465622
4FGL J0909.6+0159,0.8823298717275749,0.3342002677763729,2.1948845497953284,1.8606842820189555
4FGL J0928.5+4048,0.358917908583011,0.04806886121043652,0.9319062214465925,0.883837360236156
4FGL J0928.7-3529,0.5293057929676368,0.1465948891144102,1.2954980598398151,1.148903170725405
4FGL J0929.3+5014,0.5171130914479296,0.13972738956622832,1.2681369408572012,1.1284095512909729
4FGL J0929.6+4621,0.5063500103460554,0.13364226077097308,1.2441642560767878,1.1105219953058147
4FGL J0930.3+8612,0.5686083019823955,0.16854655346633063,1.3852024310862308,1.2166558776199001
4FGL J0930.7+3502,0.8205103849807387,0.3028421967378214,2.020779755176672,1.7179375584388505
4FGL J0935.3-1736,0.4238746455144431,0.08628919715528749,1.0658900773673339,0.9796008802120464
4FGL J0941.9+2724,1.1346192201867358,0.4561895570414354,2.9966193179806297,2.5404297609391944
4FGL J0942.3-0800,0.4798345713209826,0.11855901908507072,1.1858159843263625,1.0672569652412918
4FGL J0953.0-0840,0.5243840295494064,0.14382602282019263,1.2844270754328093,1.1406010526126167
4FGL J1018.1+1905,0.5231415135266624,0.14312630723892728,1.2816378003016444,1.1385114930627172
4FGL J1018.8+5913,0.313864779981045,0.021065096775851444,0.8421051497478118,0.8210400529719604
4FGL J1019.7+6321,0.7764059904107186,0.28009743876428495,1.901256697951085,1.6211592591868
4FGL J1022.4-4231,0.7532743830559834,0.2680417981392562,1.8400600858664244,1.5720182877271682
4FGL J1027.0-8542,0.5302456015688874,0.1471230958894194,1.297616120244725,1.1504930243553055
4FGL J1030.6-2028,0.5885797813251905,0.17959408629901774,1.4316881789597686,1.252094092660751
4FGL J1032.7+6624,0.5255433894379011,0.14447865274784966,1.2870317220155196,1.14255306926767
4FGL J1036.5+1231,0.25696618223422596,0.0,0.7321710339784602,0.7321710339784602
4FGL J1038.5+3926,0.528782348725896,0.14630062387480036,1.2943189312979952,1.1480183074231949
4FGL J1040.5+0617,0.6067301038041122,0.18957236980322745,1.4744763351500518,1.2849039653468244
4FGL J1042.1-4128,0.3143893234451831,0.02138186992487423,0.8431364347152772,0.821754564790403
4FGL J1043.6+0654,0.7354286936798018,0.2586807211363089,1.7935275042163696,1.5348467830800607
4FGL J1045.3+2751,0.586181806926944,0.17827138900273876,1.4260738939591953,1.2478025049564565
4FGL J1047.7+7238,0.3509903339280318,0.04334699730874747,0.9159231951843156,0.8725761978755682
4FGL J1052.9-3743,0.42375926486538384,0.08622204055086291,1.0656471994579282,0.9794251589070653
4FGL J1055.5-0125,0.314307994803404,0.021332759040628035,0.8429765158746649,0.8216437568340369
4FGL J1058.0+4305,0.6209341941518409,0.19734044880688084,1.5083274239858522,1.3109869751789713
4FGL J1059.2-1134,0.34682490841787983,0.04086090381133589,0.9075565470045639,0.866695643193228
4FGL J1107.6+0222,0.7498997689368689,0.2662756672395463,1.83121582460224,1.5649401573626938
4FGL J1110.2+7135,0.5862448276250505,0.17830616371203134,1.4262213268791406,1.2479151631671093
4FGL J1110.5-1836,0.5309446629544581,0.14751588859296927,1.2991924514573485,1.1516765628643792
4FGL J1111.0+3542,0.5092025218211358,0.1352570811820164,1.2505013171917492,1.1152442360097328
4FGL J1113.8+1528,0.4880863520326293,0.12326714790293303,1.2038671555561997,1.0806000076532667
4FGL J1113.9+5523,0.5867812249361688,0.17860211803406534,1.427476445464222,1.2488743274301566
4FGL J1118.0+5356,0.3144342864402645,0.021409020570715143,0.8432248501592896,0.8218158295885745
4FGL J1123.1-3233,0.2515548989530816,0.0,0.7219114827120914,0.7219114827120914
4FGL J1123.8+7230,0.5273020415813496,0.1454681649845877,1.2909865279109871,1.1455183629263994
4FGL J1124.0+2045,0.5888684001606035,0.1797532160810833,1.4323645176848419,1.2526113016037586
4FGL J1124.9+2143,0.5861224063650121,0.17823861122759266,1.4259349357968123,1.2476963245692196
4FGL J1124.9+4934,0.586270196622815,0.1783201620793402,1.4262806777891353,1.247960515709795
4FGL J1125.1-2101,0.5864220580875459,0.17840395535734888,1.426635979543716,1.2482320241863671
4FGL J1128.8+3757,0.6175969234214103,0.19551852710787165,1.5003449062785017,1.30482637917063
4FGL J1130.5-7801,0.15638826404892958,0.0,0.5467777256422366,0.5467777256422366
4FGL J1135.1+3014,1.0931009532477103,0.436748172457452,2.8535068267420898,2.4167586542846378
4FGL J1141.5-1408,0.4239667214017482,0.08634278751375835,1.0660839111547147,0.9797411236409563
4FGL J1149.2+6246,0.35226078476609435,0.04410455887115061,0.9184793101536999,0.8743747512825493
4FGL J1151.3+0957,0.4693981130965441,0.11258601252264455,1.1631228090990962,1.0505367965764516
4FGL J1154.1-3243,0.926048486274976,0.35601699473668313,2.322904136841948,1.9668871421052647
4FGL J1155.5-3418,0.1802236064874585,0.0,0.5897217203568303,0.5897217203568303
4FGL J1156.6-2248,0.35885914064717084,0.04803390390694262,0.9317874483291055,0.8837535444221629
4FGL J1159.0+0939,0.5874001379555098,0.17894353600301982,1.4289252016961735,1.2499816656931537
4FGL J1159.5-0723,0.35905125549155636,0.04814817823158246,0.9321757386919245,0.884027560460342
4FGL J1201.7+1429,0.8597050925083689,0.3227936299204215,2.1302479584829577,1.8074543285625362
4FGL J1203.7+5821,0.4906052855034677,0.12470179919557944,1.2093966446975024,1.084694845501923
4FGL J1207.7-2229,0.25033660713358286,0.0,0.7196062524367726,0.7196062524367726
4FGL J1213.7+6423,0.5253284009769861,0.14435764959035247,1.2865485743896299,1.1421909247992774
4FGL J1213.8-4345,0.3553168819510173,0.04592556173207463,0.9246363457146984,0.8787107839826238
4FGL J1218.5-0119,0.5264869255572391,0.14500960773456129,1.2891529525829784,1.144143344848417
4FGL J1219.7+0444,0.2512807903330547,0.0,0.7213926721805319,0.7213926721805319
4FGL J1220.1+3432,0.5341564475494871,0.14931939093062008,1.3064440795447068,1.1571246886140867
4FGL J1223.5+0818,0.8060502496582278,0.29541967170434913,1.981174229005929,1.68575455730158
4FGL J1223.6-3032,0.4242083952132232,0.08648343960917915,1.066592725166263,0.9801092855570839
4FGL J1223.8+8039,1.407094936192565,0.5780469857619854,4.0714469970190414,3.493400011257056
4FGL J1226.0+5622,0.8666218561960413,0.32628931964877417,2.1498940971364364,1.8236047774876623
4FGL J1233.1+1703,0.5301098825495658,0.14704682687671666,1.2973101677088357,1.150263340832119
4FGL J1233.7-0144,0.42030090880415605,0.08420792693362156,1.0583755399066863,0.9741676129730648
4FGL J1238.1-4541,0.3535904039851283,0.04489705483758222,0.9211566250604595,0.8762595702228773
4FGL J1238.3-1959,0.5869488759281098,0.1786946080069638,1.4278688250291012,1.2491742170221374
4FGL J1245.8+0232,0.6240320263177224,0.19902989972349583,1.5157533427915832,1.3167234430680874
4FGL J1248.3+5820,0.25216942805249287,0.0,0.7230749239044079,0.7230749239044079
4FGL J1250.2+3157,0.5923648468792433,0.181679797582307,1.440568336064695,1.258888538482388
4FGL J1253.2+5301,0.5006395819275598,0.130405008827025,1.2315133819086683,1.1011083730816433
4FGL J1259.8-3749,0.35894928359838096,0.0480875239263614,0.9319696337915133,0.8838821098651519
4FGL J1304.3-4353,0.3585622072760559,0.047857266572881585,0.9311873964528847,0.8833301298800031
4FGL J1305.6+7853,0.6414996626049609,0.20852466614299314,1.5579184793404761,1.349393813197483
4FGL J1305.9+3858,0.30875748124033575,0.017977837051055046,0.8320811617179915,0.8141033246669365
4FGL J1307.6-4259,0.25204447959013065,0.0,0.7228383337048281,0.7228383337048281
4FGL J1309.7+1153,0.8552935127087877,0.3205601209245843,2.117769521753743,1.7972094008291586
4FGL J1311.8+3954,0.5916178557036407,0.18126838035111104,1.4388140365404687,1.2575456561893577
4FGL J1314.7+2348,0.25102919727502315,0.0,0.720916552435237,0.720916552435237
4FGL J1315.9-0732,0.5323119639411034,0.14828389602598735,1.302277702259493,1.1539938062335056
4FGL J1319.8+7759,0.3588570513308582,0.048032661092955564,0.9317832257896801,0.8837505646967245
4FGL J1328.5-4727,0.25707217591024145,0.0,0.7323723267393554,0.7323723267393554
4FGL J1330.2+7002,0.5278282285437492,0.14576411533665667,1.292170687157884,1.1464065718212273
4FGL J1330.3+4441,0.3585032055343573,0.047822165988567145,0.9310681771273053,0.8832460111387381
4FGL J1330.4+3157,1.631577038712701,0.6715240292460289,5.182604958926557,4.511080929680528
4FGL J1331.6+1711,0.4908773131965005,0.12485666057721523,1.2099943311408086,1.0851376705635933
4FGL J1338.9+1153,0.5318797401545636,0.14804115480629054,1.3013021104583191,1.1532609556520286
4FGL J1345.6-3356,0.5234353091239154,0.14329178220944705,1.2822971258393987,1.1390053436299516
4FGL J1347.1-2959,0.3593541731697689,0.048328345614923496,0.9327880707816705,0.884459725166747
4FGL J1351.3+1115,0.25213907044839545,0.0,0.7230174400785396,0.7230174400785396
4FGL J1353.0-4413,0.40156219332546406,0.07325419144000533,1.0192498728664994,0.945995681426494
4FGL J1353.7-3936,0.25208462040441426,0.0,0.7229143384926826,0.7229143384926826
4FGL J1406.1-2508,0.586618798403433,0.17851250550433884,1.4270963354040633,1.2485838298997245
4FGL J1407.6-4301,0.6470774363005758,0.21154532206451981,1.57148840109573,1.3599430790312101
4FGL J1410.1+0202,0.8539072720859833,0.3198576582351338,2.1138567850087875,1.7939991267736537
4FGL J1411.5-0723,0.358542782084907,0.04784571045610453,0.9311481452959411,0.8833024348398366
4FGL J1420.3+0612,0.3694844400630648,0.054342996258312626,0.9533323801507321,0.8989893838924194
4FGL J1423.1+3738,0.7973106434393751,0.2909172333462666,1.957436363973689,1.6665191306274223
4FGL J1425.0+3615,0.5309176921053955,0.14750073572065614,1.2991316208093378,1.1516308850886816
4FGL J1425.4-0119,1.3656154673416485,0.5601132048880337,3.890769164280738,3.330655959392704
4FGL J1426.1+3403,0.5325020805502465,0.14839065655546935,1.3027069106132805,1.1543162540578111
4FGL J1427.6-3305,0.9794745060970342,0.38228323210229864,2.4851897155428935,2.102906483440595
4FGL J1427.7-3215,0.2512105289643398,0.0,0.721259700919044,0.721259700919044
4FGL J1431.0-4458,1.0274567818732505,0.40551117050724916,2.636725888981873,2.2312147184746243
4FGL J1431.1-3120,0.42276414730996015,0.08564273131584521,1.0635531992030671,0.9779104678872219
4FGL J1434.8+6640,0.34730771939026295,0.041149243800438606,0.9085252140305835,0.8673759702301449
4FGL J1439.7+4958,1.1001497267624725,0.44006586496673616,2.877466301189527,2.437400436222791
4FGL J1440.0-1530,0.7079247101441071,0.24414929688550102,1.722942645624348,1.478793348738847
4FGL J1445.9-1626,1.204942765847358,0.4885766629404098,3.2504292407208624,2.7618525777804526
4FGL J1448.0+3608,0.4242834621177187,0.08652712560286102,1.0667507850076872,0.9802236594048261
4FGL J1454.4+5124,0.8030655458111307,0.2938834088385136,1.9730506097256302,1.6791672008871166
4FGL J1454.7+5237,0.7754291869911527,0.2795901263428464,1.8986520811701308,1.6190619548272844
4FGL J1455.8-7601,0.5274922972489906,0.1455751789016302,1.2914146423358814,1.1458394634342512
4FGL J1500.9+5528,0.8189525303182497,0.3020441470386408,2.0164929495797135,1.7144488025410727
4FGL J1505.0-3433,1.7363786789387539,0.7132010582013628,5.793924081227017,5.080723023025654
4FGL J1507.3+3341,0.591772334731439,0.18135347029026616,1.4391767567314417,1.2578232864411756
4FGL J1511.8-0513,0.4242488908777091,0.08650700663299404,1.0666779913467366,0.9801709847137425
4FGL J1513.4-0753,0.4235470872738549,0.08609853713922222,1.065200608929492,0.9791020717902699
4FGL J1514.8-0949,1.1320182109020647,0.4549786658649251,2.987511270544163,2.532532604679238
4FGL J1516.1+4351,0.6511191538952963,0.21373074526932334,1.5813535944084816,1.3676228491391582
4FGL J1516.4-1523,0.5276362184165824,0.14565612642679016,1.2917385300308206,1.1460824036040305
4FGL J1516.8+3651,0.3932969595283422,0.06840090504590912,1.0021385622832684,0.9337376572373592
4FGL J1516.9+1934,0.6194011681437535,0.1965037649025898,1.5046582998753366,1.3081545349727468
4FGL J1518.0-2731,0.09088731778065551,0.0,0.43178515798735306,0.43178515798735306
4FGL J1520.4+5546,0.49877857161935024,0.12934868511285535,1.227400627853699,1.0980519427408437
4FGL J1520.8-0348,0.7938159320779743,0.2891133859022055,1.947985944065763,1.6588725581635575
4FGL J1536.8-3155,0.8741127208071962,0.3300667075752921,2.171284107565772,1.8412173999904797
4FGL J1539.7-1127,0.18530641175348772,0.0,0.5989573504114385,0.5989573504114385
4FGL J1539.9+4220,0.5574828555929279,0.16236116795294664,1.3595730375543527,1.197211869601406
4FGL J1540.1+8155,0.4243145375771511,0.0865452099816173,1.0668162192671589,0.9802710092855416
4FGL J1541.9-2915,0.42442664541674313,0.08661044963818343,1.0670522906323763,0.9804418409941928
4FGL J1544.7+5017,0.5393958594889381,0.1522573978946835,1.3183065837597923,1.1660491858651088
4FGL J1546.1-1003,0.7332595646113675,0.25753928358493927,1.7879112480193253,1.530371964434386
4FGL J1549.8-3044,0.424200925505293,0.08647909247244723,1.0665769974631258,0.9800979049906786
4FGL J1549.8-0659,0.3593110144174414,0.0483026770585564,0.9327008206104379,0.8843981435518815
4FGL J1550.8-0822,0.3143543987628381,0.021360780570674365,0.8430677603355365,0.8217069797648622
4FGL J1553.5-3118,0.18535630374137702,0.0,0.5990481428498489,0.5990481428498489
4FGL J1557.5-7040,0.8448445521284991,0.3152577545123909,2.0883744419449948,1.7731166874326039
4FGL J1604.7+1734,0.5290416712890216,0.14644641383358525,1.2949030397010954,1.1484566258675102
4FGL J1605.1-1140,0.785267267409292,0.2846925186377969,1.9249681493645068,1.64027563072671
4FGL J1608.0-2038,0.5266193480218255,0.1450841125486444,1.2894507657777532,1.1443666532291088
4FGL J1610.7-6648,0.5097791739442654,0.13558334294290475,1.2517838217247204,1.1162004787818156
4FGL J1612.4-3100,0.595542991715069,0.18342909899764948,1.4480419804032274,1.264612881405578
4FGL J1616.7+3327,0.5469289066558707,0.15647276042280645,1.3354338662098764,1.17896110578707
4FGL J1624.6+5651,0.5082583212660865,0.13472273221531328,1.248402404799399,1.1136796725840856
4FGL J1627.3+3148,0.5931852146579513,0.18213151345490353,1.4424959700466937,1.2603644565917902
4FGL J1640.2+0629,0.5276239045342019,0.14564920071288645,1.2917108170341263,1.1460616163212398
4FGL J1641.9-0621,1.602511129798541,0.6597498542101456,5.024527582526787,4.364777728316641
4FGL J1642.3-8108,0.48867221982486964,0.12360093347058654,1.2051524316629472,1.0815514981923606
4FGL J1643.0-7714,0.19721919884052208,0.0,0.6207119852118554,0.6207119852118554
4FGL J1647.4-6438,0.1862790118253217,0.0,0.6007277494718872,0.6007277494718872
4FGL J1649.4+5235,0.35793244032497173,0.04748257742834627,0.9299151103067451,0.8824325328783988
4FGL J1651.6+7219,0.2521830108683709,0.0,0.7231006440674457,0.7231006440674457
4FGL J1701.3+3956,0.3505716971002488,0.04309729581816302,0.9150813487694214,0.8719840529512584
4FGL J1702.2+2642,0.58653633979008,0.17846701036154422,1.4269033817937267,1.2484363714321824
4FGL J1704.5-0527,0.3545646666534499,0.045477521465539406,0.923119796209463,0.8776422747439236
4FGL J1736.0+2033,0.3142363503822294,0.02128949492005594,0.8428356459900219,0.821546151069966
4FGL J1740.6+5346,0.8014593674354349,0.2930560949810135,1.96868621133914,1.6756301163581264
4FGL J1741.2+5739,0.5197109367240409,0.14119291847585358,1.27394838692355,1.1327554684476964
4FGL J1744.4+1851,0.5308373459478055,0.14745559452251267,1.2989504126871427,1.15149481816463
4FGL J1744.6-5713,0.42342518619721603,0.08602757754219925,1.0649440591808292,0.97891648163863
4FGL J1745.4-0753,0.63546319900678,0.20524949883341082,1.5432905220266102,1.3380410231931994
4FGL J1749.0+4321,0.8970640558301606,0.34158590330555505,2.2375643064720223,1.8959784031664673
4FGL J1754.2+3212,0.529350881283783,0.14662023410581404,1.2955996462525197,1.1489794121467056
4FGL J1807.2+6429,0.3081005405572479,0.01758034093796934,0.8307940683244377,0.8132137273864684
4FGL J1807.9+4650,0.18595343235587847,0.0,0.6001349925632231,0.6001349925632231
4FGL J1808.2+3500,0.522309646230043,0.1426576868698417,1.2797716404283346,1.1371139535584929
4FGL J1810.7+5335,0.5276769533979166,0.14567903685976447,1.2918302076980814,1.146151170838317
4FGL J1811.0+1608,0.3588651243407259,0.04803746325690428,0.9317995414933062,0.883762078236402
4FGL J1811.3+0340,0.3592598494980799,0.04827224637191452,0.9325973881183474,0.8843251417464328
4FGL J1813.6+0614,0.7628457783908669,0.2730408420738877,1.865260207906796,1.5922193658329082
4FGL J1819.1+2133,0.5090585954537488,0.13517564000886084,1.2501812924765225,1.1150056524676617
4FGL J1820.3+3624,0.4238269064721327,0.086261411249273,1.0657895838509446,0.9795281726016716
4FGL J1823.5+6858,0.6916917279338661,0.2355129877661437,1.6819135789292825,1.4464005911631388
4FGL J1829.3+5402,0.5862700298229289,0.17832007004115447,1.4262802875566,1.2479602175154456
4FGL J1830.0-5225,0.523521086509253,0.14334009174160167,1.2824896482616555,1.1391495565200538
4FGL J1830.0+1324,0.5271541934897266,0.14538499963514395,1.2906538760876525,1.1452688764525085
4FGL J1832.6-5658,0.5889381328216459,0.17979166089959064,1.432527946194691,1.2527362852951003
4FGL J1834.7-5858,0.494916514840001,0.12715448751927716,1.2188814697054258,1.0917269821861486
4FGL J1836.4+3137,0.23409923041415426,0.0,0.6890423784464599,0.6890423784464599
4FGL J1838.0-5959,0.5276967687012601,0.14569018140101475,1.2918748046696167,1.146184623268602
4FGL J1841.3+2909,0.1852884021722736,0.0,0.5989245775921306,0.5989245775921306
4FGL J1841.8+3218,0.5278511208389931,0.14577698979848353,1.2922222144645903,1.1464452246661068
4FGL J1848.9+4247,0.5276685751622825,0.14567432474297792,1.2918113515402743,1.1461370267972963
4FGL J1849.4+2745,0.5158765107321495,0.13902935554127582,1.265374137975941,1.126344782434665
4FGL J1849.4-4313,0.5140753020270652,0.13801208953644095,1.2613538126807042,1.1233417231442633
4FGL J1903.2+5540,0.3105752069848786,0.019077229256491357,0.8356451862272682,0.8165679569707769
4FGL J1913.9+4439,0.18529618090133004,0.0,0.5989387328415439,0.5989387328415439
4FGL J1918.2-4111,0.8396957147553834,0.3126386100966305,2.073972094940309,1.7613334848436784
4FGL J1921.8-1607,0.5860771332287136,0.1782136286715792,1.425829030199254,1.2476154015276748
4FGL J1925.8-2220,0.3114713461755301,0.019618980261156826,0.8374037091952107,0.8177847289340539
4FGL J1926.8+6154,0.25217688768062074,0.0,0.7230890492890512,0.7230890492890512
4FGL J1927.5+6117,0.4688554060594059,0.11227484616181105,1.161946901683268,1.049672055521457
4FGL J1934.3-2419,0.35856715831375996,0.04786021195111001,0.9311974007522588,0.8833371888011488
4FGL J1941.3-6210,1.3376312265452857,0.5478926666724988,3.772647408358618,3.2247547416861195
4FGL J1955.1-1604,0.3140541934656702,0.02117949056906676,0.8424775102081277,0.8212980196390609
4FGL J1959.7-4725,0.5310233236363788,0.14756008129410936,1.299369870637665,1.1518097893435557
4FGL J2002.6+6302,0.7319872088311989,0.25686938048391994,1.7846208737545943,1.5277514932706744
4FGL J2005.1+7003,0.5310452380283686,0.14757239291178248,1.2994193001817278,1.1518469072699453
4FGL J2010.0+7229,0.9661851201397682,0.3757897193704982,2.4442027534464414,2.0684130340759435
4FGL J2012.2-1646,1.6714913961586575,0.6875389838716197,5.407521203740592,4.719982219868973
4FGL J2015.2-0137,0.5502990926104185,0.15835530477240178,1.3431239461174016,1.1847686413449998
4FGL J2021.9+0629,0.25209825719612944,0.0,0.7229401595483771,0.7229401595483771
4FGL J2022.3-4513,0.4196709463583541,0.08384079287801693,1.0570526715581576,0.9732118786801407
4FGL J2023.8-4828,0.3568346385693928,0.0468292340620855,0.9276984653180358,0.8808692312559503
4FGL J2024.4-0847,0.35907008858809975,0.0481593801924558,0.9322138054461107,0.8840544252536549
4FGL J2030.9+1935,0.2521883034458756,0.0,0.7231106660488393,0.7231106660488393
4FGL J2034.8-4200,0.2521628270289098,0.0,0.7230624244068735,0.7230624244068735
4FGL J2036.4+6553,0.7323048557685876,0.2570366488271314,1.78544204904188,1.5284054002147487
4FGL J2039.0-1046,0.5403225376895116,0.1527765105137664,1.3204089208755128,1.1676324103617464
4FGL J2041.8-7319,0.5869179042651091,0.17867752188794772,1.427796333944293,1.2491188120563452
4FGL J2046.6-1012,0.5857446682404366,0.17803015709057024,1.4250514064939712,1.247021249403401
4FGL J2048.6-6804,0.3572566287505583,0.04708040496515964,0.9285503553508867,0.8814699503857271
4FGL J2050.0+0408,0.5920773996658584,0.18152149325704148,1.4398931660801986,1.258371672823157
4FGL J2056.7-3209,0.495334999775902,0.12739238121389307,1.2198035591230796,1.0924111779091865
4FGL J2103.8-6233,0.589273988748034,0.17997681189358472,1.4333151794948846,1.2533383676013
4FGL J2104.3-0212,0.25218100175939107,0.0,0.7230968396434874,0.7230968396434874
4FGL J2108.9-6638,0.5270551570222459,0.14532928883627916,1.2904310663204797,1.1451017774842005
4FGL J2112.7+0819,0.5310683305397108,0.14758536630742292,1.2994713878302115,1.1518860215227886
4FGL J2115.2+1218,0.5096260922564673,0.1354967374730358,1.2514433130900557,1.11594657561702
4FGL J2127.7+3612,0.5095098940067724,0.135430995782865,1.2511848691182887,1.1157538733354238
4FGL J2133.9+6646,0.2515964105871007,0.0,0.7219900600077114,0.7219900600077114
4FGL J2134.5-2130,0.3584461452112926,0.04778821970570335,0.930952884797059,0.8831646650913556
4FGL J2139.4-4235,0.2504626283263174,0.0,0.7198446293284033,0.7198446293284033
4FGL J2144.2+3132,0.5079055502763146,0.13452304692605987,1.24761854274528,1.11309549581922
4FGL J2148.0-0733,0.2519361189047544,0.0,0.7226331668752308,0.7226331668752308
4FGL J2149.6+0323,0.5955673098892298,0.18344247716797746,1.4480992277287106,1.2646567505607331
4FGL J2200.1+2138,0.5936144253132729,0.18236780020238497,1.4435049163380427,1.2611371161356577
4FGL J2211.4-7040,0.31344917470569955,0.020814071653423305,0.8412882790570635,0.8204742074036402
4FGL J2212.6+2800,0.6151078115960966,0.19415836455474555,1.4944028181643132,1.3002444536095676
4FGL J2223.3+0102,0.25499914325003137,0.0,0.7284377548661016,0.7284377548661016
4FGL J2234.1-2656,0.8097308052082501,0.2973121222202755,1.9912158698236508,1.6939037476033754
4FGL J2235.3+1818,0.5343976803092239,0.14945477305493138,1.306989356599177,1.1575345835442457
4FGL J2235.8-3627,0.5956328913255358,0.183478554994021,1.4482536173976244,1.2647750624036034
4FGL J2243.9+2021,0.31403461187326176,0.021167664863455116,0.842439013531247,0.8212713486677918
4FGL J2247.8+4413,0.25212004870398896,0.0,0.722981421872896,0.722981421872896
4FGL J2251.5-4928,0.5904517000978344,0.1806259025842829,1.4360770861239125,1.2554511835396296
4FGL J2256.6-2011,0.5199494179915181,0.14132739096843916,1.2744823697929757,1.1331549788245365
4FGL J2256.7+1307,0.587279144886804,0.1788767966191125,1.4286419331209332,1.2497651365018208
4FGL J2258.3-3643,0.31428584697645134,0.021319384681592668,0.8429329673465504,0.8216135826649578
4FGL J2300.1+4053,0.35915862544166366,0.04821204112597388,0.9323927682058544,0.8841807270798805
4FGL J2300.3+3136,0.7490310006718939,0.2658206857613168,1.8289423487726144,1.5631216630112976
4FGL J2304.6+3704,0.35926984894324465,0.048278193651703605,0.9326176022481405,0.8843394085964369
4FGL J2309.7-3632,0.35869723127328923,0.047937590750871006,0.9314602432956143,0.8835226525447433
4FGL J2311.0+0205,0.5456892095588859,0.15577975992469706,1.3326094242568591,1.176829664332162
4FGL J2317.4-4533,0.4235936601049808,0.08612564679819967,1.0652986300941274,0.9791729832959277
4FGL J2319.7+1609,0.3144273961546524,0.021404859938264575,0.8432113009115261,0.8218064409732615
4FGL J2321.7-6438,0.7354713850466164,0.2587031782913576,1.7936381255599518,1.5349349472685943
4FGL J2324.7+0801,0.5295111006743796,0.1467102934161595,1.295960653478478,1.1492503600623185
4FGL J2325.2+3957,0.8376837728235602,0.3116140206227418,2.0683589694421487,1.756744948819407
4FGL J2325.6+1644,0.35909406564636503,0.048173641688565194,0.9322622701744525,0.8840886284858873
4FGL J2327.4+0444,0.293563531907179,0.008761663905479944,0.8024444288168247,0.7936827649113447
4FGL J2339.2-7403,0.35929070966558596,0.048290600730884536,0.9326597731266495,0.884369172395765
4FGL J2343.9+0546,0.41982578730734965,0.08393103934640211,1.0573777757179075,0.9734467363715054
4FGL J2346.7+8008,1.07553407405605,0.42844928165886453,2.7943817487090197,2.365932467050155
4FGL J2351.3-7559,0.5098262205045172,0.13560995850780388,1.2518884769834107,1.1162785184756068
4FGL J2352.0+1750,0.5332683322391427,0.14882088010270866,1.3044373475451354,1.1556164674424267
4FGL J0858.0-3130,0.3143171645633498,0.0213382963337736,0.8429945462384165,0.8216562499046429
