Source_Name,Redshift
4FGL J0001.2+4741,-inf
4FGL J0001.2-0747,-inf
4FGL J0001.4-0010,0.461516
4FGL J0001.5+2113,1.106
4FGL J0001.6-4156,-inf
4FGL J0001.8-2153,-inf
4FGL J0002.1-6728,-inf
4FGL J0002.3-0815,-inf
4FGL J0002.4-5156,-inf
4FGL J0003.1-5248,-inf
4FGL J0003.2+2207,0.09983
4FGL J0003.3-1928,-inf
4FGL J0003.3-5905,-inf
4FGL J0003.5+0717,-inf
4FGL J0003.9-1149,1.30999
4FGL J0004.0+0840,2.057129
4FGL J0004.3+4614,1.81
4FGL J0004.4-4737,0.88
4FGL J0005.9+3824,0.229
4FGL J0006.3-0620,0.347
4FGL J0006.4+0135,0.787
4FGL J0006.4-5621,0.2912
4FGL J0007.7+4008,-inf
4FGL J0008.0+4711,0.28
4FGL J0008.0-3937,-inf
4FGL J0008.4-2339,0.147
4FGL J0008.4+1455,-inf
4FGL J0009.1+0628,1.562629
4FGL J0009.3+5030,-inf
4FGL J0009.7-3217,0.02542
4FGL J0009.8-4317,0.56
4FGL J0009.8+1340,-inf
4FGL J0009.8-6358,-inf
4FGL J0010.6+2043,0.6
4FGL J0010.6-3025,1.19
4FGL J0010.8-2154,-inf
4FGL J0011.4-4110,0.091
4FGL J0011.4+0057,1.492
4FGL J0011.8-3142,-inf
4FGL J0013.0+3355,1.682
4FGL J0013.1-3955,-inf
4FGL J0013.4+0950,-inf
4FGL J0013.6+4051,0.2555
4FGL J0013.6-0424,1.075
4FGL J0013.9-1854,0.094846
4FGL J0014.1+1910,0.477
4FGL J0014.1-5022,0.01
4FGL J0014.2+0854,0.163
4FGL J0014.3-0500,0.791
4FGL J0014.9+3212,-inf
4FGL J0015.2+3537,0.57
4FGL J0015.9+2440,-inf
4FGL J0016.2-0016,1.57631
4FGL J0016.5+1702,1.709
4FGL J0017.0-0649,-inf
4FGL J0017.5-0514,0.227
4FGL J0017.8+1455,0.302712
4FGL J0018.4+2946,0.1
4FGL J0018.8+2611,0.28
4FGL J0019.2-5640,-inf
4FGL J0019.3-8152,-inf
4FGL J0019.6+7327,1.781
4FGL J0019.6+2022,-inf
4FGL J0021.0+0322,-inf
4FGL J0021.5-2552,-inf
4FGL J0021.6-0855,0.648
4FGL J0021.9-5140,0.25
4FGL J0022.0+0006,0.306
4FGL J0022.1-1854,-inf
4FGL J0022.5+0608,-inf
4FGL J0023.7-6820,0.354
4FGL J0023.7+4457,1.062
4FGL J0023.9+1603,-inf
4FGL J0024.4+4647,-inf
4FGL J0024.5-0810,-inf
4FGL J0024.7+0349,0.545
4FGL J0025.2-2231,0.834
4FGL J0025.7-4801,-inf
4FGL J0026.6-4600,-inf
4FGL J0028.1+7505,-inf
4FGL J0028.5+2001,1.552007
4FGL J0028.8-0112,0.082
4FGL J0028.9+3553,-inf
4FGL J0029.0-7044,-inf
4FGL J0029.4+2051,-inf
4FGL J0030.2-1647,0.237
4FGL J0030.3-4224,0.495
4FGL J0030.6-0212,1.804
4FGL J0031.3+0726,-inf
4FGL J0032.3-5522,-inf
4FGL J0032.4-2849,0.323888
4FGL J0032.5-4724,-inf
4FGL J0033.3-2040,0.073
4FGL J0033.5-1921,0.61
4FGL J0033.9+3858,-inf
4FGL J0034.0-4116,-inf
4FGL J0035.0-5728,-inf
4FGL J0035.2+1514,1.09026
4FGL J0035.8-0837,0.032
4FGL J0036.8+1431,-inf
4FGL J0036.9+1832,1.595
4FGL J0037.6+3653,0.366
4FGL J0037.8+1239,0.089
4FGL J0037.9+2612,0.14767
4FGL J0038.1+0012,0.7395
4FGL J0038.2-2459,1.196
4FGL J0038.7-0204,0.22043
4FGL J0039.0-0946,2.1015
4FGL J0039.1-2219,0.0615
4FGL J0039.1+4330,-inf
4FGL J0040.3+4050,-inf
4FGL J0040.4-2340,0.213
4FGL J0040.9+3203,-inf
4FGL J0041.4+3800,0.38
4FGL J0041.7-1607,-inf
4FGL J0041.9-4702,0.15
4FGL J0042.0+3640,0.47
4FGL J0042.2+2319,1.426
4FGL J0043.5-0442,0.48
4FGL J0043.6+2223,-inf
4FGL J0043.7-1116,0.264
4FGL J0043.8+3425,0.966
4FGL J0044.2-8424,1.032
4FGL J0044.9+4553,-inf
4FGL J0045.1-3706,1.033
4FGL J0045.3+2128,-inf
4FGL J0045.7+1217,-inf
4FGL J0047.1-6203,-inf
4FGL J0047.9+3947,0.2517
4FGL J0047.9+2233,1.161
4FGL J0048.6-2427,-inf
4FGL J0049.0+2252,0.26415
4FGL J0049.1+4223,0.302
4FGL J0049.4-5402,-inf
4FGL J0049.5-4150,-inf
4FGL J0049.6-4500,0.121
4FGL J0049.7+0237,1.474
4FGL J0050.0-5736,1.797
4FGL J0050.4-0452,0.92
4FGL J0050.7-0929,0.635
4FGL J0050.8-3428,-inf
4FGL J0051.1-0648,1.975
4FGL J0051.2-6242,0.3
4FGL J0051.5-4220,1.749
4FGL J0052.9-6644,-inf
4FGL J0054.4+8627,-inf
4FGL J0054.7-2455,0.12
4FGL J0054.8-1954,-inf
4FGL J0055.1-1219,-inf
4FGL J0056.3-0935,0.103147
4FGL J0056.4-2118,-inf
4FGL J0056.5-3936,0.263
4FGL J0056.6-4452,-inf
4FGL J0056.6-5317,-inf
4FGL J0056.8+1626,0.206
4FGL J0057.0+4101,-inf
4FGL J0057.3+2216,-inf
4FGL J0057.7+3023,0.016485
4FGL J0058.0-0539,1.2456
4FGL J0058.0-3233,-inf
4FGL J0058.3+1723,-inf
4FGL J0058.4+3315,1.369
4FGL J0058.6-1140,-inf
4FGL J0059.2+0006,0.719017
4FGL J0059.3-0152,0.144
4FGL J0059.5-3512,-inf
4FGL J0059.5-3338,0.874
4FGL J0100.3+0745,-inf
4FGL J0101.0-0059,0.67
4FGL J0101.7-5455,0.261
4FGL J0101.8-7543,1.017
4FGL J0102.0+1639,-inf
4FGL J0102.4+4214,0.874
4FGL J0102.4+0942,0.42
4FGL J0102.6-5639,-inf
4FGL J0102.7-2001,0.38
4FGL J0103.1+4954,-inf
4FGL J0103.5+1526,0.246
4FGL J0103.8+1321,0.49
4FGL J0104.8-2416,1.747
4FGL J0105.1+3929,0.44
4FGL J0106.9-4832,-inf
4FGL J0107.3-1210,-inf
4FGL J0107.4+0334,-inf
4FGL J0107.6+4950,-inf
4FGL J0108.1-0039,1.374626
4FGL J0108.6+0134,2.099
4FGL J0109.1+1815,0.145
4FGL J0109.3+2401,-inf
4FGL J0110.0-4019,0.313
4FGL J0110.2+4151,0.096
4FGL J0110.3-0431,-inf
4FGL J0110.7-1254,0.234
4FGL J0110.9+4344,-inf
4FGL J0111.4+0534,0.346
4FGL J0111.5-2546,-inf
4FGL J0112.0-6634,1.1888
4FGL J0112.1+2245,0.265
4FGL J0112.1-0321,0.77177
4FGL J0112.6-3158,-inf
4FGL J0112.8-7506,-inf
4FGL J0112.8+3208,0.603
4FGL J0113.1-3553,1.22
4FGL J0113.4+4948,0.389
4FGL J0113.7+0225,0.047
4FGL J0114.8+1326,0.583
4FGL J0114.9-3400,0.48
4FGL J0115.1+2622,-inf
4FGL J0115.1-0129,1.365
4FGL J0115.6+0356,-inf
4FGL J0115.8+2519,0.358
4FGL J0116.0-1136,0.67
4FGL J0116.0-2745,-inf
4FGL J0116.2-6153,-inf
4FGL J0116.5-2812,0.7
4FGL J0116.5-3046,1.414
4FGL J0117.5-2442,0.279
4FGL J0117.8-2109,1.49
4FGL J0118.7-0848,-inf
4FGL J0118.9-2141,1.165
4FGL J0119.0-1458,0.114699
4FGL J0119.4-5354,-inf
4FGL J0119.6+4158,0.109
4FGL J0119.9+4053,-inf
4FGL J0120.4-2701,-inf
4FGL J0121.7+5153,-inf
4FGL J0121.8+1147,0.571315
4FGL J0121.8-3916,0.39
4FGL J0122.1-3004,-inf
4FGL J0123.1+3421,0.272
4FGL J0123.7+4209,0.186
4FGL J0123.7-2311,0.404
4FGL J0124.8-0625,2.117
4FGL J0125.3-5112,1.104
4FGL J0125.3-2548,-inf
4FGL J0125.4+3200,-inf
4FGL J0125.7-0015,1.077
4FGL J0125.8+2605,-inf
4FGL J0126.0-2221,0.72
4FGL J0126.5-1553,-inf
4FGL J0127.1+3310,-inf
4FGL J0127.2-0819,0.36
4FGL J0127.2+0324,-inf
4FGL J0127.3-0148,-inf
4FGL J0127.4-4813,-inf
4FGL J0127.9+4857,0.067
4FGL J0128.2-1722,-inf
4FGL J0128.2+4400,-inf
4FGL J0128.5+4440,0.228
4FGL J0129.7+3436,-inf
4FGL J0129.8+1440,1.626359
4FGL J0130.4-2129,-inf
4FGL J0130.6+1844,-inf
4FGL J0132.7-1654,1.02
4FGL J0132.7-0804,0.1485
4FGL J0132.8-4413,-inf
4FGL J0132.8+4324,-inf
4FGL J0133.1-5201,0.925
4FGL J0133.2-4533,-inf
4FGL J0133.7-5527,-inf
4FGL J0134.3-3842,2.14
4FGL J0134.5+2637,-inf
4FGL J0135.1+0255,0.3722
4FGL J0136.5+3906,-inf
4FGL J0136.8+2032,-inf
4FGL J0137.0+4751,0.859
4FGL J0137.6-2430,0.835
4FGL J0138.0+2247,-inf
4FGL J0138.5-4613,0.090112
4FGL J0138.6+2923,-inf
4FGL J0139.0+2601,-inf
4FGL J0140.6-0758,0.49
4FGL J0140.6+8736,-inf
4FGL J0141.4-0928,0.73
4FGL J0142.7-0543,-inf
4FGL J0143.1-3622,-inf
4FGL J0143.3-0119,-inf
4FGL J0143.5-3156,0.3751
4FGL J0143.7-5846,-inf
4FGL J0144.6+2705,-inf
4FGL J0145.0-2732,1.148
4FGL J0145.9+2319,-inf
4FGL J0146.0-6746,-inf
4FGL J0146.3+4606,-inf
4FGL J0146.9-5202,0.098
4FGL J0147.6+1547,-inf
4FGL J0147.6-6028,-inf
4FGL J0147.6-0825,-inf
4FGL J0147.7-1321,-inf
4FGL J0148.6+0127,0.94
4FGL J0149.6-0734,-inf
4FGL J0150.5-3337,-inf
4FGL J0150.6-5448,-inf
4FGL J0151.0+0539,0.3
4FGL J0151.3+8601,0.15
4FGL J0151.4-3607,0.681
4FGL J0152.2+3714,0.761
4FGL J0152.2+2206,1.32
4FGL J0152.6+0147,0.08
4FGL J0153.0+7517,-inf
4FGL J0153.5-5107,1.582
4FGL J0153.9+0823,0.681
4FGL J0154.3-0236,0.082314
4FGL J0154.5-6604,-inf
4FGL J0155.0+4433,-inf
4FGL J0155.4-0625,-inf
4FGL J0156.1+1502,-inf
4FGL J0156.5+3914,0.456
4FGL J0156.6-1758,-inf
4FGL J0156.8-4744,0.29
4FGL J0156.9-5301,-inf
4FGL J0156.9+4648,-inf
4FGL J0156.9-3235,-inf
4FGL J0157.7-4614,2.287
4FGL J0158.2+2515,0.158189
4FGL J0158.5-5005,-inf
4FGL J0158.5-3932,-inf
4FGL J0158.8+0101,1.61
4FGL J0159.3-4523,-inf
4FGL J0159.5+1046,0.195
4FGL J0159.7-2740,-inf
4FGL J0200.3-4109,0.053877
4FGL J0200.6-6637,1.28
4FGL J0201.1+0036,0.298632
4FGL J0201.1-4347,-inf
4FGL J0202.1+3939,0.78
4FGL J0202.3-0605,0.189453
4FGL J0202.4+0849,-inf
4FGL J0202.6-0258,1.34441
4FGL J0202.7+4204,-inf
4FGL J0202.9-0225,-inf
4FGL J0203.6+7233,-inf
4FGL J0203.7+3042,0.761
4FGL J0204.0-3334,0.617
4FGL J0204.1-2919,-inf
4FGL J0204.3-3140,-inf
4FGL J0204.3+2417,0.21
4FGL J0204.8+1513,0.833
4FGL J0205.0-1700,1.74
4FGL J0205.2+3212,1.466
4FGL J0206.0-0958,0.165866
4FGL J0206.4-1151,1.663
4FGL J0206.4+3829,-inf
4FGL J0206.8-5744,-inf
4FGL J0207.4-3855,0.254
4FGL J0207.5-1049,-inf
4FGL J0207.5-2402,-inf
4FGL J0207.9+2203,-inf
4FGL J0207.9+0953,-inf
4FGL J0208.3-6838,-inf
4FGL J0208.5-0046,-inf
4FGL J0208.6+3523,0.318
4FGL J0209.3+4449,-inf
4FGL J0209.3-5228,0.163
4FGL J0209.9+7229,0.895
4FGL J0210.1+2518,-inf
4FGL J0210.5-1445,-inf
4FGL J0210.7-5101,1.003
4FGL J0211.1-0646,0.193
4FGL J0211.2+1051,0.2
4FGL J0212.2-2559,-inf
4FGL J0212.2-0219,0.169
4FGL J0212.4-3502,0.393
4FGL J0212.8-2721,-inf
4FGL J0212.9+2244,0.459
4FGL J0213.8-6949,-inf
4FGL J0214.1-4733,0.172
4FGL J0214.2-7025,-inf
4FGL J0214.4-5822,-inf
4FGL J0214.6-4333,-inf
4FGL J0214.8-6150,-inf
4FGL J0214.9-3722,-inf
4FGL J0215.2-1619,0.282555
4FGL J0215.3+7555,-inf
4FGL J0215.9+0521,-inf
4FGL J0215.9+0300,-inf
4FGL J0216.5+2313,0.288
4FGL J0216.6-1015,-inf
4FGL J0216.8-6635,0.33
4FGL J0216.8+0510,-inf
4FGL J0217.0-0821,0.607
4FGL J0217.2+0837,0.085
4FGL J0217.4+7352,2.367
4FGL J0217.8+0144,1.715
4FGL J0218.7+2640,-inf
4FGL J0218.9-2305,-inf
4FGL J0218.9+3643,-inf
4FGL J0219.0+2443,-inf
4FGL J0219.1-1724,0.128
4FGL J0219.5+0724,-inf
4FGL J0220.2+3246,1.62
4FGL J0220.8-0841,0.43
4FGL J0221.1+3556,0.944
4FGL J0221.2-1312,-inf
4FGL J0221.5+2513,0.4818
4FGL J0221.8+3730,-inf
4FGL J0222.0-1616,0.698
4FGL J0222.6+4302,0.444
4FGL J0223.0-3447,1.49
4FGL J0223.1-1117,0.042109
4FGL J0223.2-1653,1.015
4FGL J0223.5+3912,-inf
4FGL J0223.5-0928,1.425
4FGL J0224.0-7941,-inf
4FGL J0224.0-1850,-inf
4FGL J0224.2+0700,0.511
4FGL J0224.2+1616,-inf
4FGL J0224.9+1843,2.69
4FGL J0225.1-2604,-inf
4FGL J0225.5-5618,-inf
4FGL J0225.6-4502,-inf
4FGL J0225.8+1310,-inf
4FGL J0226.3-1845,-inf
4FGL J0226.5+0938,2.605
4FGL J0226.5-4441,-inf
4FGL J0226.6-0553,-inf
4FGL J0226.7+2312,-inf
4FGL J0227.0-1739,-inf
4FGL J0227.2+3928,1.571
4FGL J0227.3+0201,0.457
4FGL J0227.8+2246,0.428203
4FGL J0228.0-3026,0.3028
4FGL J0228.1+8208,-inf
4FGL J0228.2-3102,-inf
4FGL J0228.3-5547,2.464
4FGL J0228.5-2234,-inf
4FGL J0229.5-3644,2.115
4FGL J0230.0-5236,-inf
4FGL J0230.8+4032,1.019
4FGL J0231.2-5754,0.031989
4FGL J0231.2-4745,0.765
4FGL J0231.8+1322,2.065
4FGL J0232.5-1118,0.2087
4FGL J0232.8+2018,0.139
4FGL J0232.9+2608,-inf
4FGL J0233.0+3740,-inf
4FGL J0233.5+0654,-inf
4FGL J0233.9+8041,-inf
4FGL J0234.3-0628,-inf
4FGL J0235.6-2939,0.66
4FGL J0236.8-6136,0.467
4FGL J0237.1-0714,0.359792
4FGL J0237.3+2000,-inf
4FGL J0237.6-3602,0.411
4FGL J0237.6+0923,-inf
4FGL J0237.7+0206,0.021592
4FGL J0237.8+2848,1.206
4FGL J0238.1-3905,0.2
4FGL J0238.2+1531,-inf
4FGL J0238.4-3116,0.232
4FGL J0238.6+1637,0.94
4FGL J0238.7+2555,0.584
4FGL J0239.5+1326,-inf
4FGL J0239.5-1353,-inf
4FGL J0239.7+0415,0.978
4FGL J0240.6+3528,-inf
4FGL J0240.8-3401,-inf
4FGL J0241.0-0505,-inf
4FGL J0241.9-1603,-inf
4FGL J0242.3+1102,2.68
4FGL J0242.6+1735,0.551
4FGL J0242.9+0045,0.409
4FGL J0243.2-0550,1.805
4FGL J0243.4+7119,-inf
4FGL J0243.7+0321,-inf
4FGL J0244.6-5819,0.265
4FGL J0244.7+1316,-inf
4FGL J0245.1-0257,-inf
4FGL J0245.4-5950,-inf
4FGL J0245.4+2408,2.243
4FGL J0245.5-4502,0.2828
4FGL J0245.9-4650,1.385
4FGL J0246.6-3348,-inf
4FGL J0248.0+2232,-inf
4FGL J0249.7+4500,-inf
4FGL J0250.2-8224,-inf
4FGL J0250.3-3422,-inf
4FGL J0250.6+1712,1.1003
4FGL J0250.6+8435,-inf
4FGL J0251.5-5958,1.373
4FGL J0252.8-2219,1.419
4FGL J0252.9+3834,1.122
4FGL J0253.2-5441,0.539
4FGL J0253.2-0124,1.479987
4FGL J0253.5+3216,0.859
4FGL J0254.5-7511,-inf
4FGL J0255.8+0534,0.680821
4FGL J0256.3+0334,0.4
4FGL J0257.0+3358,-inf
4FGL J0257.9-1215,1.391
4FGL J0258.1+2030,-inf
4FGL J0259.4+0308,-inf
4FGL J0259.4+0746,0.893
4FGL J0259.5+1924,0.545
4FGL J0259.5-1705,-inf
4FGL J0301.0-1652,0.278
4FGL J0301.2+2546,-inf
4FGL J0301.4-3124,0.313
4FGL J0301.6-7155,0.8232
4FGL J0301.9-2731,-inf
4FGL J0303.2+3149,-inf
4FGL J0303.3-7913,1.115
4FGL J0303.3+0555,0.196
4FGL J0303.4-2407,0.266
4FGL J0303.4-5232,-inf
4FGL J0303.6-6211,1.351
4FGL J0304.4-2833,0.7
4FGL J0304.5+3349,-inf
4FGL J0304.5-0054,0.511
4FGL J0304.9-0606,-inf
4FGL J0305.1-1608,0.311
4FGL J0307.8-0419,0.02889
4FGL J0308.1-2852,-inf
4FGL J0308.4+0407,0.029
4FGL J0309.0+1029,0.863
4FGL J0309.4-4000,0.193
4FGL J0309.7-0745,-inf
4FGL J0309.9-6058,1.479
4FGL J0310.6-5017,-inf
4FGL J0310.8-1041,-inf
4FGL J0310.9-3458,-inf
4FGL J0310.9+3815,0.945
4FGL J0311.5-4402,-inf
4FGL J0311.6+4134,-inf
4FGL J0312.4-3221,0.06711
4FGL J0312.5-2221,-inf
4FGL J0312.8+0134,0.664
4FGL J0312.9+3614,0.071516
4FGL J0312.9+4119,0.136
4FGL J0313.0+0229,-inf
4FGL J0314.3+0620,0.62
4FGL J0314.3-5103,-inf
4FGL J0314.6-6549,0.636
4FGL J0315.4-2643,-inf
4FGL J0315.5+4231,-inf
4FGL J0315.9-1033,1.565
4FGL J0316.0-5626,-inf
4FGL J0316.2-6437,-inf
4FGL J0316.2+0905,0.372
4FGL J0316.2-2608,0.443
4FGL J0316.6-2216,0.228
4FGL J0316.8+4120,0.01894
4FGL J0316.9-0625,-inf
4FGL J0317.7-2804,1.166
4FGL J0317.8-4414,0.076106
4FGL J0318.7+2135,-inf
4FGL J0319.4-7045,-inf
4FGL J0319.8+4130,0.018
4FGL J0319.8+1845,0.19
4FGL J0319.9-3821,-inf
4FGL J0320.6+1125,-inf
4FGL J0321.3+0425,-inf
4FGL J0321.3-1612,0.018
4FGL J0321.7-7500,-inf
4FGL J0322.0+2335,-inf
4FGL J0322.6-3712e,0.005871
4FGL J0322.9+0940,-inf
4FGL J0323.7-0111,2.075
4FGL J0324.3-1313,-inf
4FGL J0324.8+3412,0.061
4FGL J0324.8-2043,-inf
4FGL J0325.0-2416,1.161
4FGL J0325.3+3332,0.128
4FGL J0325.5-5635,0.060235
4FGL J0325.6-1646,0.291
4FGL J0325.7+2225,2.066
4FGL J0325.9-1843,-inf
4FGL J0326.2+0225,0.147
4FGL J0326.7-3404,-inf
4FGL J0327.5-1805,-inf
4FGL J0328.8-5715,-inf
4FGL J0328.9+3514,-inf
4FGL J0330.6+0438,-inf
4FGL J0330.7-2408,-inf
4FGL J0331.1-5243,0.066579
4FGL J0331.3-6156,-inf
4FGL J0331.8-7040,0.277
4FGL J0332.1-1123,0.207
4FGL J0332.2-1737,-inf
4FGL J0332.8+1557,-inf
4FGL J0333.1+8227,-inf
4FGL J0333.3+0233,-inf
4FGL J0333.7+7851,0.4
4FGL J0333.7+2916,-inf
4FGL J0333.8+4007,-inf
4FGL J0334.2-3725,-inf
4FGL J0334.2-4008,1.445
4FGL J0334.3+3920,0.020591
4FGL J0335.1-4459,-inf
4FGL J0335.8+2733,-inf
4FGL J0336.4+3224,1.259
4FGL J0336.5-0348,0.161792
4FGL J0336.7-1305,1.303
4FGL J0336.8-3612,1.537
4FGL J0337.8-1157,3.442
4FGL J0338.1-2443,0.251
4FGL J0338.5+1302,-inf
4FGL J0338.7-5319,-inf
4FGL J0338.7-5706,-inf
4FGL J0338.9-2848,-inf
4FGL J0339.2-1736,0.06556
4FGL J0339.5-0146,0.85
4FGL J0340.4-2422,0.683
4FGL J0340.5-2118,0.233
4FGL J0340.5-0256,-inf
4FGL J0342.2+3858,0.945
4FGL J0342.8-3007,-inf
4FGL J0343.2-2529,1.419
4FGL J0343.2-6444,-inf
4FGL J0343.4+3621,1.485
4FGL J0344.2+3203,-inf
4FGL J0344.4+3432,-inf
4FGL J0345.2-2353,0.103645
4FGL J0345.5-3301,-inf
4FGL J0347.6-0133,-inf
4FGL J0347.7-3616,-inf
4FGL J0348.6-1609,-inf
4FGL J0348.6-2749,0.991
4FGL J0348.8-0828,-inf
4FGL J0348.9-4859,-inf
4FGL J0349.4-1159,0.188
4FGL J0349.6+2410,-inf
4FGL J0349.8-2103,2.944
4FGL J0350.0+0640,-inf
4FGL J0350.4-5144,-inf
4FGL J0350.6-3226,-inf
4FGL J0350.8-2814,-inf
4FGL J0352.0-2516,-inf
4FGL J0352.0-3702,0.165
4FGL J0352.9-3623,-inf
4FGL J0353.0-6831,0.087
4FGL J0353.7+8257,0.0694
4FGL J0354.7-1617,1.187
4FGL J0354.7+8009,-inf
4FGL J0355.1-1841,-inf
4FGL J0355.3+3909,-inf
4FGL J0356.1-1329,-inf
4FGL J0357.0-4955,0.643
4FGL J0357.2+2320,1.484
4FGL J0357.2-0319,-inf
4FGL J0357.6-4625,0.1
4FGL J0358.0-6946,-inf
4FGL J0358.1-5954,0.047516
4FGL J0358.6+0634,-inf
4FGL J0358.7+7649,-inf
4FGL J0359.0-3053,0.65
4FGL J0359.4-0236,-inf
4FGL J0359.4-2616,-inf
4FGL J0359.6+3213,1.331
4FGL J0400.7+3920,-inf
4FGL J0401.0-5353,-inf
4FGL J0401.2+8153,0.215
4FGL J0401.3+0412,0.306
4FGL J0401.7+2112,0.834
4FGL J0401.9-2034,-inf
4FGL J0402.0-2616,1.92
4FGL J0402.0+2737,-inf
4FGL J0402.1-3147,1.288
4FGL J0403.3+2601,2.109
4FGL J0403.5-2437,0.598
4FGL J0403.9-3605,1.417
4FGL J0404.1-1715,-inf
4FGL J0404.3-1559,-inf
4FGL J0405.6-1308,0.571
4FGL J0406.0-5407,-inf
4FGL J0407.0-3826,1.285
4FGL J0407.5+0741,1.133
4FGL J0409.4+3201,-inf
4FGL J0409.8-0359,-inf
4FGL J0411.7+3041,-inf
4FGL J0412.3+0239,-inf
4FGL J0412.6-5434,-inf
4FGL J0412.7-3927,-inf
4FGL J0413.1-5332,1.024
4FGL J0414.6-0842,-inf
4FGL J0414.8-5338,-inf
4FGL J0415.2-5741,-inf
4FGL J0416.0-4743,-inf
4FGL J0416.0-6628,0.385
4FGL J0416.2-4353,0.398
4FGL J0416.4-2059,-inf
4FGL J0416.5-1852,1.536
4FGL J0416.9+0105,0.287
4FGL J0418.1-0252,-inf
4FGL J0418.4+3414,-inf
4FGL J0420.0+0805,-inf
4FGL J0420.3-6016,-inf
4FGL J0420.3-3745,-inf
4FGL J0421.0-0752,-inf
4FGL J0422.1-0644,0.242
4FGL J0422.3+1951,0.512
4FGL J0422.8+0225,2.277
4FGL J0423.1+2106,-inf
4FGL J0423.3-0120,0.916
4FGL J0423.7+0831,-inf
4FGL J0424.7+0036,0.268
4FGL J0424.9-5331,0.39
4FGL J0426.5+2007,-inf
4FGL J0426.7+6826,-inf
4FGL J0427.3-3900,-inf
4FGL J0428.6-3756,1.11
4FGL J0428.7-5003,-inf
4FGL J0429.0-0006,-inf
4FGL J0429.3-3238,0.51
4FGL J0429.3-4326,1.423
4FGL J0429.8+2843,-inf
4FGL J0429.9-3101,0.218
4FGL J0430.2-0356,0.628
4FGL J0430.3-2507,0.516
4FGL J0430.3+1654,-inf
4FGL J0431.8+7403,-inf
4FGL J0432.0+1732,-inf
4FGL J0433.0+0522,0.033
4FGL J0433.1+3227,-inf
4FGL J0433.5-1039,-inf
4FGL J0433.6-6030,0.9301
4FGL J0433.6+2905,0.97
4FGL J0433.7-5725,-inf
4FGL J0434.1-2014,0.928
4FGL J0434.3-2517,-inf
4FGL J0434.4-2342,-inf
4FGL J0434.7+0922,-inf
4FGL J0435.4-2623,0.418
4FGL J0436.2-0038,-inf
4FGL J0436.7-7148,-inf
4FGL J0436.8-5223,-inf
4FGL J0437.2-5846,-inf
4FGL J0437.4-6155,-inf
4FGL J0438.4-1254,1.276
4FGL J0438.7-3441,-inf
4FGL J0438.9-4521,2.017
4FGL J0439.2+2151,-inf
4FGL J0439.4-3202,-inf
4FGL J0439.8-1859,-inf
4FGL J0440.2-2458,0.6
4FGL J0440.3-4332,2.863
4FGL J0440.4+1440,-inf
4FGL J0440.8+2749,-inf
4FGL J0441.2-2953,-inf
4FGL J0441.3-2617,-inf
4FGL J0441.5+1505,0.109
4FGL J0442.6-0017,0.449
4FGL J0442.7+6142,-inf
4FGL J0443.3-6652,0.746
4FGL J0443.4-4152,0.39
4FGL J0444.5+0719,-inf
4FGL J0445.1-6012,0.097
4FGL J0446.3-1729,-inf
4FGL J0447.2-2539,-inf
4FGL J0447.4-2747,-inf
4FGL J0448.6-1632,0.32
4FGL J0449.1+1121,2.153
4FGL J0449.2+6329,0.781
4FGL J0449.4-4350,0.205
4FGL J0449.6-8100,0.444
4FGL J0450.3-4419,-inf
4FGL J0450.4+7230,-inf
4FGL J0450.7-4938,-inf
4FGL J0451.8-4651,0.602
4FGL J0452.0+2100,-inf
4FGL J0453.1-2806,2.564
4FGL J0453.1+6322,-inf
4FGL J0455.7-4617,0.858
4FGL J0456.2+2702,-inf
4FGL J0456.3-1634,-inf
4FGL J0456.4-4043,-inf
4FGL J0456.6-3136,0.865
4FGL J0457.0+0646,0.405
4FGL J0457.0-2324,1.003
4FGL J0458.0+1152,-inf
4FGL J0459.2-2612,-inf
4FGL J0459.4+1921,-inf
4FGL J0459.7-4529,-inf
4FGL J0500.6-4911,-inf
4FGL J0501.0+2424,-inf
4FGL J0501.0-2423,-inf
4FGL J0501.2-0158,2.291
4FGL J0502.4+0609,1.106
4FGL J0502.5+1340,-inf
4FGL J0502.9+6533,-inf
4FGL J0503.1-6045,1.037
4FGL J0503.5-1116,0.57
4FGL J0504.3-0955,-inf
4FGL J0505.3+0459,0.954
4FGL J0505.6+0415,0.0272
4FGL J0505.6-1558,-inf
4FGL J0505.6+6405,-inf
4FGL J0505.8-0419,1.481
4FGL J0505.8-3817,0.182
4FGL J0506.0+6113,-inf
4FGL J0506.0-0357,-inf
4FGL J0506.7-0857,-inf
4FGL J0506.9+0323,-inf
4FGL J0506.9-5435,0.26
4FGL J0507.4-3346,-inf
4FGL J0507.7-6104,1.089
4FGL J0507.9+6737,0.416
4FGL J0508.2-1937,1.88
4FGL J0509.1+1943,-inf
4FGL J0509.3-2917,-inf
4FGL J0509.4+1012,0.621
4FGL J0509.4+0542,0.3365
4FGL J0509.6+8425,1.34
4FGL J0509.6-0402,0.304
4FGL J0509.9-6417,0.271
4FGL J0510.0+1800,0.416
4FGL J0510.4-1809,-inf
4FGL J0511.4-6804,0.000927
4FGL J0513.9-3746,-inf
4FGL J0514.5+6247,-inf
4FGL J0515.5-0125,-inf
4FGL J0515.6-4556,0.194
4FGL J0515.8+1527,-inf
4FGL J0515.9+0537,-inf
4FGL J0516.1-7240,-inf
4FGL J0516.4+7350,0.251
4FGL J0516.7-6207,1.3
4FGL J0516.8-0509,1.413
4FGL J0517.5+0858,0.328
4FGL J0517.7-1758,-inf
4FGL J0517.9-6930,-inf
4FGL J0519.0+0851,-inf
4FGL J0519.6-4544,0.035058
4FGL J0520.6+6531,-inf
4FGL J0521.2+1637,0.759
4FGL J0521.3-1734,0.347
4FGL J0521.6+0103,1.496474
4FGL J0521.8+5658,-inf
4FGL J0521.8-3848,-inf
4FGL J0522.9-3628,0.056
4FGL J0524.1-5659,-inf
4FGL J0524.5-2614,-inf
4FGL J0524.6-2819,-inf
4FGL J0525.4-4600,1.479
4FGL J0525.6-2008,0.092
4FGL J0525.6-6013,-inf
4FGL J0525.8-0052,1.2
4FGL J0526.1+6318,-inf
4FGL J0526.2-4830,1.3
4FGL J0526.7-1519,-inf
4FGL J0527.3-6223,0.083
4FGL J0528.7-5920,1.13
4FGL J0529.1-0101,-inf
4FGL J0529.1+0935,-inf
4FGL J0529.3-7243,-inf
4FGL J0529.4-0521,0.685
4FGL J0530.9+1332,2.07
4FGL J0532.0-4827,-inf
4FGL J0532.6+0732,1.254
4FGL J0532.7+5749,-inf
4FGL J0532.8-3941,-inf
4FGL J0532.9-8325,0.774
4FGL J0532.9+6936,-inf
4FGL J0533.0-8446,-inf
4FGL J0533.1-6119,-inf
4FGL J0533.3-5549,-inf
4FGL J0533.8-3749,1.668
4FGL J0535.7-6604,-inf
4FGL J0536.0-2754,-inf
4FGL J0536.4-3401,0.684
4FGL J0536.4-3343,0.34
4FGL J0536.5-2548,-inf
4FGL J0537.7-5717,1.55
4FGL J0538.2-3910,0.44
4FGL J0538.6+0443,-inf
4FGL J0538.8-4405,0.892
4FGL J0539.7-1030,-inf
4FGL J0539.7-0521,-inf
4FGL J0539.9-2839,3.104
4FGL J0540.5+5823,-inf
4FGL J0540.8-5415,1.185
4FGL J0541.1-4854,-inf
4FGL J0541.4-7334,0.000927
4FGL J0541.6-0541,0.838
4FGL J0542.8-3458,-inf
4FGL J0542.9-0913,-inf
4FGL J0543.2+8238,-inf
4FGL J0543.9-5531,0.273
4FGL J0545.0+0613,-inf
4FGL J0546.9-2206,0.28
4FGL J0548.5-5218,-inf
4FGL J0550.3-5733,2.001
4FGL J0550.5-3216,0.069
4FGL J0551.0-1622,-inf
4FGL J0551.8-3517,-inf
4FGL J0552.8+0313,-inf
4FGL J0553.5-2034,-inf
4FGL J0554.3-1009,-inf
4FGL J0554.4-2757,0.230523
4FGL J0555.1+0304,-inf
4FGL J0556.2-4352,-inf
4FGL J0557.2+7705,-inf
4FGL J0557.3-0615,-inf
4FGL J0557.6-0721,-inf
4FGL J0558.0-3837,0.302
4FGL J0558.1-2859,-inf
4FGL J0558.8-7459,-inf
4FGL J0559.7-1817,-inf
4FGL J0559.9+6409,-inf
4FGL J0600.6-3939,1.661
4FGL J0601.1-7035,2.409
4FGL J0601.3-7238,0.000927
4FGL J0601.3+5444,-inf
4FGL J0601.8-2003,1.216
4FGL J0602.0+5315,0.052
4FGL J0602.7-0007,0.118
4FGL J0602.8-4019,-inf
4FGL J0602.8+6041,-inf
4FGL J0603.0-2936,-inf
4FGL J0604.1-4816,0.37
4FGL J0604.5-4851,-inf
4FGL J0604.8+4411,1.136
4FGL J0604.9-0000,-inf
4FGL J0606.5-4730,0.029771
4FGL J0606.9+4402,-inf
4FGL J0607.2-2518,0.275
4FGL J0607.4+4739,-inf
4FGL J0608.0+6721,1.97
4FGL J0608.0-0835,0.87
4FGL J0608.1-6028,1.1
4FGL J0608.1-1521,1.094
4FGL J0608.9-5456,-inf
4FGL J0609.0-2219,1.926
4FGL J0609.2-0247,-inf
4FGL J0610.1-1848,-inf
4FGL J0610.9-6054,1.773
4FGL J0611.1+4325,-inf
4FGL J0611.6-2712,-inf
4FGL J0612.5-3138,0.873
4FGL J0612.5-3934,-inf
4FGL J0612.8+4122,-inf
4FGL J0613.6+7108,0.267
4FGL J0614.8+6136,-inf
4FGL J0615.3-3117,-inf
4FGL J0616.1-1732,-inf
4FGL J0616.7-1049,-inf
4FGL J0616.9+4340,-inf
4FGL J0617.2+5701,-inf
4FGL J0617.7-1715,0.098
4FGL J0618.1-2428,0.2995
4FGL J0618.9-1138,0.97
4FGL J0620.0+5733,-inf
4FGL J0620.3+3804,-inf
4FGL J0620.5-2512,1.9
4FGL J0621.2-4648,-inf
4FGL J0621.2-2213,-inf
4FGL J0621.7-3411,0.529
4FGL J0622.3-2605,0.414487
4FGL J0622.4-6433,0.128889
4FGL J0622.7-4141,-inf
4FGL J0623.0-3010,-inf
4FGL J0623.7-3348,-inf
4FGL J0623.9-5259,0.44
4FGL J0624.1-6330,-inf
4FGL J0624.2-2943,-inf
4FGL J0625.3+4439,-inf
4FGL J0625.8-5441,2.051
4FGL J0626.4-4259,-inf
4FGL J0626.4-1712,0.7
4FGL J0626.8-2603,-inf
4FGL J0627.0-3529,0.05494
4FGL J0628.6-6711,-inf
4FGL J0628.6+6900,0.37
4FGL J0628.8-6250,-inf
4FGL J0629.3-1959,1.724
4FGL J0630.2+3228,-inf
4FGL J0630.9-2406,1.238
4FGL J0633.4-2222,1.508
4FGL J0634.9-2335,1.535
4FGL J0635.6-7518,0.653
4FGL J0636.7+7139,-inf
4FGL J0637.4-3537,-inf
4FGL J0638.2+6020,-inf
4FGL J0638.6+7320,1.85
4FGL J0638.7+5658,-inf
4FGL J0639.6+3503,-inf
4FGL J0640.7-1924,-inf
4FGL J0643.2-5356,-inf
4FGL J0643.4-3314,-inf
4FGL J0644.4-6712,1.93
4FGL J0644.6+6039,0.3582
4FGL J0644.6-2853,0.49
4FGL J0646.7-3913,0.681
4FGL J0647.0-5138,-inf
4FGL J0647.7-4418,-inf
4FGL J0647.7-6058,-inf
4FGL J0647.8+4527,-inf
4FGL J0648.0-3045,1.153
4FGL J0648.4-6941,0.233
4FGL J0649.5-3139,0.563
4FGL J0650.5-2851,-inf
4FGL J0650.7+2503,0.203
4FGL J0651.0+4013,-inf
4FGL J0651.4+6525,-inf
4FGL J0651.5+7956,-inf
4FGL J0652.1-4813,-inf
4FGL J0653.7+2815,-inf
4FGL J0654.0-4152,1.7e-05
4FGL J0654.3+5042,1.253
4FGL J0654.4+4514,0.928
4FGL J0654.6-4952,-inf
4FGL J0654.7+4246,0.126
4FGL J0655.4-2631,-inf
4FGL J0656.0+2420,1.925
4FGL J0656.3+4235,0.059
4FGL J0658.1-5840,0.421
4FGL J0658.2+2709,-inf
4FGL J0659.6-2742,1.727
4FGL J0659.6-6742,-inf
4FGL J0700.1-6311,-inf
4FGL J0700.5-6610,-inf
4FGL J0701.5+2511,-inf
4FGL J0701.5-4634,0.822
4FGL J0703.2+6809,-inf
4FGL J0703.2-3914,-inf
4FGL J0704.7+4508,-inf
4FGL J0704.8+4907,-inf
4FGL J0705.7-4848,-inf
4FGL J0705.9+5309,-inf
4FGL J0706.5+3744,-inf
4FGL J0706.8+7742,-inf
4FGL J0706.9+6109,-inf
4FGL J0708.9+4839,0.01933
4FGL J0709.0+4304,-inf
4FGL J0709.1+2241,-inf
4FGL J0710.4+5908,0.125
4FGL J0710.8-3851,0.129
4FGL J0710.9+4733,1.292
4FGL J0712.4+5724,0.095
4FGL J0712.5+3311,-inf
4FGL J0712.7+5033,0.502
4FGL J0713.0+5738,-inf
4FGL J0713.5+2537,-inf
4FGL J0713.8+1935,0.54
4FGL J0714.4+1110,-inf
4FGL J0715.3-6828,-inf
4FGL J0715.6-4528,-inf
4FGL J0717.7-5519,-inf
4FGL J0718.0+4536,0.94
4FGL J0718.6-4319,-inf
4FGL J0719.1-7055,0.339
4FGL J0719.3+3307,0.779
4FGL J0719.7-4012,3.7e-05
4FGL J0720.0-6237,-inf
4FGL J0721.9+7120,0.127
4FGL J0722.7+3606,0.365
4FGL J0723.4+5841,-inf
4FGL J0723.5+2900,0.966
4FGL J0723.7+2050,-inf
4FGL J0725.2+1425,1.038
4FGL J0726.1+8114,-inf
4FGL J0726.4-4727,1.686
4FGL J0727.1+3734,0.57
4FGL J0727.4+5325,-inf
4FGL J0728.0-4740,2.282
4FGL J0728.0+6735,0.846
4FGL J0728.2+4827,-inf
4FGL J0728.5+6128,-inf
4FGL J0729.1+5703,0.426
4FGL J0730.1+6852,-inf
4FGL J0730.4+3308,0.112
4FGL J0730.7-6602,0.16
4FGL J0731.9+2805,0.248
4FGL J0732.7-4638,-inf
4FGL J0733.0+4915,-inf
4FGL J0733.1+5910,-inf
4FGL J0733.4+5152,0.065
4FGL J0733.5+3517,0.177
4FGL J0733.5-5445,-inf
4FGL J0733.6+3649,-inf
4FGL J0733.7+0205,-inf
4FGL J0733.7+4110,0.67
4FGL J0733.8+0455,3.01
4FGL J0734.0+5021,0.72
4FGL J0734.4-7711,-inf
4FGL J0737.3-8247,-inf
4FGL J0738.1+1742,0.424
4FGL J0738.4+1539,-inf
4FGL J0738.9-6736,1.663
4FGL J0739.2+0137,0.189
4FGL J0739.7+1743,-inf
4FGL J0739.8-6722,-inf
4FGL J0740.4+7300,-inf
4FGL J0740.9+3203,0.179
4FGL J0741.0+3226,-inf
4FGL J0741.2-5140,-inf
4FGL J0741.4-4709,0.765
4FGL J0742.1+4902,2.312
4FGL J0742.6+5443,0.72
4FGL J0742.9-5242,-inf
4FGL J0743.0-5622,2.319
4FGL J0743.1+1713,-inf
4FGL J0743.3-4912,-inf
4FGL J0744.1-6211,-inf
4FGL J0744.1+7434,0.315
4FGL J0744.2-6918,-inf
4FGL J0746.0-0039,0.994
4FGL J0746.3-0225,-inf
4FGL J0746.4+2546,2.987498
4FGL J0746.5+2730,1.69
4FGL J0746.6-4754,-inf
4FGL J0747.2+4529,-inf
4FGL J0747.5+0905,-inf
4FGL J0747.5-4927,-inf
4FGL J0747.6+7209,-inf
4FGL J0748.3+8511,-inf
4FGL J0748.3+4928,-inf
4FGL J0748.6+2400,0.409854
4FGL J0749.2+2314,0.175
4FGL J0749.3+4453,0.559233
4FGL J0749.4+1058,0.214
4FGL J0749.5+1026,1.285
4FGL J0749.6+1324,-inf
4FGL J0749.7+7450,0.607
4FGL J0749.9+1823,1.161
4FGL J0750.0+8238,-inf
4FGL J0750.8+1229,0.889
4FGL J0751.0+7908,-inf
4FGL J0751.0-5131,-inf
4FGL J0751.4-0421,-inf
4FGL J0751.4+2655,0.333965
4FGL J0751.9+3314,1.935716
4FGL J0753.0+5353,0.2
4FGL J0753.9+0923,-inf
4FGL J0754.0+0451,-inf
4FGL J0754.7+4823,0.37671
4FGL J0756.3-6431,-inf
4FGL J0756.6-7723,-inf
4FGL J0757.1+0956,0.266
4FGL J0758.1+1134,0.568712
4FGL J0758.7+3746,0.042836
4FGL J0758.9+2703,0.099
4FGL J0759.6+1321,0.3864
4FGL J0800.3+5611,-inf
4FGL J0800.9+4401,1.072
4FGL J0801.1+1335,-inf
4FGL J0801.1+6444,0.2
4FGL J0801.3+6631,-inf
4FGL J0802.0+1006,0.84159
4FGL J0802.3-0942,-inf
4FGL J0803.0+2439,-inf
4FGL J0803.2-0337,0.365
4FGL J0803.5+2046,-inf
4FGL J0804.5+0414,-inf
4FGL J0804.9-0624,0.43
4FGL J0805.0+6746,-inf
4FGL J0805.1+7744,-inf
4FGL J0805.2-0110,1.388
4FGL J0805.4+6147,3.033
4FGL J0805.4+7534,0.121
4FGL J0805.9+3834,-inf
4FGL J0806.1-0458,-inf
4FGL J0806.5+4503,2.102
4FGL J0806.5+5930,0.3
4FGL J0807.0-6102,-inf
4FGL J0807.1-0541,-inf
4FGL J0807.2-7630,-inf
4FGL J0807.7-1206,-inf
4FGL J0808.2-0751,1.837
4FGL J0808.5+4950,1.435161
4FGL J0809.3+4053,1.418
4FGL J0809.3+3121,0.29558
4FGL J0809.5+5341,2.133
4FGL J0809.6+3455,0.082509
4FGL J0809.8+5218,0.138
4FGL J0809.9-7028,-inf
4FGL J0811.0-7529,-inf
4FGL J0811.4+0146,1.148
4FGL J0811.9+7847,-inf
4FGL J0812.0+0237,-inf
4FGL J0812.3+1143,-inf
4FGL J0812.5+0711,1.285
4FGL J0812.6+2821,0.490576
4FGL J0812.8+6507,-inf
4FGL J0812.9+5555,0.383
4FGL J0813.7-0356,-inf
4FGL J0814.2-1013,-inf
4FGL J0814.4+6926,-inf
4FGL J0814.4+2941,1.08353
4FGL J0814.6+6430,0.239
4FGL J0815.6+3641,1.028
4FGL J0815.9+2951,0.336
4FGL J0816.1+4909,0.475
4FGL J0816.3+5739,0.054
4FGL J0816.4-1311,0.045978
4FGL J0816.4-0007,-inf
4FGL J0816.9+2050,0.058
4FGL J0817.1+1955,0.138
4FGL J0817.8+3243,-inf
4FGL J0817.8-0934,-inf
4FGL J0818.2+4222,0.53
4FGL J0818.4+2816,0.226
4FGL J0818.7+3153,-inf
4FGL J0818.8+3229,0.649787
4FGL J0819.0+2746,0.392929
4FGL J0819.4-0756,0.45
4FGL J0819.4+4035,0.389
4FGL J0820.3+3639,0.393
4FGL J0820.7-5758,-inf
4FGL J0820.9+2353,0.402
4FGL J0820.9-1258,-inf
4FGL J0821.1+1007,0.9556
4FGL J0822.9+0538,-inf
4FGL J0823.1-6330,0.29
4FGL J0823.1+4042,0.8655
4FGL J0823.3+2224,0.951
4FGL J0824.4+2440,1.242
4FGL J0824.7-1035,-inf
4FGL J0824.7+5552,1.417
4FGL J0824.9+3915,1.216
4FGL J0825.8+0309,0.506
4FGL J0826.4-6404,-inf
4FGL J0827.0-0708,0.247
4FGL J0827.8+5221,0.337622
4FGL J0828.0+2307,-inf
4FGL J0828.3+4152,0.001324
4FGL J0828.6-0747,-inf
4FGL J0829.0+1755,0.089442
4FGL J0829.4+0857,0.866
4FGL J0829.4+4019,-inf
4FGL J0829.6-1140,-inf
4FGL J0829.7+5105,-inf
4FGL J0829.7-5856,-inf
4FGL J0830.0+5231,0.205
4FGL J0830.1-0946,-inf
4FGL J0830.8+2410,0.939
4FGL J0831.4+2631,-inf
4FGL J0831.5+1747,-inf
4FGL J0831.8+0429,0.174
4FGL J0832.2+2753,-inf
4FGL J0832.4+4912,0.548
4FGL J0833.0+3300,0.670511
4FGL J0833.4-0458,3.45
4FGL J0833.9+4223,0.249073
4FGL J0834.6+4402,-inf
4FGL J0835.0+6243,-inf
4FGL J0835.2-2243,1.064
4FGL J0835.7+0936,0.35
4FGL J0835.8+1517,0.16838
4FGL J0835.9-2120,-inf
4FGL J0836.0-8015,-inf
4FGL J0836.2+2141,-inf
4FGL J0836.5-2026,2.752
4FGL J0836.9+5833,0.611
4FGL J0837.3+1458,0.278
4FGL J0837.4+2454,1.125311
4FGL J0839.4+1803,-inf
4FGL J0839.7+3540,0.415
4FGL J0839.8+0105,1.123
4FGL J0840.8+1317,0.681
4FGL J0840.9-7044,-inf
4FGL J0841.3+7053,2.218
4FGL J0842.3-6053,-inf
4FGL J0842.5+0251,0.425
4FGL J0842.7+6656,0.121
4FGL J0843.0-0853,-inf
4FGL J0843.1+5034,0.439228
4FGL J0844.2+5312,0.435
4FGL J0845.4+0442,-inf
4FGL J0846.5-2609,-inf
4FGL J0846.9+4608,1.21648
4FGL J0847.0-2336,0.059
4FGL J0847.2+1134,0.198199
4FGL J0847.9-0702,-inf
4FGL J0848.0-0524,1.242
4FGL J0848.7+0508,-inf
4FGL J0848.7-6942,-inf
4FGL J0848.7+7017,-inf
4FGL J0848.9+0205,-inf
4FGL J0849.1+6607,-inf
4FGL J0849.5+0456,1.06959
4FGL J0850.0+4855,-inf
4FGL J0850.0+5108,0.583
4FGL J0850.1-1212,0.566
4FGL J0850.5+3455,0.145
4FGL J0851.5+5528,-inf
4FGL J0851.9+4845,-inf
4FGL J0852.2+2834,1.282
4FGL J0854.0+2753,0.494
4FGL J0854.3+4408,0.382159
4FGL J0854.8+2006,0.306
4FGL J0855.4-0714,-inf
4FGL J0855.9+7144,0.542
4FGL J0856.6-1105,-inf
4FGL J0856.8+2056,0.18
4FGL J0856.8+8559,-inf
4FGL J0857.7+0137,0.281
4FGL J0857.9-1949,0.659
4FGL J0858.1+1405,1.048
4FGL J0859.2+0047,0.569829
4FGL J0859.4+6218,-inf
4FGL J0859.4+8345,-inf
4FGL J0900.6-7408,-inf
4FGL J0900.7-1243,-inf
4FGL J0901.2+6742,-inf
4FGL J0901.4+4542,0.289
4FGL J0901.5+6711,-inf
4FGL J0902.4+6440,0.405
4FGL J0902.4+2051,2.055
4FGL J0903.1+4652,1.462
4FGL J0903.5+2847,0.52757
4FGL J0904.0+2724,1.723738
4FGL J0904.6+4238,1.34246
4FGL J0905.6+1358,-inf
4FGL J0906.2-1707,-inf
4FGL J0906.3-0905,-inf
4FGL J0906.7+4950,1.641
4FGL J0907.1+0856,0.445052
4FGL J0908.9+2311,1.1844
4FGL J0909.1+6647,-inf
4FGL J0909.1+0121,1.024
4FGL J0909.6+0159,-inf
4FGL J0909.7-0230,0.957
4FGL J0909.7+3104,0.272118
4FGL J0910.0+4257,0.67
4FGL J0910.6+3329,0.354
4FGL J0910.6+2247,2.661
4FGL J0910.8+3859,0.198696
4FGL J0911.7+3349,0.456101
4FGL J0912.2+4127,2.563
4FGL J0912.2-2751,-inf
4FGL J0912.2+2800,-inf
4FGL J0912.5+1556,0.212
4FGL J0912.9-2102,0.198017
4FGL J0913.3+8133,0.639
4FGL J0914.1-0202,-inf
4FGL J0914.4+0249,0.427
4FGL J0914.8+5846,-inf
4FGL J0915.4-3027,-inf
4FGL J0915.9+2933,0.19
4FGL J0916.7+3856,1.267541
4FGL J0916.7+5238,0.19
4FGL J0917.1-2131,0.847
4FGL J0917.3-0342,0.308
4FGL J0918.9-0625,-inf
4FGL J0919.3-2202,-inf
4FGL J0920.3-0443,-inf
4FGL J0920.9+4441,2.186448
4FGL J0920.9-2256,0.45
4FGL J0921.2-8211,-inf
4FGL J0921.6+6216,1.446
4FGL J0921.7+2336,1.0619
4FGL J0922.4-0528,0.974
4FGL J0922.6+4454,0.467
4FGL J0922.6+0434,1.325
4FGL J0922.6-2116,-inf
4FGL J0923.5+3852,-inf
4FGL J0923.5+4125,1.732
4FGL J0924.0+2816,0.7442
4FGL J0924.0+0534,0.57
4FGL J0925.7+5959,0.7
4FGL J0925.7+3126,0.26
4FGL J0926.4+5412,0.85
4FGL J0927.2+2454,0.397366
4FGL J0928.1-2035,0.348
4FGL J0928.2-3048,-inf
4FGL J0928.3+7444,0.638
4FGL J0928.4-0415,-inf
4FGL J0928.5+4048,-inf
4FGL J0928.7-3529,-inf
4FGL J0929.3+5014,-inf
4FGL J0929.3-2414,0.208
4FGL J0929.6+4621,-inf
4FGL J0930.3+8612,-inf
4FGL J0930.5+4951,0.186742
4FGL J0930.5+5132,0.189
4FGL J0930.7+3502,-inf
4FGL J0930.9-1015,-inf
4FGL J0930.9+0033,1.771
4FGL J0931.2-8533,-inf
4FGL J0931.9+6737,0.022822
4FGL J0932.6+5306,0.59719
4FGL J0932.7+1041,0.361
4FGL J0934.3+3926,0.044399
4FGL J0934.5-1720,0.2499
4FGL J0935.3-1736,-inf
4FGL J0935.4-6911,-inf
4FGL J0936.3-2111,-inf
4FGL J0936.5+1847,0.831127
4FGL J0937.0-2044,-inf
4FGL J0937.1+5008,0.276
4FGL J0937.9-1434,0.287
4FGL J0939.3-1732,-inf
4FGL J0940.0-2828,-inf
4FGL J0940.4+6148,0.211
4FGL J0940.9-1335,0.551
4FGL J0941.7+4125,0.819
4FGL J0941.9+2724,-inf
4FGL J0942.3+2842,0.366
4FGL J0942.3-0800,-inf
4FGL J0942.7-2028,-inf
4FGL J0943.7+6137,0.791734
4FGL J0944.2+5557,-inf
4FGL J0945.2+5200,0.56298
4FGL J0945.5+4635,0.639
4FGL J0945.7+5759,0.229004
4FGL J0946.0+4735,0.568867
4FGL J0946.2+0104,0.577
4FGL J0946.6+1016,1.007
4FGL J0947.1-2541,-inf
4FGL J0947.6+2215,0.415
4FGL J0947.9+1121,0.18683
4FGL J0948.6-0338,-inf
4FGL J0948.9+0022,0.585
4FGL J0949.0+4038,1.249964
4FGL J0949.2+1749,0.694321
4FGL J0949.7+5819,1.431
4FGL J0950.2-1623,-inf
4FGL J0950.2+0615,0.435
4FGL J0950.2+4553,0.3994
4FGL J0952.1+3932,0.7
4FGL J0952.2+7503,0.181
4FGL J0952.8+0712,0.435
4FGL J0953.0-0840,-inf
4FGL J0953.1-3005,-inf
4FGL J0953.4-7659,0.109
4FGL J0954.2+4913,0.380045
4FGL J0954.2-2520,-inf
4FGL J0955.1+3551,0.834
4FGL J0955.2+0835,-inf
4FGL J0956.0+3936,1.17301
4FGL J0956.5-0958,0.161
4FGL J0956.7+2516,0.708
4FGL J0957.3-1348,1.323
4FGL J0957.6+5523,0.896
4FGL J0957.8+3423,1.810252
4FGL J0958.0+4728,1.882
4FGL J0958.0-0319,0.6
4FGL J0958.0+3222,0.5306
4FGL J0958.1-6753,-inf
4FGL J0958.3-2656,-inf
4FGL J0958.4+5042,1.154
4FGL J0958.4-2441,-inf
4FGL J0958.7+6534,0.367
4FGL J0958.8+7039,-inf
4FGL J0959.4+2120,0.365
4FGL J0959.6+4606,0.148
4FGL J1001.1+2911,0.558
4FGL J1002.3-1200,-inf
4FGL J1002.5+2215,0.55
4FGL J1002.7+1218,0.6038
4FGL J1002.8+2140,1.452
4FGL J1003.4+0205,2.075
4FGL J1003.6-2137,-inf
4FGL J1003.6+2605,0.9295
4FGL J1006.5+6440,0.56
4FGL J1006.7-2159,0.33
4FGL J1007.0+3455,0.612
4FGL J1007.6-3332,1.837
4FGL J1008.0+0620,0.65
4FGL J1008.0+0028,0.0979
4FGL J1008.1+4706,0.343
4FGL J1008.7-2909,-inf
4FGL J1008.8-3139,0.534
4FGL J1010.2+8251,0.322
4FGL J1010.2-3119,0.142639
4FGL J1010.8-0158,0.896
4FGL J1011.3-0427,1.588
4FGL J1011.6+3600,-inf
4FGL J1012.3-1232,-inf
4FGL J1012.3+0629,0.727
4FGL J1012.7+4228,0.365
4FGL J1012.7+2439,1.805
4FGL J1013.3-2551,-inf
4FGL J1013.4-4006,-inf
4FGL J1013.7+3444,0.208
4FGL J1014.3+4112,-inf
4FGL J1014.7+3210,0.315
4FGL J1014.8+2257,0.566
4FGL J1014.8-0537,-inf
4FGL J1015.0+4926,0.212
4FGL J1015.6+5553,0.677
4FGL J1016.0+0512,1.71272
4FGL J1016.4+7703,-inf
4FGL J1016.5-2650,-inf
4FGL J1017.2-1549,-inf
4FGL J1017.3+5204,0.379
4FGL J1017.4+2538,-inf
4FGL J1017.8+0715,-inf
4FGL J1018.1+1905,-inf
4FGL J1018.3-3124,0.794
4FGL J1018.4+3540,1.228
4FGL J1018.4+0528,1.945255
4FGL J1018.6+3126,0.16138
4FGL J1018.8+5913,-inf
4FGL J1018.9+1043,0.659974
4FGL J1019.7+6321,-inf
4FGL J1019.7+0511,-inf
4FGL J1020.7-3920,-inf
4FGL J1021.1+1626,0.556
4FGL J1021.4+8021,-inf
4FGL J1021.9+5123,0.142
4FGL J1022.4-4231,-inf
4FGL J1022.7-0112,0.36
4FGL J1023.1+3949,1.3328
4FGL J1023.2+2859,0.667572
4FGL J1023.8+3002,0.433
4FGL J1023.8-4335,0.32
4FGL J1023.9-3236,1.568
4FGL J1024.8+2332,0.164653
4FGL J1026.9+0608,0.449
4FGL J1026.9-1749,0.266888
4FGL J1027.0-8542,-inf
4FGL J1027.2+7427,0.879
4FGL J1027.6+6317,0.582
4FGL J1027.6+1828,0.435
4FGL J1027.6+8251,-inf
4FGL J1027.9+0252,0.715
4FGL J1028.3+3108,0.2403
4FGL J1028.4-0234,0.476
4FGL J1030.2-8403,-inf
4FGL J1030.4-3001,-inf
4FGL J1030.6-2028,-inf
4FGL J1031.1+7442,0.123
4FGL J1031.3+5053,0.360403
4FGL J1031.6+6019,1.231173
4FGL J1031.8-2609,-inf
4FGL J1032.6+3737,0.528
4FGL J1032.7+6624,-inf
4FGL J1033.1+4115,1.117
4FGL J1033.5+4221,0.211
4FGL J1033.7+3708,0.447
4FGL J1033.9+6050,1.401
4FGL J1034.0-2547,-inf
4FGL J1035.1-0608,-inf
4FGL J1035.3-2050,-inf
4FGL J1035.3+5541,-inf
4FGL J1035.6+4409,0.4438
4FGL J1035.9-3108,-inf
4FGL J1036.2+2202,0.595133
4FGL J1036.5+1231,-inf
4FGL J1036.6-3741,1.821
4FGL J1037.0-1954,-inf
4FGL J1037.4-2933,0.312
4FGL J1037.7-2822,1.066
4FGL J1037.7+5711,0.83037
4FGL J1038.2-2425,-inf
4FGL J1038.5+3926,-inf
4FGL J1039.2-2848,-inf
4FGL J1039.6+0535,-inf
4FGL J1039.7-1540,0.525
4FGL J1039.9+7326,-inf
4FGL J1040.5+0947,0.303451
4FGL J1040.5+0617,-inf
4FGL J1041.0+1342,0.556
4FGL J1041.1-1201,-inf
4FGL J1041.5+0607,1.265
4FGL J1041.7+3902,0.2084
4FGL J1041.9-0557,0.39
4FGL J1042.1-4128,-inf
4FGL J1042.9+0054,0.73
4FGL J1043.2+2408,0.56
4FGL J1043.6+0654,-inf
4FGL J1044.6+8053,1.254
4FGL J1045.3+2751,-inf
4FGL J1045.8-2928,2.128
4FGL J1045.9-2331,-inf
4FGL J1046.0+5448,0.249
4FGL J1046.8-2534,0.254
4FGL J1047.7+7238,-inf
4FGL J1047.9+0055,0.640855
4FGL J1047.9-3738,-inf
4FGL J1047.9-4642,-inf
4FGL J1048.0-1912,0.595
4FGL J1048.4+7143,1.15
4FGL J1049.5+1548,0.3271
4FGL J1049.7+5011,0.403
4FGL J1049.8+1429,1.63
4FGL J1050.1+0432,1.21725
4FGL J1050.6+2027,1.03789
4FGL J1051.4-3139,1.429
4FGL J1051.4+3942,0.498
4FGL J1051.6+2109,1.3
4FGL J1051.9+0103,0.265
4FGL J1052.3+0818,0.223363
4FGL J1052.9-3743,-inf
4FGL J1053.3-1134,-inf
4FGL J1053.7+4930,0.14
4FGL J1053.9+8628,-inf
4FGL J1054.2+3926,2.6342
4FGL J1054.5+2211,2.055
4FGL J1055.5-0125,-inf
4FGL J1056.0+0253,0.236
4FGL J1056.8+7012,2.492
4FGL J1057.2+5510,2.085
4FGL J1057.3-2341,1.125
4FGL J1057.8-2754,0.090906
4FGL J1058.0+4305,-inf
4FGL J1058.4+0133,0.89
4FGL J1058.5+8115,0.706
4FGL J1058.6+2817,0.4793
4FGL J1058.6-8003,0.569
4FGL J1058.6+5627,0.143
4FGL J1059.2-1134,-inf
4FGL J1059.5+2057,0.4
4FGL J1100.3+4020,0.225
4FGL J1101.3+7017,-inf
4FGL J1101.4+4108,0.58
4FGL J1101.5+3904,-inf
4FGL J1102.1+2249,0.452
4FGL J1102.6+5251,0.68984
4FGL J1102.8-0148,-inf
4FGL J1102.9+3014,0.384
4FGL J1103.0+1157,0.913941
4FGL J1103.6-2329,0.186
4FGL J1104.0+2611,0.712
4FGL J1104.0+0020,0.275
4FGL J1104.4+0730,0.630348
4FGL J1104.4+3812,0.03
4FGL J1104.9+5748,-inf
4FGL J1105.7+6037,1.364966
4FGL J1105.8+3944,0.099
4FGL J1105.8-0731,-inf
4FGL J1106.0+2813,0.843521
4FGL J1106.2-1048,-inf
4FGL J1106.5-3646,1.08
4FGL J1107.0-4449,1.598
4FGL J1107.6+0222,-inf
4FGL J1107.7-3042,0.74
4FGL J1107.8+1501,0.6
4FGL J1108.7-1844,-inf
4FGL J1109.3+2411,0.482297
4FGL J1109.6+3735,0.397422
4FGL J1109.7-4814,-inf
4FGL J1110.2+7135,-inf
4FGL J1110.5-1836,-inf
4FGL J1111.0+3542,-inf
4FGL J1111.4-4624,-inf
4FGL J1111.5+3455,0.212
4FGL J1111.8+4858,-inf
4FGL J1112.0+2607,0.450096
4FGL J1112.4+1751,0.421
4FGL J1112.5+3448,1.9495
4FGL J1113.6-1920,-inf
4FGL J1113.8+1528,-inf
4FGL J1113.9+5523,-inf
4FGL J1114.5-0819,2.078
4FGL J1114.7-0248,1.04
4FGL J1115.2-0703,-inf
4FGL J1116.3-4000,-inf
4FGL J1116.6+2915,0.0469
4FGL J1117.0+2013,0.1392
4FGL J1117.2+0008,0.451
4FGL J1117.6+2550,0.360029
4FGL J1117.6+0217,-inf
4FGL J1117.7-3650,-inf
4FGL J1118.0+5356,-inf
4FGL J1118.2-4634,0.713
4FGL J1118.2-0415,-inf
4FGL J1118.6-1235,1.739
4FGL J1119.0+1235,2.125651
4FGL J1119.6-3047,0.412
4FGL J1120.6+0713,0.287
4FGL J1120.8+4212,0.124
4FGL J1121.3-0011,0.0993
4FGL J1121.4-0553,1.297
4FGL J1123.1-3233,-inf
4FGL J1123.4-2529,0.148
4FGL J1123.6+8028,-inf
4FGL J1123.8+7230,-inf
4FGL J1124.0+2336,1.549
4FGL J1124.0+2045,-inf
4FGL J1124.4+2308,0.795
4FGL J1124.6-0809,-inf
4FGL J1124.9+2143,-inf
4FGL J1124.9+4934,-inf
4FGL J1125.1-2101,-inf
4FGL J1125.5-3557,0.284
4FGL J1125.9-0742,0.2786
4FGL J1125.9+2005,0.13297
4FGL J1126.8-3829,-inf
4FGL J1127.0-1857,1.048
4FGL J1127.3+3755,-inf
4FGL J1127.4+5648,2.89
4FGL J1127.6-4920,-inf
4FGL J1127.8+3618,0.884
4FGL J1128.0+5924,1.795
4FGL J1128.8+3757,-inf
4FGL J1129.1+3703,0.445
4FGL J1129.2-1014,-inf
4FGL J1129.2-0529,-inf
4FGL J1129.5+3034,0.435
4FGL J1129.8-1447,1.184
4FGL J1129.8-4217,0.1563
4FGL J1130.5-7801,-inf
4FGL J1130.5-3137,0.150728
4FGL J1130.8+1016,0.1717
4FGL J1131.0+3815,1.733
4FGL J1131.1-0944,-inf
4FGL J1131.4+5809,0.359646
4FGL J1131.4-0504,0.266
4FGL J1132.2-4736,-inf
4FGL J1132.7+0034,1.223
4FGL J1133.8-2048,0.058
4FGL J1134.7+6612,0.859818
4FGL J1134.8-1729,0.571
4FGL J1135.1+3014,-inf
4FGL J1135.7-0427,0.273184
4FGL J1136.2+3407,1.33695
4FGL J1136.3-0501,-inf
4FGL J1136.4+6736,0.136
4FGL J1136.4+7009,0.045
4FGL J1136.8+2550,0.156
4FGL J1136.8-7413,-inf
4FGL J1137.9-1708,0.6
4FGL J1138.2+4115,0.573711
4FGL J1138.4+4857,1.304
4FGL J1139.0+4033,2.36
4FGL J1139.0+5530,-inf
4FGL J1140.5+1528,0.244
4FGL J1141.4+6805,-inf
4FGL J1141.5-1408,-inf
4FGL J1142.0+1548,0.299
4FGL J1143.1+6122,0.475
4FGL J1143.7-1014,-inf
4FGL J1143.9+1558,0.67424
4FGL J1144.9+1937,0.021718
4FGL J1145.5-0340,0.167
4FGL J1145.5+4423,0.299836
4FGL J1145.6+5552,-inf
4FGL J1145.7+0453,1.342
4FGL J1145.7-1528,-inf
4FGL J1146.4-3327,-inf
4FGL J1146.6-2902,0.45
4FGL J1146.9+3958,1.089
4FGL J1147.0-3812,1.048
4FGL J1147.2-2627,-inf
4FGL J1147.8-0724,1.342
4FGL J1148.5+2629,0.867225
4FGL J1148.6+1841,0.405
4FGL J1149.0+5924,0.011
4FGL J1149.1+2819,-inf
4FGL J1149.2+6246,-inf
4FGL J1149.4+2441,0.402
4FGL J1149.5-4029,-inf
4FGL J1150.4+2418,0.2
4FGL J1150.6+4154,0.32
4FGL J1150.6-4823,-inf
4FGL J1151.3+0957,-inf
4FGL J1151.5-1347,0.838
4FGL J1151.5+5859,0.118
4FGL J1151.6-2115,-inf
4FGL J1152.1+2837,0.441
4FGL J1152.3-0839,2.37
4FGL J1152.8+3308,1.397596
4FGL J1153.0+8056,1.25
4FGL J1153.3-1104,0.269
4FGL J1153.4+4931,0.334
4FGL J1153.6-2553,-inf
4FGL J1153.7+3822,0.410456
4FGL J1154.0-0010,0.254
4FGL J1154.0+4037,0.925125
4FGL J1154.0+6018,1.12
4FGL J1154.1-3243,-inf
4FGL J1155.2+4320,1.175617
4FGL J1155.5-3418,-inf
4FGL J1155.8+6137,1.525
4FGL J1155.8-1217,-inf
4FGL J1156.6+0640,-inf
4FGL J1156.6-2248,-inf
4FGL J1158.5+4824,2.028
4FGL J1158.9+0956,-inf
4FGL J1158.9+0818,0.29
4FGL J1159.0+0939,-inf
4FGL J1159.2-2227,0.565
4FGL J1159.3-2142,0.617
4FGL J1159.5+2914,0.729
4FGL J1159.5-0723,-inf
4FGL J1200.2+0201,-inf
4FGL J1200.6+1229,0.415
4FGL J1200.7+2008,-inf
4FGL J1200.8-1429,-inf
4FGL J1201.1-0332,0.755
4FGL J1201.7+1429,-inf
4FGL J1202.4+4442,0.297
4FGL J1202.5-0528,0.381
4FGL J1202.5+3852,0.805
4FGL J1202.9+5141,0.063
4FGL J1203.1+6031,0.065
4FGL J1203.3+1119,0.435
4FGL J1203.4-3925,0.227
4FGL J1203.7+5821,-inf
4FGL J1204.0+1146,0.296221
4FGL J1204.2-0709,0.184
4FGL J1204.4+3750,-inf
4FGL J1204.8+0407,1.947
4FGL J1205.7-2635,0.789
4FGL J1205.8+3321,2.125
4FGL J1207.2-0524,-inf
4FGL J1207.7-0106,1.006
4FGL J1207.7-2229,-inf
4FGL J1208.1+3017,-inf
4FGL J1208.2-7810,-inf
4FGL J1208.4+6121,0.275
4FGL J1208.8-1751,-inf
4FGL J1208.8-2754,-inf
4FGL J1208.9+5441,1.345123
4FGL J1209.0-4630,-inf
4FGL J1209.4+4118,1.336
4FGL J1209.4+7608,-inf
4FGL J1209.7+2548,1.435
4FGL J1209.8+1810,0.845
4FGL J1210.3+3928,0.616935
4FGL J1211.0-3800,-inf
4FGL J1211.6-2735,-inf
4FGL J1211.6+3901,0.6
4FGL J1212.0-2326,0.666
4FGL J1212.0+2242,0.45
4FGL J1212.1+6412,-inf
4FGL J1212.2+2442,-inf
4FGL J1212.7-1402,-inf
4FGL J1213.0+5129,0.796
4FGL J1213.3-2618,0.278
4FGL J1213.6+1306,1.14024
4FGL J1213.7+6423,-inf
4FGL J1213.8-4345,-inf
4FGL J1214.6-1926,-inf
4FGL J1215.0+5351,0.338008
4FGL J1215.0+1656,1.132
4FGL J1215.1+5002,1.545
4FGL J1215.1+0731,0.136465
4FGL J1215.1+3513,0.8834
4FGL J1215.8-3732,-inf
4FGL J1215.8-1733,-inf
4FGL J1216.1-0242,0.359
4FGL J1216.1+0930,0.0935
4FGL J1217.9+3007,0.13
4FGL J1218.0-0028,0.419
4FGL J1218.5-0119,-inf
4FGL J1219.0+4827,1.076
4FGL J1219.0+3653,3.528223
4FGL J1219.0-4827,0.15
4FGL J1219.6+0550,-inf
4FGL J1219.7-0313,0.299
4FGL J1219.7+0444,-inf
4FGL J1219.9+6056,-inf
4FGL J1220.1+7105,0.451
4FGL J1220.1+3432,-inf
4FGL J1220.2-3713,-inf
4FGL J1221.3+3010,0.184
4FGL J1221.5+2814,0.102
4FGL J1221.9+3543,1.789017
4FGL J1222.0-4121,-inf
4FGL J1222.5+0414,0.9642
4FGL J1223.0+1100,1.368
4FGL J1223.3+1213,-inf
4FGL J1223.5+0818,-inf
4FGL J1223.6-3032,-inf
4FGL J1223.8+4649,0.261
4FGL J1223.8+8039,-inf
4FGL J1223.9+7954,0.375
4FGL J1223.9+5000,1.063952
4FGL J1224.1+2239,0.4821
4FGL J1224.4+2436,0.219
4FGL J1224.7-8313,-inf
4FGL J1224.9+2122,0.434
4FGL J1224.9+4334,0.948
4FGL J1225.0+0330,0.956
4FGL J1225.3-3446,-inf
4FGL J1225.4-1550,-inf
4FGL J1225.5-2851,-inf
4FGL J1225.6-7313,-inf
4FGL J1226.0+5622,-inf
4FGL J1226.7+0637,0.583
4FGL J1226.8-1329,0.456
4FGL J1227.1-4437,0.11
4FGL J1228.3+7521,-inf
4FGL J1228.7+4858,1.716056
4FGL J1228.7-0318,-inf
4FGL J1229.0+0202,0.158
4FGL J1229.1+5521,-inf
4FGL J1230.2+2517,0.135
4FGL J1230.8+1223,0.004283
4FGL J1230.9+3711,0.218
4FGL J1231.5+1421,0.256
4FGL J1231.6+6415,0.16294
4FGL J1231.7+2847,0.236451
4FGL J1232.5+4821,1.588
4FGL J1232.5-3720,-inf
4FGL J1233.1+1703,-inf
4FGL J1233.6+5027,0.206796
4FGL J1233.7-0144,-inf
4FGL J1234.2+2813,0.454294
4FGL J1234.7-0434,-inf
4FGL J1235.1-1405,0.4
4FGL J1236.3+3858,0.39
4FGL J1237.0+3019,-inf
4FGL J1237.8+6256,0.296903
4FGL J1238.1-4541,-inf
4FGL J1238.3-1959,-inf
4FGL J1238.5-1201,1.32
4FGL J1239.4+0728,0.4
4FGL J1239.5+0443,1.761
4FGL J1240.4-2606,-inf
4FGL J1241.3+4236,0.619095
4FGL J1241.5+3439,0.7
4FGL J1241.8-1456,0.531
4FGL J1241.9+0636,0.15
4FGL J1242.6+7635,-inf
4FGL J1242.9+7315,0.075
4FGL J1243.0+3950,1.285
4FGL J1243.2+3627,1.065
4FGL J1243.9-0218,-inf
4FGL J1244.2-4956,-inf
4FGL J1244.5+1616,0.456
4FGL J1245.1+5709,1.54487
4FGL J1245.8+0232,-inf
4FGL J1246.3+0112,0.386
4FGL J1246.7-2548,0.635
4FGL J1247.0+4421,0.6
4FGL J1248.3+5820,-inf
4FGL J1248.7+5127,0.350853
4FGL J1248.9+4840,1.8525
4FGL J1249.2-2809,-inf
4FGL J1249.3-0545,-inf
4FGL J1249.8+3707,0.286
4FGL J1250.2+3157,-inf
4FGL J1250.6+0217,0.953508
4FGL J1250.8+3117,-inf
4FGL J1251.2+1039,0.2454
4FGL J1251.3-0201,0.335
4FGL J1251.3-1719,0.606
4FGL J1253.2+5301,-inf
4FGL J1253.5-3934,0.179
4FGL J1253.8+0327,0.065686
4FGL J1253.8+6242,0.867
4FGL J1253.8+2929,-inf
4FGL J1254.2-2205,-inf
4FGL J1254.5+2210,0.509
4FGL J1254.9-4426,0.041
4FGL J1254.9+1138,0.872
4FGL J1256.1-0547,0.536
4FGL J1256.2-1146,0.0579
4FGL J1257.2+3646,0.530688
4FGL J1257.6+2413,0.141
4FGL J1257.8+3228,0.806
4FGL J1258.3+6121,0.224
4FGL J1258.6-1759,1.956
4FGL J1258.7-0452,0.586
4FGL J1258.7+5143,-inf
4FGL J1258.8-2219,1.303
4FGL J1259.1-2311,0.481
4FGL J1259.5+2332,-inf
4FGL J1259.7-3223,0.01375
4FGL J1259.8-3749,-inf
4FGL J1300.0+1753,-inf
4FGL J1300.3+5353,0.643511
4FGL J1300.4+1416,1.108552
4FGL J1301.5+4413,0.435
4FGL J1301.6+4056,0.652
4FGL J1301.6+3336,1.0084
4FGL J1302.3+6901,0.567
4FGL J1302.7+4750,0.14
4FGL J1302.8+5748,1.088
4FGL J1303.0+2434,0.993
4FGL J1303.6-4622,1.664
4FGL J1304.0+3704,0.425
4FGL J1304.2-2412,-inf
4FGL J1304.3-4353,-inf
4FGL J1304.6-0348,1.25
4FGL J1304.9-2107,-inf
4FGL J1305.3+5118,0.787552
4FGL J1305.6+7853,-inf
4FGL J1305.9+3858,-inf
4FGL J1306.3+1113,0.085704
4FGL J1306.7-2148,0.126
4FGL J1307.6-4259,-inf
4FGL J1308.5+3547,1.055
4FGL J1309.4+4305,0.691
4FGL J1309.6+3718,-inf
4FGL J1309.7+1153,-inf
4FGL J1310.1-0450,-inf
4FGL J1310.2-1158,0.14
4FGL J1310.5+3221,0.997
4FGL J1310.6+2449,0.226
4FGL J1310.9+5514,0.9245
4FGL J1311.0+0034,0.002307
4FGL J1311.0+3233,1.639
4FGL J1311.8+3954,-inf
4FGL J1311.8+2057,-inf
4FGL J1312.4-2156,1.491
4FGL J1312.6-1900,0.63
4FGL J1312.6+4828,0.501
4FGL J1312.8-2350,0.46
4FGL J1312.8-0425,0.8249
4FGL J1314.7-0901,-inf
4FGL J1314.7+2348,-inf
4FGL J1315.0-4236,0.105
4FGL J1315.4+8453,-inf
4FGL J1315.5+1135,0.73
4FGL J1315.9-0732,-inf
4FGL J1316.1-3338,1.21
4FGL J1316.5+3013,0.375
4FGL J1317.1+6613,-inf
4FGL J1317.6+3428,1.05
4FGL J1317.6+7450,-inf
4FGL J1318.1-1740,-inf
4FGL J1318.2+6754,-inf
4FGL J1318.7-1234,-inf
4FGL J1319.5-0045,0.890996
4FGL J1319.5+1404,0.573
4FGL J1319.8+7759,-inf
4FGL J1320.7+3314,0.923783
4FGL J1321.1+2216,0.943
4FGL J1321.3-2641,2.027
4FGL J1321.9+3219,-inf
4FGL J1322.0+8317,1.024
4FGL J1322.2+0842,0.32549
4FGL J1322.3-0606,-inf
4FGL J1322.6-0936,1.864
4FGL J1322.6-1418,-inf
4FGL J1322.6-1617,-inf
4FGL J1322.9+0437,0.224
4FGL J1323.0+2941,1.143
4FGL J1323.9+1405,0.47
4FGL J1324.0-4330e,-inf
4FGL J1324.9+4748,2.26
4FGL J1325.3+6621,0.21
4FGL J1325.5-4300,0.0018
4FGL J1325.6-0227,0.8
4FGL J1326.1+2933,0.431
4FGL J1326.1+1232,0.204153
4FGL J1326.2+4115,0.3096
4FGL J1326.6+0152,-inf
4FGL J1326.7-0503,1.882
4FGL J1326.9+2210,1.398
4FGL J1327.0+3154,0.239005
4FGL J1327.8+2522,-inf
4FGL J1328.5-4727,-inf
4FGL J1328.6+1145,0.49
4FGL J1329.4-0530,0.575868
4FGL J1330.2+7002,-inf
4FGL J1330.3+4441,-inf
4FGL J1330.4+3157,-inf
4FGL J1330.7+5200,0.688
4FGL J1330.7+2933,-inf
4FGL J1331.0+3032,0.849934
4FGL J1331.0+5653,0.7
4FGL J1331.2-1325,0.25
4FGL J1331.6+1711,-inf
4FGL J1331.7-0343,1.352
4FGL J1331.7-0647,0.126187
4FGL J1332.0-0509,2.15
4FGL J1332.2+4722,0.6687
4FGL J1332.6-1256,1.492
4FGL J1333.2+2725,0.731
4FGL J1333.7+5056,1.362
4FGL J1334.1-3521,-inf
4FGL J1334.5+5634,0.342578
4FGL J1335.3-2949,0.25
4FGL J1336.2+2107,0.547387
4FGL J1336.2+2320,0.267
4FGL J1336.2+2053,-inf
4FGL J1337.4+5502,1.099576
4FGL J1337.5-7802,-inf
4FGL J1337.6-1257,0.539
4FGL J1337.9-1956,-inf
4FGL J1338.0+6534,0.946
4FGL J1338.9+1153,-inf
4FGL J1339.0-2400,0.657
4FGL J1339.1-2620,1.51
4FGL J1339.9-0138,1.62
4FGL J1340.0-1501,-inf
4FGL J1340.1+3857,-inf
4FGL J1340.4+6926,-inf
4FGL J1340.5+4409,0.546
4FGL J1340.8-0409,0.223
4FGL J1341.1+7433,-inf
4FGL J1341.2+3958,0.172
4FGL J1341.6+5515,0.207
4FGL J1341.7-3907,-inf
4FGL J1341.8-2053,1.582
4FGL J1342.6+0944,0.28279
4FGL J1342.7+0505,0.13648
4FGL J1343.6+5755,0.933
4FGL J1344.0+6605,1.351
4FGL J1344.1-7700,-inf
4FGL J1344.2-1723,2.49
4FGL J1344.4-3656,-inf
4FGL J1345.5+4453,2.534
4FGL J1345.6-3356,-inf
4FGL J1345.8+0706,1.0933
4FGL J1346.3+7227,-inf
4FGL J1347.1-2959,-inf
4FGL J1347.4+7309,-inf
4FGL J1347.6-3751,1.3
4FGL J1348.9+0756,0.25
4FGL J1349.5-1131,0.34
4FGL J1350.8+3033,0.711515
4FGL J1351.0+0029,2.084
4FGL J1351.3+1115,-inf
4FGL J1351.4-1529,0.285
4FGL J1351.7-2912,1.034
4FGL J1351.7+5542,-inf
4FGL J1351.9+2847,0.267797
4FGL J1352.7-2742,-inf
4FGL J1353.0-4413,-inf
4FGL J1353.2+3740,0.216
4FGL J1353.3+1434,0.405
4FGL J1353.4+5600,0.404
4FGL J1353.7-3936,-inf
4FGL J1354.2+6934,-inf
4FGL J1354.3-0206,3.716
4FGL J1354.4+3707,0.383965
4FGL J1354.7+0623,0.276
4FGL J1354.8-1041,0.33
4FGL J1356.2-2454,-inf
4FGL J1356.2-1726,0.074745
4FGL J1357.1+1921,0.72
4FGL J1357.5+0127,0.2187
4FGL J1358.1+7642,1.585
4FGL J1358.9-0703,-inf
4FGL J1359.1+5544,1.014
4FGL J1359.1-1152,-inf
4FGL J1359.4+0202,1.325654
4FGL J1359.7+4012,0.407
4FGL J1359.8-3746,0.334
4FGL J1400.2-4010,0.203
4FGL J1401.1-3717,-inf
4FGL J1401.2-0915,0.667
4FGL J1402.5-1827,-inf
4FGL J1402.6+1600,0.2442
4FGL J1402.6-3330,2.14
4FGL J1403.4+4319,0.493249
4FGL J1404.8+6554,0.363
4FGL J1404.8+0402,0.344
4FGL J1405.3-0640,-inf
4FGL J1406.1-2508,-inf
4FGL J1406.4-1654,-inf
4FGL J1406.5-0054,0.25526
4FGL J1406.6-3934,0.37
4FGL J1406.9+1643,0.54
4FGL J1407.5-2706,-inf
4FGL J1407.6-4301,-inf
4FGL J1408.7+3617,-inf
4FGL J1408.9-0751,1.493
4FGL J1409.7+5940,0.496089
4FGL J1410.1+0202,-inf
4FGL J1410.3+1438,0.14425
4FGL J1410.3+6058,0.384
4FGL J1410.4+2820,0.522091
4FGL J1410.5+6215,-inf
4FGL J1411.5-0723,-inf
4FGL J1411.8+5249,0.07649
4FGL J1412.0+3836,0.64552
4FGL J1412.1+7427,0.46
4FGL J1412.2+2132,-inf
4FGL J1412.9+5018,1.529
4FGL J1415.5+4830,0.496167
4FGL J1415.9-1002,2.001
4FGL J1416.1+1320,0.247
4FGL J1416.1-2417,0.136
4FGL J1417.9+4613,1.554
4FGL J1417.9+2543,0.237
4FGL J1418.4-0233,0.356
4FGL J1418.4+3543,0.8193
4FGL J1418.7-3504,1.544
4FGL J1418.9+7731,0.27
4FGL J1419.3+0444,0.143
4FGL J1419.4-0838,0.903
4FGL J1419.5+3821,1.831
4FGL J1419.8+5423,0.153
4FGL J1420.3+0612,-inf
4FGL J1420.9-7920,-inf
4FGL J1421.1-4614,0.005515
4FGL J1421.1-1120,-inf
4FGL J1421.1+3859,0.489
4FGL J1421.6-4819,-inf
4FGL J1422.5+3223,0.681889
4FGL J1422.6+5801,0.635
4FGL J1422.6+8150,-inf
4FGL J1423.1+3738,-inf
4FGL J1423.5+4524,-inf
4FGL J1423.5-7829,0.788
4FGL J1424.1-1750,0.082244
4FGL J1424.1+2917,0.335
4FGL J1424.2+0433,0.6654
4FGL J1424.5+3433,0.576178
4FGL J1424.5+3705,0.289567
4FGL J1424.6+1447,-inf
4FGL J1425.0+3615,-inf
4FGL J1425.4-0119,-inf
4FGL J1425.8+1423,0.78
4FGL J1426.1+3403,-inf
4FGL J1426.4+3625,1.091
4FGL J1427.0+2348,0.6035
4FGL J1427.4-1823,-inf
4FGL J1427.6-3305,-inf
4FGL J1427.7-3215,-inf
4FGL J1427.9-4206,1.522
4FGL J1428.1+1629,-inf
4FGL J1428.3+5635,2.129
4FGL J1428.5+4240,0.129
4FGL J1428.7-1017,-inf
4FGL J1428.8+7429,-inf
4FGL J1428.9+5406,3.013
4FGL J1429.8-3058,-inf
4FGL J1430.5+3647,0.567
4FGL J1431.0-4458,-inf
4FGL J1431.1-3120,-inf
4FGL J1432.2+5051,-inf
4FGL J1432.8+7648,-inf
4FGL J1433.0-1801,2.331
4FGL J1433.7-7304,-inf
4FGL J1434.2+4204,1.24
4FGL J1434.7+1950,1.382
4FGL J1434.8+6640,-inf
4FGL J1435.3+7120,-inf
4FGL J1435.5+2021,0.748
4FGL J1435.7+6148,-inf
4FGL J1435.9-8348,-inf
4FGL J1436.9+2321,1.547438
4FGL J1436.9+5638,0.15
4FGL J1437.3-3239,-inf
4FGL J1438.0-3128,1.287
4FGL J1438.1-2201,1.187
4FGL J1438.5-4207,-inf
4FGL J1438.6+1205,0.848
4FGL J1438.9+3710,2.401
4FGL J1439.3+3932,0.344
4FGL J1439.5-2525,0.16
4FGL J1439.7+4958,-inf
4FGL J1439.9-3953,0.3
4FGL J1440.0-2343,-inf
4FGL J1440.0-1530,-inf
4FGL J1440.6-3846,0.35
4FGL J1440.9+0609,0.435
4FGL J1441.6-1522,2.638
4FGL J1441.7+1836,-inf
4FGL J1442.0+4348,0.6725
4FGL J1442.2+0622,0.698
4FGL J1442.6-4623,0.102552
4FGL J1442.7+1200,0.163
4FGL J1443.1+5201,0.141186
4FGL J1443.1+4728,0.705472
4FGL J1443.6+2515,0.529022
4FGL J1443.7-0954,-inf
4FGL J1443.9-3908,0.0654
4FGL J1443.9+2501,0.939
4FGL J1445.0-0326,0.31
4FGL J1445.2-1954,-inf
4FGL J1445.9-1626,-inf
4FGL J1446.0-3039,-inf
4FGL J1446.3+3111,-inf
4FGL J1446.7+1719,1.024
4FGL J1446.8-1830,-inf
4FGL J1447.0-2657,-inf
4FGL J1448.0+3608,-inf
4FGL J1449.5+2746,0.030588
4FGL J1449.6-2137,0.938
4FGL J1449.7-0910,-inf
4FGL J1450.4+0910,2.611
4FGL J1450.8+5201,2.471
4FGL J1451.4+6355,0.65
4FGL J1451.5+1415,0.529
4FGL J1451.8-3851,-inf
4FGL J1453.0-1318,-inf
4FGL J1453.5+3505,0.721
4FGL J1454.0+4927,2.085
4FGL J1454.1+1622,1.2763
4FGL J1454.1+2647,-inf
4FGL J1454.4-3744,0.314
4FGL J1454.4+5124,-inf
4FGL J1454.7+5237,-inf
4FGL J1454.8-2456,1.216
4FGL J1455.0+0247,-inf
4FGL J1455.4-3654,0.094659
4FGL J1455.8-7601,-inf
4FGL J1456.0+5051,0.49
4FGL J1457.3-4246,-inf
4FGL J1457.4-3539,1.424
4FGL J1457.8-4642,0.1
4FGL J1458.6+3722,0.333
4FGL J1459.0+7140,0.91
4FGL J1459.0+6129,-inf
4FGL J1459.5+1527,0.3711
4FGL J1500.7+4752,1.059
4FGL J1500.9+5528,-inf
4FGL J1501.0+2238,0.235
4FGL J1502.5+5552,0.065419
4FGL J1503.3+1651,1.57
4FGL J1503.5+4759,0.3445
4FGL J1503.7-1540,0.38
4FGL J1503.9-4247,-inf
4FGL J1504.4+1029,1.839
4FGL J1504.9+2027,-inf
4FGL J1505.0-3433,-inf
4FGL J1505.0+0326,0.409
4FGL J1505.5-8241,-inf
4FGL J1506.1+3731,0.673
4FGL J1506.4-0540,0.518
4FGL J1506.4+4331,0.47
4FGL J1506.6+0813,0.376
4FGL J1507.2-1651,0.876
4FGL J1507.2+1721,0.56528
4FGL J1507.3-3710,-inf
4FGL J1507.3+3341,-inf
4FGL J1508.4+7717,-inf
4FGL J1508.8+2708,0.27
4FGL J1509.6-4334,0.776
4FGL J1509.7+5556,1.68
4FGL J1509.8-2906,-inf
4FGL J1510.1+5702,4.313
4FGL J1510.4-3017,-inf
4FGL J1510.8+7959,-inf
4FGL J1510.8-0542,1.191
4FGL J1511.8-0513,-inf
4FGL J1512.1-2255,0.3152
4FGL J1512.2+4704,0.001258
4FGL J1512.2+0202,0.219915
4FGL J1512.8-0906,0.36
4FGL J1513.2-7131,-inf
4FGL J1513.4-3721,-inf
4FGL J1513.4-0753,-inf
4FGL J1513.4-3231,1.153
4FGL J1514.4-7719,-inf
4FGL J1514.6-2044,-inf
4FGL J1514.7-3617,-inf
4FGL J1514.8-0949,-inf
4FGL J1516.0+2424,0.228
4FGL J1516.1+4351,-inf
4FGL J1516.4-1523,-inf
4FGL J1516.5+0015,0.052489
4FGL J1516.8+2918,0.13
4FGL J1516.8+3651,-inf
4FGL J1516.9+1934,-inf
4FGL J1517.0+2639,0.385
4FGL J1517.3+6630,-inf
4FGL J1517.7-2422,0.048
4FGL J1517.7+6525,0.702
4FGL J1518.0-2731,-inf
4FGL J1518.4+0750,0.41
4FGL J1518.6+0614,0.102341
4FGL J1518.6+4044,0.065228
4FGL J1520.0-0905,-inf
4FGL J1520.4+5546,-inf
4FGL J1520.5+4209,0.484
4FGL J1520.8-0348,-inf
4FGL J1521.1+0421,0.052316
4FGL J1521.8+4338,2.1677
4FGL J1522.1+3144,1.489
4FGL J1522.6-2730,1.297
4FGL J1523.2-3941,-inf
4FGL J1523.2+0533,0.175931
4FGL J1523.2+2818,-inf
4FGL J1525.7-4334,-inf
4FGL J1526.1-0831,-inf
4FGL J1526.7-1529,0.43
4FGL J1527.3+3117,1.392
4FGL J1528.2-2905,-inf
4FGL J1528.5-2240,-inf
4FGL J1529.2+3812,1.06225
4FGL J1529.7+6733,-inf
4FGL J1530.3+2709,-inf
4FGL J1530.5-3026,-inf
4FGL J1530.9+5736,1.1
4FGL J1531.7+4710,0.316
4FGL J1532.0+3016,0.065
4FGL J1532.7+2342,-inf
4FGL J1532.7-1319,-inf
4FGL J1533.2+1855,0.307
4FGL J1533.2+3416,0.8105
4FGL J1534.8+3716,0.143
4FGL J1534.8+0131,1.428
4FGL J1535.0+5320,0.89
4FGL J1535.3-3135,-inf
4FGL J1535.4+3919,0.257
4FGL J1536.8-3155,-inf
4FGL J1536.9-3731,-inf
4FGL J1537.7-7957,-inf
4FGL J1537.9-1344,-inf
4FGL J1539.6+2743,2.196
4FGL J1539.7-1127,-inf
4FGL J1539.9+4220,-inf
4FGL J1540.1+4142,0.12
4FGL J1540.1+8155,-inf
4FGL J1540.4+6606,-inf
4FGL J1540.7+1449,0.605
4FGL J1541.7+1413,0.223
4FGL J1541.9-2915,-inf
4FGL J1542.3+1801,1.65942
4FGL J1543.0+6130,0.117
4FGL J1543.3+1026,-inf
4FGL J1543.6+0452,0.039961
4FGL J1544.3-0649,-inf
4FGL J1544.7+5017,-inf
4FGL J1545.8-2336,0.1204
4FGL J1546.0+0819,0.35
4FGL J1546.1-1003,-inf
4FGL J1546.4-2903,-inf
4FGL J1546.5+1816,1.005
4FGL J1547.3-1531,-inf
4FGL J1547.3-2802,0.57
4FGL J1548.3+6615,-inf
4FGL J1548.3+1456,0.23
4FGL J1548.8-2250,0.192
4FGL J1549.0+4821,1.817387
4FGL J1549.0+7846,-inf
4FGL J1549.3+6310,0.269
4FGL J1549.3+4234,0.405
4FGL J1549.4+7409,-inf
4FGL J1549.5+0236,0.414
4FGL J1549.6+1710,2.625
4FGL J1549.8-3044,-inf
4FGL J1549.8-0659,-inf
4FGL J1550.7+7006,-inf
4FGL J1550.7+0528,1.422
4FGL J1550.8-0822,-inf
4FGL J1550.8-1750,1.32
4FGL J1552.0+0850,1.015
4FGL J1553.3+0600,0.619
4FGL J1553.5-6910,-inf
4FGL J1553.5-3118,-inf
4FGL J1553.6+1257,1.29
4FGL J1553.6-2422,0.332
4FGL J1554.0-0243,-inf
4FGL J1554.4-1215,-inf
4FGL J1554.9+2143,0.387593
4FGL J1555.7+1111,0.36
4FGL J1556.6+1417,-inf
4FGL J1557.5-7040,-inf
4FGL J1557.9-0001,1.77
4FGL J1557.9-1404,0.097
4FGL J1558.1+6239,-inf
4FGL J1558.8+5625,0.3
4FGL J1559.1+6736,-inf
4FGL J1559.8-0425,-inf
4FGL J1559.8-2525,-inf
4FGL J1559.9+2319,1.034
4FGL J1600.0+8510,-inf
4FGL J1602.0-0641,-inf
4FGL J1602.1+3324,1.1
4FGL J1602.2+3051,0.47
4FGL J1602.9-1928,-inf
4FGL J1603.5-7112,-inf
4FGL J1603.8+1104,0.143
4FGL J1603.8+5009,0.621
4FGL J1604.6+5714,0.72
4FGL J1604.7+1734,-inf
4FGL J1604.9-3414,-inf
4FGL J1605.1-1140,-inf
4FGL J1605.5+5423,0.212
4FGL J1605.8+7208,-inf
4FGL J1606.2+1346,0.29
4FGL J1606.3+5629,0.45
4FGL J1606.5+2717,0.934
4FGL J1606.6+1324,-inf
4FGL J1606.8-0351,-inf
4FGL J1606.9+5919,0.132
4FGL J1607.0+1550,0.496
4FGL J1608.0+4949,-inf
4FGL J1608.0-1625,-inf
4FGL J1608.0-2038,-inf
4FGL J1608.3+4012,0.628143
4FGL J1608.7+1029,1.226
4FGL J1610.6+2414,1.449
4FGL J1610.7-6648,-inf
4FGL J1611.3-0930,-inf
4FGL J1612.2+2828,0.053222
4FGL J1612.4-3100,-inf
4FGL J1612.4-0554,-inf
4FGL J1613.3-1907,-inf
4FGL J1613.6+3411,1.399
4FGL J1614.8-0850,-inf
4FGL J1615.6+2130,1.628565
4FGL J1615.6+4712,0.19863
4FGL J1616.6+4630,0.95206
4FGL J1616.7+3327,-inf
4FGL J1616.7+4107,0.267
4FGL J1617.2-2535,-inf
4FGL J1617.3-1513,-inf
4FGL J1617.9-7718,1.71
4FGL J1618.0+5139,2.55602
4FGL J1618.8+0620,-inf
4FGL J1619.0+7536,-inf
4FGL J1619.0-8346,0.066
4FGL J1619.6+5536,-inf
4FGL J1621.3-0030,0.413542
4FGL J1621.7-1103,-inf
4FGL J1623.4+0858,0.533
4FGL J1623.6+5743,0.789
4FGL J1624.6+5651,-inf
4FGL J1625.7-2527,0.786
4FGL J1625.7+4134,2.55
4FGL J1626.0-2950,0.815
4FGL J1626.3+3514,0.49738
4FGL J1626.4+1820,-inf
4FGL J1626.6-7639,0.105
4FGL J1626.8+4337,1.048
4FGL J1627.3+3148,-inf
4FGL J1627.3+4758,2.325736
4FGL J1627.4-3301,-inf
4FGL J1627.7+0251,-inf
4FGL J1628.3-3343,-inf
4FGL J1628.6+7706,0.4
4FGL J1630.6+8234,0.024
4FGL J1630.7+5221,1.545
4FGL J1631.2+4926,0.52
4FGL J1631.2+1046,-inf
4FGL J1632.2+0854,-inf
4FGL J1632.4+5800,-inf
4FGL J1632.8-1048,-inf
4FGL J1633.5+2806,-inf
4FGL J1633.8+0701,-inf
4FGL J1634.9+1222,-inf
4FGL J1635.2+3808,1.814
4FGL J1635.3+0911,-inf
4FGL J1635.6+3500,0.405
4FGL J1635.6+3628,3.647763
4FGL J1636.3+7128,-inf
4FGL J1636.5-0454,-inf
4FGL J1636.7+2627,-inf
4FGL J1637.1+1316,0.559
4FGL J1637.2+4327,0.344
4FGL J1637.6+4548,0.192
4FGL J1637.7+4717,0.735
4FGL J1637.7+7326,-inf
4FGL J1638.0+0042,-inf
4FGL J1638.1+5721,0.751
4FGL J1639.2+4129,0.69056
4FGL J1640.2+0629,-inf
4FGL J1640.3+6850,-inf
4FGL J1640.4+3945,1.66
4FGL J1640.9+1143,0.0799
4FGL J1641.9-0621,-inf
4FGL J1642.3-8108,-inf
4FGL J1642.4+2211,0.592
4FGL J1642.9+3948,0.593
4FGL J1643.0+3223,1.028
4FGL J1643.0-7714,-inf
4FGL J1643.5-0646,0.082
4FGL J1643.7+3317,0.61571
4FGL J1644.2+4546,0.225
4FGL J1644.8-2154,-inf
4FGL J1644.9+2620,0.144
4FGL J1645.6+6329,2.379
4FGL J1646.0-0942,-inf
4FGL J1646.6+7422,-inf
4FGL J1646.7-1330,-inf
4FGL J1647.0+6040,-inf
4FGL J1647.1+6149,0.347
4FGL J1647.4-6438,-inf
4FGL J1647.5+2911,0.132
4FGL J1647.5+4950,0.049
4FGL J1648.0+2221,0.822666
4FGL J1648.1-2920,-inf
4FGL J1648.2+4232,-inf
4FGL J1649.3+8252,-inf
4FGL J1649.4+5235,-inf
4FGL J1649.6+0411,-inf
4FGL J1650.7+0831,1.965
4FGL J1650.9+0429,-inf
4FGL J1651.6+7219,-inf
4FGL J1652.7+4024,0.24
4FGL J1653.8+3945,0.033
4FGL J1656.0+2047,-inf
4FGL J1656.9-2010,0.46
4FGL J1657.0+6010,0.623
4FGL J1657.7-6120,-inf
4FGL J1657.7+4808,1.669
4FGL J1657.7+0738,0.621
4FGL J1658.4+6150,0.374326
4FGL J1659.0+2627,0.793134
4FGL J1700.0+6830,0.301
4FGL J1701.0+6613,-inf
4FGL J1701.3+3956,-inf
4FGL J1702.2+2642,-inf
4FGL J1702.6+3114,0.47
4FGL J1703.6-6213,1.755
4FGL J1704.1+7647,-inf
4FGL J1704.2+1234,0.45
4FGL J1704.5-0527,-inf
4FGL J1705.0+7134,0.35
4FGL J1705.3-6946,-inf
4FGL J1705.4+5436,-inf
4FGL J1705.5-7423,-inf
4FGL J1706.1+1000,-inf
4FGL J1706.8+3004,0.425
4FGL J1706.9+4543,0.648
4FGL J1707.1-1931,-inf
4FGL J1707.5+1649,0.291
4FGL J1707.9+0016,-inf
4FGL J1709.7+4318,1.027
4FGL J1710.1-2030,-inf
4FGL J1711.1+0242,-inf
4FGL J1712.7+2932,0.42
4FGL J1713.7+8844,-inf
4FGL J1714.0-2029,-inf
4FGL J1715.0+2616,-inf
4FGL J1715.8+2151,0.358
4FGL J1716.1+6836,0.777
4FGL J1716.6-6707,-inf
4FGL J1717.3-6045,-inf
4FGL J1717.5-8114,0.073
4FGL J1719.2+1745,0.137
4FGL J1719.3+1205,-inf
4FGL J1720.2+3824,0.45253
4FGL J1722.6+6104,2.058
4FGL J1722.7+1014,0.732
4FGL J1723.6-7714,-inf
4FGL J1724.1+3304,0.548
4FGL J1724.2+4005,1.049
4FGL J1724.2-6501,0.014428
4FGL J1724.9+7654,0.68
4FGL J1725.0+1152,0.18
4FGL J1725.4+5254,-inf
4FGL J1725.5+5851,0.2974
4FGL J1727.2+0644,-inf
4FGL J1727.4+4530,0.717
4FGL J1727.9-0654,-inf
4FGL J1728.0+1216,0.583
4FGL J1728.3+5013,0.055
4FGL J1728.4+0427,0.293
4FGL J1728.5-7303,-inf
4FGL J1728.6-7448,-inf
4FGL J1730.6+0024,1.335
4FGL J1730.6+3805,-inf
4FGL J1730.8+3715,0.204
4FGL J1733.0-1305,0.902
4FGL J1733.4+1521,-inf
4FGL J1733.4+5428,0.416801
4FGL J1733.6-6054,-inf
4FGL J1734.0+0805,-inf
4FGL J1734.3+3858,0.976
4FGL J1735.0-0132,-inf
4FGL J1735.4-1118,-inf
4FGL J1735.8-5932,-inf
4FGL J1736.0+2033,-inf
4FGL J1736.6+0628,2.387
4FGL J1738.0+8717,-inf
4FGL J1738.0+0236,-inf
4FGL J1738.2+4000,-inf
4FGL J1738.3+3228,0.126
4FGL J1738.8+3822,-inf
4FGL J1739.5+4955,1.545
4FGL J1740.0+4737,0.9519
4FGL J1740.5+5211,1.381
4FGL J1740.6+5346,-inf
4FGL J1741.1+7226,0.22
4FGL J1741.2+5739,-inf
4FGL J1741.9+2555,-inf
4FGL J1742.5+5944,0.4
4FGL J1743.9+3747,1.958
4FGL J1744.0+1935,0.084
4FGL J1744.2-0353,1.057
4FGL J1744.4+1851,-inf
4FGL J1744.6-5713,-inf
4FGL J1744.8+5540,-inf
4FGL J1745.1+4731,-inf
4FGL J1745.4-0753,-inf
4FGL J1745.6+3950,0.267
4FGL J1746.8-5235,-inf
4FGL J1747.1-5453,-inf
4FGL J1747.2+4937,0.46
4FGL J1747.4+2330,2.203
4FGL J1747.4+2759,-inf
4FGL J1747.6-5308,-inf
4FGL J1747.9+4704,1.484
4FGL J1748.0+3403,2.763
4FGL J1748.1+2702,-inf
4FGL J1748.6+7005,0.77
4FGL J1749.0+4321,-inf
4FGL J1750.2+4704,0.172974
4FGL J1751.5+0938,0.322
4FGL J1751.6+2921,-inf
4FGL J1752.1+4531,-inf
4FGL J1753.4-5913,-inf
4FGL J1753.6-5014,-inf
4FGL J1753.7+2847,1.118
4FGL J1754.2+3212,-inf
4FGL J1754.5-6425,1.255
4FGL J1754.7+3444,0.016281
4FGL J1756.3+5522,0.47
4FGL J1756.6+1553,0.547
4FGL J1756.9+1531,-inf
4FGL J1757.0+7032,0.407
4FGL J1758.2+6532,-inf
4FGL J1758.3+1429,-inf
4FGL J1759.1-4822,-inf
4FGL J1800.1+2812,-inf
4FGL J1800.1+7037,-inf
4FGL J1800.6+7828,0.68
4FGL J1801.5+4404,0.663
4FGL J1801.5+2123,-inf
4FGL J1801.8+2951,-inf
4FGL J1803.4-6510,1.1991
4FGL J1803.5+2756,-inf
4FGL J1803.9+0342,1.42
4FGL J1806.2+6143,-inf
4FGL J1806.3+5345,-inf
4FGL J1806.8+6949,0.05
4FGL J1806.9-8038,-inf
4FGL J1807.2+6429,-inf
4FGL J1807.9-6412,1.016
4FGL J1807.9+4650,-inf
4FGL J1808.1-5013,1.606
4FGL J1808.2+3500,-inf
4FGL J1808.8+2419,-inf
4FGL J1808.8+3522,0.1412
4FGL J1809.3+2042,-inf
4FGL J1809.7+2910,-inf
4FGL J1810.7+5335,-inf
4FGL J1811.0+1608,-inf
4FGL J1811.3+0340,-inf
4FGL J1812.9+4249,-inf
4FGL J1813.5+3144,0.117
4FGL J1813.6+0614,-inf
4FGL J1814.0+3828,0.2754
4FGL J1814.2+4114,1.564
4FGL J1814.4+2953,1.351
4FGL J1816.9-4942,1.7
4FGL J1818.6+0903,0.354
4FGL J1819.1+2133,-inf
4FGL J1820.3+3624,-inf
4FGL J1821.6+6819,1.692
4FGL J1822.0+1600,-inf
4FGL J1823.3-3720,-inf
4FGL J1823.5+6858,-inf
4FGL J1824.1+5651,0.663
4FGL J1824.5+4311,0.487
4FGL J1825.1-5231,-inf
4FGL J1826.0-5037,-inf
4FGL J1827.5+2015,-inf
4FGL J1827.6-4029,-inf
4FGL J1828.0+2634,-inf
4FGL J1828.7+3230,-inf
4FGL J1829.1+2729,-inf
4FGL J1829.2-5813,1.531
4FGL J1829.3+5402,-inf
4FGL J1829.5+4845,0.695
4FGL J1829.9+3934,-inf
4FGL J1830.0-5225,-inf
4FGL J1830.0+1324,-inf
4FGL J1830.2-4443,-inf
4FGL J1831.9+3820,0.216
4FGL J1832.6-5658,-inf
4FGL J1834.2+3136,0.594
4FGL J1834.7-5858,-inf
4FGL J1836.4+3137,-inf
4FGL J1836.5+1948,-inf
4FGL J1837.0+5347,-inf
4FGL J1838.0-5959,-inf
4FGL J1838.4-6023,0.12
4FGL J1838.5+5733,0.146
4FGL J1838.8+4802,0.3
4FGL J1838.9-3457,0.5
4FGL J1839.6-7107,1.356
4FGL J1840.3-3037,-inf
4FGL J1840.5+3707,-inf
4FGL J1840.6-5545,-inf
4FGL J1841.0+6115,-inf
4FGL J1841.3+2909,-inf
4FGL J1841.8+3218,-inf
4FGL J1842.3+6810,0.472
4FGL J1842.4-5840,0.421
4FGL J1842.4+7613,-inf
4FGL J1843.4-4835,0.1108
4FGL J1844.8-3248,-inf
4FGL J1844.9+5709,-inf
4FGL J1846.7+7238,-inf
4FGL J1847.6+5219,-inf
4FGL J1848.1-4230,-inf
4FGL J1848.4+3217,0.798
4FGL J1848.5+6537,0.364
4FGL J1848.5+3243,0.981
4FGL J1848.6-2711,-inf
4FGL J1848.9+4247,-inf
4FGL J1849.2+6705,0.657
4FGL J1849.3-6447,-inf
4FGL J1849.4+2745,-inf
4FGL J1849.4-4313,-inf
4FGL J1850.5+2631,-inf
4FGL J1851.5+3406,-inf
4FGL J1852.4+4856,1.25
4FGL J1853.8+6714,0.212
4FGL J1854.6-6007,-inf
4FGL J1855.4+7350,0.461
4FGL J1855.8-2028,-inf
4FGL J1857.8+3544,-inf
4FGL J1858.1+7318,-inf
4FGL J1858.3-2511,-inf
4FGL J1858.3+4321,0.1356
4FGL J1858.7+5708,0.077
4FGL J1901.0+6208,-inf
4FGL J1901.0-1739,-inf
4FGL J1901.7-5140,-inf
4FGL J1902.8+3201,0.635
4FGL J1902.9-6748,0.255
4FGL J1903.2+5540,-inf
4FGL J1904.1+3627,0.078
4FGL J1906.7+5419,-inf
4FGL J1909.5+3511,-inf
4FGL J1909.7-2140,-inf
4FGL J1910.0-2453,-inf
4FGL J1911.2-2006,1.119
4FGL J1911.4-1908,0.138
4FGL J1912.4-1222,-inf
4FGL J1912.4+3738,1.104
4FGL J1912.7-1250,-inf
4FGL J1913.0-8009,1.756
4FGL J1913.4-3629,-inf
4FGL J1913.9+4439,-inf
4FGL J1916.7-1516,-inf
4FGL J1917.7-6442,-inf
4FGL J1917.7-1921,0.137
4FGL J1917.7-6930,-inf
4FGL J1918.1+3752,-inf
4FGL J1918.2-4111,-inf
4FGL J1919.4-4550,2.47
4FGL J1921.3-1231,-inf
4FGL J1921.7+5817,-inf
4FGL J1921.8-1607,-inf
4FGL J1922.5-7453,-inf
4FGL J1923.4-2503,-inf
4FGL J1923.5-2104,0.874
4FGL J1924.2-1549,-inf
4FGL J1924.3-5458,-inf
4FGL J1924.8-2914,0.353
4FGL J1925.1-3358,1.523
4FGL J1925.1-1019,-inf
4FGL J1925.8-2220,-inf
4FGL J1926.8+6154,-inf
4FGL J1927.5+6117,-inf
4FGL J1929.4+6146,0.2117
4FGL J1931.3-1556,-inf
4FGL J1931.5+5229,-inf
4FGL J1933.2-4539,0.652
4FGL J1933.9-1025,-inf
4FGL J1934.2+6002,-inf
4FGL J1934.3-2419,-inf
4FGL J1934.3+6541,1.687
4FGL J1934.5+6139,1.749
4FGL J1936.9-4720,0.265
4FGL J1937.0+8354,-inf
4FGL J1937.2-3958,0.965
4FGL J1937.2-4217,-inf
4FGL J1939.5-1525,1.657
4FGL J1939.8-4928,-inf
4FGL J1941.3-6210,-inf
4FGL J1941.7+7218,1.1
4FGL J1942.5-5827,-inf
4FGL J1942.8-3512,0.0505
4FGL J1943.6-0533,-inf
4FGL J1943.9-2705,-inf
4FGL J1944.4-4523,-inf
4FGL J1944.9-2143,0.41
4FGL J1945.1-4007,-inf
4FGL J1945.5-0153,-inf
4FGL J1946.0-3112,-inf
4FGL J1949.2+7250,-inf
4FGL J1949.5+7311,-inf
4FGL J1949.9-6134,-inf
4FGL J1950.0-7321,-inf
4FGL J1950.6-5547,-inf
4FGL J1951.2-0951,-inf
4FGL J1951.8-0511,1.083
4FGL J1953.0+7651,-inf
4FGL J1953.0-7025,-inf
4FGL J1954.6-1122,0.683
4FGL J1954.9-5640,0.221
4FGL J1955.1-1604,-inf
4FGL J1955.4+5132,1.214
4FGL J1955.7+0214,-inf
4FGL J1956.1+0234,-inf
4FGL J1957.1-3231,1.242
4FGL J1958.0-3845,0.63
4FGL J1958.1-0711,-inf
4FGL J1958.3-3010,0.119
4FGL J1959.1-4247,2.174
4FGL J1959.7-4725,-inf
4FGL J2000.0+6508,0.047
4FGL J2000.3-2930,0.652
4FGL J2000.6-1328,0.222
4FGL J2000.9-1748,0.652
4FGL J2001.5-0818,-inf
4FGL J2001.7+7040,0.254
4FGL J2001.9-5737,-inf
4FGL J2002.4-7119,-inf
4FGL J2002.6+6302,-inf
4FGL J2005.1+7003,-inf
4FGL J2005.2-1822,0.868
4FGL J2005.5+7752,0.342
4FGL J2005.8+6424,1.574
4FGL J2005.9-2309,0.83
4FGL J2007.2-1433,-inf
4FGL J2007.2+6607,1.325
4FGL J2007.3-7728,-inf
4FGL J2007.9-4432,0.24
4FGL J2009.4-4849,0.071
4FGL J2010.0+0726,0.762
4FGL J2010.0+7229,-inf
4FGL J2011.6-1546,1.178
4FGL J2012.2-1646,-inf
4FGL J2013.0-3717,-inf
4FGL J2013.0-3828,-inf
4FGL J2014.3-0047,0.23
4FGL J2014.5+0648,0.341
4FGL J2015.0+1621,-inf
4FGL J2015.2-0137,-inf
4FGL J2015.3-1432,-inf
4FGL J2015.4+6556,2.845
4FGL J2016.3-2331,-inf
4FGL J2016.3-0903,0.367
4FGL J2017.5-4113,-inf
4FGL J2017.5-3753,0.598
4FGL J2021.4-2048,-inf
4FGL J2021.9+0629,-inf
4FGL J2022.0-7224,-inf
4FGL J2022.3-4513,-inf
4FGL J2022.5+7612,0.594
4FGL J2023.6-1139,0.698
4FGL J2023.6-0123,-inf
4FGL J2023.8-4828,-inf
4FGL J2024.4-0847,-inf
4FGL J2024.6-3252,1.465
4FGL J2024.7-2328,-inf
4FGL J2024.8-6459,-inf
4FGL J2025.2+0317,2.21
4FGL J2025.3-2231,-inf
4FGL J2025.6-0735,1.388
4FGL J2026.0-2845,0.884
4FGL J2026.1+7645,-inf
4FGL J2029.1-1839,-inf
4FGL J2030.2-0620,0.667
4FGL J2030.4-0502,0.543
4FGL J2030.5-1439,0.234
4FGL J2030.8-6959,-inf
4FGL J2030.9-1621,-inf
4FGL J2030.9+1935,-inf
4FGL J2031.1-2615,-inf
4FGL J2031.2-4121,-inf
4FGL J2031.8+1619,-inf
4FGL J2032.0+1219,1.215
4FGL J2033.7+6308,-inf
4FGL J2034.6+1154,0.607
4FGL J2034.8-4200,-inf
4FGL J2034.9-0450,-inf
4FGL J2035.4+1056,0.601
4FGL J2036.4+6553,-inf
4FGL J2036.9-3329,0.23
4FGL J2037.9-0504,-inf
4FGL J2039.0-1046,-inf
4FGL J2039.3+2150,-inf
4FGL J2040.0-5737,-inf
4FGL J2040.0+1237,-inf
4FGL J2040.1-4621,-inf
4FGL J2040.2-7115,0.161769
4FGL J2040.2-2506,1.574
4FGL J2040.5-1705,-inf
4FGL J2041.8-7319,-inf
4FGL J2041.9-3735,0.098555
4FGL J2042.1+2427,0.104
4FGL J2042.6+1629,-inf
4FGL J2042.7-5415,-inf
4FGL J2042.7-0155,-inf
4FGL J2043.7+0000,-inf
4FGL J2044.0+1036,-inf
4FGL J2045.1-2346,-inf
4FGL J2046.6-1012,-inf
4FGL J2046.8-4258,-inf
4FGL J2047.1-7400,0.526
4FGL J2047.9-3122,-inf
4FGL J2048.6-6804,-inf
4FGL J2049.0+1647,-inf
4FGL J2049.7-0036,0.25
4FGL J2049.9+1002,-inf
4FGL J2049.9-2453,-inf
4FGL J2050.0+0408,-inf
4FGL J2050.4-2627,1.633
4FGL J2052.2-5533,-inf
4FGL J2052.5+0810,-inf
4FGL J2054.0+7024,-inf
4FGL J2054.8+0015,0.151
4FGL J2055.4-0020,0.44
4FGL J2055.4-0504,0.342
4FGL J2056.2-4714,1.489
4FGL J2056.4-4904,-inf
4FGL J2056.5-0202,-inf
4FGL J2056.7-3209,-inf
4FGL J2057.4-0723,1.875
4FGL J2058.8-1442,0.07775
4FGL J2059.1-4103,-inf
4FGL J2100.0+2103,-inf
4FGL J2101.3+0912,-inf
4FGL J2101.4-2935,1.492
4FGL J2103.0+0342,-inf
4FGL J2103.2-2114,-inf
4FGL J2103.4-7816,-inf
4FGL J2103.7-1112,-inf
4FGL J2103.8-6233,-inf
4FGL J2104.0-3546,-inf
4FGL J2104.3-0212,-inf
4FGL J2104.7+0108,-inf
4FGL J2105.2-5143,-inf
4FGL J2106.9+2455,-inf
4FGL J2107.6-4148,-inf
4FGL J2108.2-2454,-inf
4FGL J2108.3-4824,-inf
4FGL J2108.5+1434,2.017
4FGL J2108.7-0250,0.149
4FGL J2108.7+7532,-inf
4FGL J2108.9-6638,-inf
4FGL J2109.6+0440,-inf
4FGL J2109.7-4109,1.058
4FGL J2109.8-8618,-inf
4FGL J2110.2-1021,2.5004
4FGL J2110.3+0808,1.58
4FGL J2110.3+0404,-inf
4FGL J2112.7+0819,-inf
4FGL J2112.9-4818,-inf
4FGL J2113.9+1120,-inf
4FGL J2114.7+3130,-inf
4FGL J2114.8+2831,2.345
4FGL J2114.8+2026,-inf
4FGL J2115.2+1218,-inf
4FGL J2115.4+2932,1.514
4FGL J2115.6-4938,-inf
4FGL J2115.8+6753,-inf
4FGL J2115.9-0113,0.305
4FGL J2116.2+3339,0.35
4FGL J2116.3+1015,-inf
4FGL J2117.8-1521,-inf
4FGL J2117.8-3243,0.215276
4FGL J2118.0+0019,0.463
4FGL J2118.2-5419,-inf
4FGL J2118.8-0723,0.260015
4FGL J2119.0-3317,-inf
4FGL J2119.5-4541,-inf
4FGL J2119.6-1105,1.844
4FGL J2120.6-1254,0.582
4FGL J2120.6-6114,1.017
4FGL J2121.0+1901,2.18
4FGL J2123.6+0535,1.941
4FGL J2123.8-3148,-inf
4FGL J2126.1-3922,-inf
4FGL J2126.3-4605,1.67
4FGL J2126.5+1842,-inf
4FGL J2127.5-5744,-inf
4FGL J2127.7+3612,-inf
4FGL J2130.0+2610,-inf
4FGL J2130.2-7320,0.056502
4FGL J2130.4-4241,-inf
4FGL J2130.8-6623,-inf
4FGL J2131.0-2746,0.38
4FGL J2131.5-0916,0.449
4FGL J2131.7-2515,0.86
4FGL J2132.0-5418,-inf
4FGL J2133.0+2610,-inf
4FGL J2133.1+2529,-inf
4FGL J2133.6+8002,-inf
4FGL J2133.6+1439,-inf
4FGL J2133.9+6646,-inf
4FGL J2134.2-0154,1.283
4FGL J2134.3-6511,-inf
4FGL J2134.5-2130,-inf
4FGL J2135.3-5006,2.181
4FGL J2136.2+0032,1.941
4FGL J2136.2-0642,0.939939
4FGL J2137.4-3209,-inf
4FGL J2138.3+3556,-inf
4FGL J2138.8-2055,0.29
4FGL J2139.1+3724,-inf
4FGL J2139.2-2214,-inf
4FGL J2139.4-4235,-inf
4FGL J2139.9+3910,-inf
4FGL J2140.5-6731,-inf
4FGL J2141.4+2947,-inf
4FGL J2141.7-6410,-inf
4FGL J2141.8-3727,0.423
4FGL J2142.4+3659,-inf
4FGL J2142.5-2552,-inf
4FGL J2142.7-0437,0.344
4FGL J2142.8+1958,-inf
4FGL J2143.0-5501,1.92
4FGL J2143.1-3929,0.429
4FGL J2143.5+1743,0.211
4FGL J2143.9+3337,-inf
4FGL J2144.2+3132,-inf
4FGL J2144.3-7802,0.732
4FGL J2144.8-1817,-inf
4FGL J2145.0-3356,1.36
4FGL J2145.5+1006,2.82632
4FGL J2145.7+0718,0.237
4FGL J2146.4-1528,0.698
4FGL J2146.5-1344,0.42
4FGL J2146.8+0425,-inf
4FGL J2147.1+0931,1.113
4FGL J2147.3-7536,1.138
4FGL J2148.0-0733,-inf
4FGL J2148.6+0652,0.99
4FGL J2148.9-0121,0.20333
4FGL J2149.6+0323,-inf
4FGL J2149.7+1917,-inf
4FGL J2150.1-1410,0.229
4FGL J2150.7-1750,0.1855
4FGL J2150.7-2810,0.865
4FGL J2150.8+1118,0.494635
4FGL J2151.7-2749,1.485
4FGL J2151.8-3027,2.345
4FGL J2152.0-1205,0.121
4FGL J2152.5+1737,0.874
4FGL J2153.1-0041,0.341
4FGL J2153.8-1137,1.582
4FGL J2156.0+1818,-inf
4FGL J2156.0-6942,0.028273
4FGL J2156.3-0036,0.495
4FGL J2156.9-0854,1.017
4FGL J2157.5+3127,1.486
4FGL J2158.1-1501,0.672
4FGL J2158.5-7550,-inf
4FGL J2158.8-3013,0.116
4FGL J2159.1-2840,0.27
4FGL J2159.8-4751,-inf
4FGL J2200.1+2138,-inf
4FGL J2200.3+1029,0.172
4FGL J2200.6+0232,1.323
4FGL J2200.7-2414,-inf
4FGL J2201.0-5907,-inf
4FGL J2201.5-8339,1.865
4FGL J2201.5+2950,-inf
4FGL J2201.9-1706,-inf
4FGL J2202.7+4216,0.069
4FGL J2202.7-5637,0.0489
4FGL J2203.4+1725,1.076
4FGL J2204.3+0438,0.027
4FGL J2204.5+3634,0.073
4FGL J2205.0+7432,-inf
4FGL J2206.8-0032,1.053
4FGL J2207.0+3607,-inf
4FGL J2207.1+4316,-inf
4FGL J2207.5-5346,1.215
4FGL J2207.6+0053,0.9696
4FGL J2208.1-4507,-inf
4FGL J2208.2+0350,-inf
4FGL J2209.4+4329,-inf
4FGL J2209.7-0451,0.3967
4FGL J2209.8-5028,-inf
4FGL J2210.5+3623,-inf
4FGL J2210.8+3203,-inf
4FGL J2211.0-0003,0.362
4FGL J2211.2-1325,0.392
4FGL J2211.4-7040,-inf
4FGL J2211.9+0821,-inf
4FGL J2212.0+2356,1.125
4FGL J2212.2-7251,-inf
4FGL J2212.6+2800,-inf
4FGL J2212.8+0647,1.12
4FGL J2212.9-2526,1.833
4FGL J2213.5-4754,-inf
4FGL J2215.4+0544,-inf
4FGL J2216.8+3103,2.462
4FGL J2216.9+2421,0.505
4FGL J2218.6+1941,-inf
4FGL J2219.2+1806,1.071
4FGL J2219.2-0342,0.901
4FGL J2220.5+2813,0.148
4FGL J2221.5-5225,0.34
4FGL J2221.8+3358,-inf
4FGL J2221.9-3504,0.298
4FGL J2222.8+1209,-inf
4FGL J2223.3+0102,-inf
4FGL J2224.0-1127,0.115
4FGL J2224.3+7737,-inf
4FGL J2224.5+0353,-inf
4FGL J2225.5-1114,0.997
4FGL J2225.6+2120,1.959
4FGL J2225.7-0457,1.404
4FGL J2226.6+0210,-inf
4FGL J2226.8+0051,2.262
4FGL J2227.9-3031,0.056015
4FGL J2227.9+0036,2.145
4FGL J2228.0-4155,-inf
4FGL J2228.5+2211,-inf
4FGL J2228.6-1636,0.525
4FGL J2229.1+2254,-inf
4FGL J2229.2-6911,-inf
4FGL J2229.7-0832,1.56
4FGL J2230.9-7815,0.511
4FGL J2231.0-4416,1.326
4FGL J2231.6+2754,-inf
4FGL J2232.3+7616,-inf
4FGL J2232.6+1143,1.037
4FGL J2232.6-2023,0.386
4FGL J2232.8+1334,0.214
4FGL J2233.9-1229,-inf
4FGL J2234.1-2656,-inf
4FGL J2235.1-0623,-inf
4FGL J2235.3+1818,-inf
4FGL J2235.3-4836,0.51
4FGL J2235.8-3627,-inf
4FGL J2236.2-1706,0.647
4FGL J2236.3+2828,0.79
4FGL J2236.4-2309,-inf
4FGL J2236.5-1433,0.325
4FGL J2236.6+3706,0.235
4FGL J2237.0-3921,0.297
4FGL J2239.2-5657,0.569
4FGL J2239.5-2440,-inf
4FGL J2240.3-1246,-inf
4FGL J2240.7-4746,-inf
4FGL J2241.1-4122,-inf
4FGL J2241.2+4120,0.52
4FGL J2241.3+2943,-inf
4FGL J2241.5+0454,-inf
4FGL J2243.4-2544,0.774
4FGL J2243.5-3931,-inf
4FGL J2243.7-1231,0.226
4FGL J2243.8-2510,-inf
4FGL J2243.9+2021,-inf
4FGL J2244.2+4057,1.171
4FGL J2244.6+2502,0.65
4FGL J2244.9-0007,0.7
4FGL J2245.5-1734,-inf
4FGL J2245.9+1544,0.5965
4FGL J2246.5-1204,0.632
4FGL J2246.7-5207,0.09791
4FGL J2247.1+4658,-inf
4FGL J2247.4-0001,0.949
4FGL J2247.5-3700,2.252
4FGL J2247.8+4413,-inf
4FGL J2248.7-3235,2.268
4FGL J2248.7-4302,-inf
4FGL J2248.9+2107,1.274
4FGL J2249.4-1300,0.5
4FGL J2249.7-5944,-inf
4FGL J2249.9+0452,-inf
4FGL J2250.0-1250,-inf
4FGL J2250.0+3825,0.119
4FGL J2250.4-4206,0.119
4FGL J2250.4+1748,0.344
4FGL J2250.7-2806,0.525
4FGL J2251.5-4928,-inf
4FGL J2251.7-3208,0.246
4FGL J2252.0+8149,-inf
4FGL J2252.0+4031,0.229
4FGL J2252.6+1245,0.496476
4FGL J2253.2-1232,-inf
4FGL J2253.3+3233,0.2566
4FGL J2253.7+1405,0.327
4FGL J2253.9+1609,0.859
4FGL J2254.2+4305,-inf
4FGL J2254.8-2725,0.333
4FGL J2255.2+2411,1.370242
4FGL J2255.8-6543,0.2477
4FGL J2256.0-2740,1.751
4FGL J2256.4-7119,-inf
4FGL J2256.6-2011,-inf
4FGL J2256.7+1307,-inf
4FGL J2257.5+0748,0.19
4FGL J2258.1-2759,0.926
4FGL J2258.3-3643,-inf
4FGL J2258.4-5524,0.479
4FGL J2258.5-8247,-inf
4FGL J2259.7-3549,0.753
4FGL J2259.8-1552,-inf
4FGL J2300.1+4053,-inf
4FGL J2300.3+3136,-inf
4FGL J2300.7-2645,1.476
4FGL J2300.8-0736,-inf
4FGL J2300.9+7108,-inf
4FGL J2301.0-0158,0.778
4FGL J2302.8-1841,0.128929
4FGL J2304.3+0618,1.268
4FGL J2304.6+3704,-inf
4FGL J2306.6-1105,-inf
4FGL J2307.4-1206,0.47
4FGL J2307.5+8629,-inf
4FGL J2307.6+1451,0.503
4FGL J2308.6-4555,-inf
4FGL J2308.9+1111,-inf
4FGL J2309.7-3632,-inf
4FGL J2311.0+0205,-inf
4FGL J2311.0+3425,1.817
4FGL J2311.7+2604,1.747
4FGL J2311.8+4541,1.447
4FGL J2312.5+7241,-inf
4FGL J2313.4-6922,-inf
4FGL J2313.5+3945,-inf
4FGL J2313.9-4501,2.884
4FGL J2314.0+1445,0.164
4FGL J2315.6-5018,0.811
4FGL J2316.9-5210,0.646
4FGL J2317.0+3756,-inf
4FGL J2317.4-4533,-inf
4FGL J2318.2+1915,2.163
4FGL J2318.6-1657,2.462
4FGL J2319.1-4207,0.054541
4FGL J2319.6-0456,-inf
4FGL J2319.7+1609,-inf
4FGL J2320.8-0823,3.164
4FGL J2321.0-6308,0.2
4FGL J2321.0+2836,-inf
4FGL J2321.5-1619,0.694
4FGL J2321.7-6438,-inf
4FGL J2321.9+3204,1.489
4FGL J2321.9+2734,1.253
4FGL J2322.1+4440,1.31
4FGL J2322.4-2906,-inf
4FGL J2322.6-0735,-inf
4FGL J2322.7+3436,0.098
4FGL J2322.8-4916,0.38
4FGL J2323.5-0317,1.393
4FGL J2323.6-0617,2.144
4FGL J2323.8+4210,0.059
4FGL J2324.7-4041,0.173587
4FGL J2324.7+0801,-inf
4FGL J2325.2-2010,-inf
4FGL J2325.2+3957,-inf
4FGL J2325.4-4800,0.221
4FGL J2325.4-3559,0.36
4FGL J2325.6+1644,-inf
4FGL J2325.7+1821,-inf
4FGL J2326.2+0113,0.335
4FGL J2326.9-0201,0.188
4FGL J2327.3+4717,-inf
4FGL J2327.4+0444,-inf
4FGL J2327.5-3259,-inf
4FGL J2327.5+0939,1.843
4FGL J2328.3-4036,1.972
4FGL J2329.0+0832,0.948
4FGL J2329.2+3755,0.264
4FGL J2329.3-4955,0.518
4FGL J2329.3-4733,1.302
4FGL J2329.7-2118,0.030798
4FGL J2330.2+7759,-inf
4FGL J2330.3-2332,-inf
4FGL J2330.3-2948,0.2971
4FGL J2330.4+1230,-inf
4FGL J2330.5+1102,1.489
4FGL J2330.6-3726,0.279
4FGL J2331.0-2147,0.563
4FGL J2331.1-1653,-inf
4FGL J2331.2-3839,-inf
4FGL J2331.3-1558,1.153
4FGL J2331.5-0258,-inf
4FGL J2332.1-4118,0.671
4FGL J2333.4-0133,1.062
4FGL J2333.9-2343,-inf
4FGL J2334.0-2528,-inf
4FGL J2334.2+0736,0.401
4FGL J2334.8+1432,0.415
4FGL J2335.4-0128,1.182
4FGL J2335.9-5811,-inf
4FGL J2336.2-3136,-inf
4FGL J2336.5-7622,-inf
4FGL J2336.6+2356,0.1267
4FGL J2336.6-4115,1.406
4FGL J2336.9-5859,-inf
4FGL J2338.0-0230,1.071
4FGL J2338.1+0325,0.27
4FGL J2338.9+2124,0.291
4FGL J2339.2-7403,-inf
4FGL J2339.3-2656,-inf
4FGL J2339.6+0242,2.666
4FGL J2340.5+3854,-inf
4FGL J2340.8+8015,0.274
4FGL J2341.8-2917,0.0517
4FGL J2343.6+3438,0.366
4FGL J2343.7-5624,1.2399
4FGL J2343.9+1539,1.444784
4FGL J2343.9+0546,-inf
4FGL J2345.2-1555,0.621
4FGL J2345.9+3413,-inf
4FGL J2346.7+0705,0.17
4FGL J2346.7+8008,-inf
4FGL J2348.0-1630,0.576
4FGL J2348.1-4934,-inf
4FGL J2348.3-6049,-inf
4FGL J2348.6-0426,1.106
4FGL J2349.2+4535,-inf
4FGL J2349.4+0534,0.419
4FGL J2350.4-0559,0.515
4FGL J2350.6-3005,0.22368
4FGL J2350.9-1416,-inf
4FGL J2351.3-7559,-inf
4FGL J2351.7-3416,-inf
4FGL J2352.0+1750,-inf
4FGL J2352.1-4301,-inf
4FGL J2352.9+3031,-inf
4FGL J2353.1-4806,-inf
4FGL J2353.5-1457,-inf
4FGL J2353.7-3037,0.737
4FGL J2353.8-3911,-inf
4FGL J2354.1+2720,0.149472
4FGL J2354.1-0958,0.989
4FGL J2354.6+4554,1.992
4FGL J2354.9+8151,1.344
4FGL J2355.7-3351,-inf
4FGL J2356.2+4036,0.131
4FGL J2357.0-4840,-inf
4FGL J2357.4-0152,0.812
4FGL J2357.4-1718,0.85
4FGL J2357.8-5311,1.006
4FGL J2358.0-4601,0.444
4FGL J2358.1-2853,-inf
4FGL J2358.3-1021,1.638
4FGL J2358.3+3830,0.2
4FGL J2358.5-1808,0.057553
4FGL J2359.0+3922,1.198
4FGL J2359.0-3038,0.165
4FGL J2359.1+1719,-inf
4FGL J2359.2-3134,0.99
4FGL J2359.3+0215,-inf
4FGL J2359.3-2049,0.096
4FGL J2359.7-5041,-inf
4FGL J2359.9-3736,-inf
4FGL J2359.9+3145,-inf
4FGL J0012.0+7043,-inf
4FGL J0014.7+5801,-inf
4FGL J0014.8+6118,-inf
4FGL J0015.6+5551,-inf
4FGL J0020.3+6919,-inf
4FGL J0035.8+6131,-inf
4FGL J0035.9+5950,-inf
4FGL J0041.3+6052,-inf
4FGL J0044.8+6802,-inf
4FGL J0047.0+5657,0.747
4FGL J0047.9+5448,-inf
4FGL J0102.1+5846,-inf
4FGL J0102.8+5824,0.644
4FGL J0103.5+5337,-inf
4FGL J0109.7+6133,0.783
4FGL J0110.1+6805,0.29
4FGL J0114.0+6418,-inf
4FGL J0128.3+5710,-inf
4FGL J0129.0+6312,-inf
4FGL J0131.1+6120,-inf
4FGL J0131.2+5547,0.036489
4FGL J0135.0+5338,-inf
4FGL J0137.9+5814,-inf
4FGL J0148.2+5201,-inf
4FGL J0151.7+5455,-inf
4FGL J0153.4+7114,0.022
4FGL J0203.9+5411,-inf
4FGL J0209.7+6437,-inf
4FGL J0214.3+5145,0.049
4FGL J0223.0+6821,-inf
4FGL J0223.5+5415,-inf
4FGL J0228.7+6718,0.523
4FGL J0241.3+6543,-inf
4FGL J0242.3+5216,-inf
4FGL J0248.6+5131,-inf
4FGL J0250.7+5630,-inf
4FGL J0253.9+5103,1.732
4FGL J0259.3+5453,-inf
4FGL J0303.6+4716,-inf
4FGL J0304.5+6821,-inf
4FGL J0307.4+4915,-inf
4FGL J0311.2+6856,-inf
4FGL J0322.4+6606,-inf
4FGL J0325.2+4705,-inf
4FGL J0330.6+4659,-inf
4FGL J0331.9+6307,-inf
4FGL J0333.9+6537,-inf
4FGL J0347.0+4844,2.043
4FGL J0348.2+6035,-inf
4FGL J0348.8+4610,1.853
4FGL J0353.0+5654,-inf
4FGL J0354.4+4643,-inf
4FGL J0358.9+6004,0.455
4FGL J0359.6+5057,1.52
4FGL J0402.9+6433,-inf
4FGL J0410.9+4216,-inf
4FGL J0418.2+3807,0.0485
4FGL J0420.2+4012,0.132
4FGL J0423.9+4150,-inf
4FGL J0425.3+6319,-inf
4FGL J0440.2+4246,-inf
4FGL J0444.6+3425,-inf
4FGL J0449.6+3027,-inf
4FGL J0451.8+5721,-inf
4FGL J0453.9+3727,-inf
4FGL J0458.6+5509,-inf
4FGL J0500.1+5447,-inf
4FGL J0500.2+5237,-inf
4FGL J0501.7+3048,-inf
4FGL J0502.5+3438,-inf
4FGL J0503.6+4518,-inf
4FGL J0505.8+3322,-inf
4FGL J0507.9+4647,-inf
4FGL J0508.2+5211,-inf
4FGL J0509.2+5550,-inf
4FGL J0512.8+4041,-inf
4FGL J0516.7+2743,-inf
4FGL J0519.6+2744,-inf
4FGL J0520.4+3607,-inf
4FGL J0521.7+2112,0.108
4FGL J0524.5+2839,1.5
4FGL J0526.3+2246,-inf
4FGL J0533.3+4823,1.16
4FGL J0536.2+1733,-inf
4FGL J0539.0+1644,-inf
4FGL J0539.6+1432,2.69
4FGL J0540.0+1209,-inf
4FGL J0542.4+3547,-inf
4FGL J0549.0+3258,-inf
4FGL J0550.9+2552,-inf
4FGL J0552.4+3755,0.815
4FGL J0555.6+3947,2.365
4FGL J0559.6+3044,-inf
4FGL J0600.3+1244,-inf
4FGL J0601.0+3838,-inf
4FGL J0601.4+2320,0.274
4FGL J0603.9+2159,-inf
4FGL J0609.5+1402,-inf
4FGL J0610.7+1656,-inf
4FGL J0611.6+2803,-inf
4FGL J0614.9+2426,-inf
4FGL J0620.7+2643,0.134
4FGL J0621.8+1746,-inf
4FGL J0622.9+3326,1.062
4FGL J0623.2+3044,-inf
4FGL J0627.0+2623,-inf
4FGL J0629.6+2435,-inf
4FGL J0631.1+2020,-inf
4FGL J0632.0-1032,-inf
4FGL J0638.7+2753,-inf
4FGL J0640.0-1253,0.135
4FGL J0640.8+2432,-inf
4FGL J0641.7-0320,1.196
4FGL J0643.3+0857,0.882
4FGL J0648.1+1605,-inf
4FGL J0648.2+1745,-inf
4FGL J0648.4-1743,1.232
4FGL J0648.7+1516,0.179
4FGL J0649.3+2230,-inf
4FGL J0650.2-1636,-inf
4FGL J0652.5+1932,-inf
4FGL J0653.6+1636,0.065252
4FGL J0654.3+0923,-inf
4FGL J0656.3-0322,0.634
4FGL J0656.3-2404,0.371
4FGL J0658.6+0636,-inf
4FGL J0659.9+1709,1.08
4FGL J0700.2+1304,-inf
4FGL J0702.7-1951,-inf
4FGL J0703.3-1042,-inf
4FGL J0703.3-0050,-inf
4FGL J0706.1+0246,-inf
4FGL J0709.2-1527,0.142
4FGL J0709.3+0540,-inf
4FGL J0709.7-0255,1.472
4FGL J0720.0-3507,-inf
4FGL J0721.3-0222,-inf
4FGL J0721.3+0405,0.665
4FGL J0723.0-0732,-inf
4FGL J0725.5+0216,-inf
4FGL J0725.5-0504,-inf
4FGL J0725.6-3530,-inf
4FGL J0725.8-0054,0.128
4FGL J0729.1-3131,-inf
4FGL J0730.3-1141,1.589
4FGL J0730.5-0535,-inf
4FGL J0731.2-1403,-inf
4FGL J0731.8-3009,-inf
4FGL J0740.0-0753,-inf
4FGL J0743.6-3805,-inf
4FGL J0745.4-2447,-inf
4FGL J0746.5-0710,-inf
4FGL J0747.3-3310,-inf
4FGL J0748.0-1638,-inf
4FGL J0749.0-3904,-inf
4FGL J0749.0-2956,-inf
4FGL J0752.3-1631,-inf
4FGL J0754.4-1148,-inf
4FGL J0757.1-3729,-inf
4FGL J0800.4-2257,-inf
4FGL J0804.0-3629,-inf
4FGL J0805.8-2331,-inf
4FGL J0806.9-2151,-inf
4FGL J0807.3-1954,-inf
4FGL J0810.9-4926,-inf
4FGL J0814.5-2642,-inf
4FGL J0816.7-2420,-inf
4FGL J0820.1-2801,-inf
4FGL J0822.4-2630,-inf
4FGL J0823.7-4838,-inf
4FGL J0825.9-3218,-inf
4FGL J0825.9-2230,0.91
4FGL J0827.6-3735,-inf
4FGL J0828.7-2422,-inf
4FGL J0841.0-2744,-inf
4FGL J0841.3-3554,-inf
4FGL J0844.9-5458,-inf
4FGL J0845.7-5556,0.433
4FGL J0849.4-2911,-inf
4FGL J0849.8-3541,-inf
4FGL J0851.9-5229,-inf
4FGL J0852.5-5755,-inf
4FGL J0852.9-3824,-inf
4FGL J0853.1-3657,-inf
4FGL J0856.4-5309,-inf
4FGL J0858.0-3130,-inf
4FGL J0902.5-4801,-inf
4FGL J0904.5-3513,-inf
4FGL J0904.9-5734,0.695
4FGL J0911.0-5047,-inf
4FGL J0920.2-3835,-inf
4FGL J0922.7-3959,0.595
4FGL J0933.5-5240,-inf
4FGL J0938.9-6403,-inf
4FGL J0940.7-6105,-inf
4FGL J0952.3-4342,-inf
4FGL J0952.6-5048,-inf
4FGL J1014.9-4508,-inf
4FGL J1028.7-6431,-inf
4FGL J1033.5-5035,-inf
4FGL J1038.8-5312,1.45
4FGL J1041.3-6437,-inf
4FGL J1047.2-5517,-inf
4FGL J1047.8-6216,-inf
4FGL J1050.6-5248,-inf
4FGL J1051.2-6517,-inf
4FGL J1102.0-6054,-inf
4FGL J1102.9-5628,-inf
4FGL J1103.9-5357,-inf
4FGL J1117.2-5337,-inf
4FGL J1123.5-6418,-inf
4FGL J1125.0-5804,-inf
4FGL J1132.8-5328,-inf
4FGL J1136.0-6824,-inf
4FGL J1145.7-6949,0.244
4FGL J1147.4-6758,0.21
4FGL J1155.6-6547,-inf
4FGL J1216.2-6121,-inf
4FGL J1229.7-5304,-inf
4FGL J1234.0-5735,-inf
4FGL J1236.9-7232,0.02368
4FGL J1240.1-6846,-inf
4FGL J1240.4-7148,-inf
4FGL J1254.9-7141,-inf
4FGL J1256.1-5919,-inf
4FGL J1304.0-5539,-inf
4FGL J1308.4-6706,-inf
4FGL J1310.7-5553,0.104
4FGL J1315.1-5333,-inf
4FGL J1315.9-6349,-inf
4FGL J1326.1-6800,-inf
4FGL J1326.8-5256,-inf
4FGL J1329.0-5607,-inf
4FGL J1330.2-7003,-inf
4FGL J1333.0-6626,-inf
4FGL J1346.3-6026,0.012916
4FGL J1349.5-7153,-inf
4FGL J1353.6-6640,-inf
4FGL J1400.6-5605,-inf
4FGL J1413.1-6519,0.001448
4FGL J1419.6-5153,-inf
4FGL J1424.8-6808,-inf
4FGL J1459.0-5353,-inf
4FGL J1503.6-6427,-inf
4FGL J1503.7-5801,-inf
4FGL J1508.5-4951,-inf
4FGL J1512.9-5639,-inf
4FGL J1514.8-4748,1.5512
4FGL J1524.8-5904,-inf
4FGL J1535.8-4730,-inf
4FGL J1545.0-6642,-inf
4FGL J1547.9-6403,-inf
4FGL J1555.2-4149,-inf
4FGL J1558.9-6432,0.079582
4FGL J1600.3-5811,-inf
4FGL J1603.8-4903,-inf
4FGL J1604.5-4441,-inf
4FGL J1610.3-3958,0.518
4FGL J1613.5-4225,-inf
4FGL J1617.3-5849,1.414
4FGL J1624.9-4210,-inf
4FGL J1625.2-3600,-inf
4FGL J1628.8-6149,2.578
4FGL J1631.0-5302,-inf
4FGL J1636.9-4103,-inf
4FGL J1637.8-3449,-inf
4FGL J1644.5-4602,-inf
4FGL J1650.3-5045,-inf
4FGL J1654.0-3509,-inf
4FGL J1656.3-3301,2.4
4FGL J1659.7-3131,-inf
4FGL J1701.7-5621,-inf
4FGL J1709.0-3525,-inf
4FGL J1710.3-3943,-inf
4FGL J1711.1-4600,-inf
4FGL J1711.6-5027,-inf
4FGL J1712.5-3142,-inf
4FGL J1715.4-4025,-inf
4FGL J1716.3-3421,-inf
4FGL J1717.5-3342,-inf
4FGL J1717.6-5154,1.158
4FGL J1718.0-3055,-inf
4FGL J1720.0-5101,-inf
4FGL J1731.6-3002,-inf
4FGL J1731.9-2719,-inf
4FGL J1733.4-3943,-inf
4FGL J1736.9-3357,-inf
4FGL J1737.6-1503,-inf
4FGL J1738.8-3418,-inf
4FGL J1741.5-3119,-inf
4FGL J1741.8-2537,-inf
4FGL J1742.4-1518,-inf
4FGL J1743.9-1824,-inf
4FGL J1744.9-1727,-inf
4FGL J1747.6-4211,-inf
4FGL J1748.5-0854,-inf
4FGL J1749.0-2327,-inf
4FGL J1751.6-1750,-inf
4FGL J1752.6-1010,-inf
4FGL J1753.3-3325,-inf
4FGL J1758.3-3028,-inf
4FGL J1758.7-1621,-inf
4FGL J1759.1-3849,-inf
4FGL J1802.6-3940,0.296
4FGL J1811.2-2759,-inf
4FGL J1815.2-2715,-inf
4FGL J1823.6-3453,-inf
4FGL J1824.5+0107,-inf
4FGL J1824.7-3243,0.355
4FGL J1829.0-2417,-inf
4FGL J1830.1+0617,0.745
4FGL J1830.7-2713,-inf
4FGL J1833.6-2103,2.507
4FGL J1835.5+1349,-inf
4FGL J1837.3+1052,-inf
4FGL J1837.4-1646,-inf
4FGL J1843.8-2011,-inf
4FGL J1844.4+1547,-inf
4FGL J1845.0+1613,-inf
4FGL J1849.2-1647,-inf
4FGL J1850.1-0758,-inf
4FGL J1857.9+0313,-inf
4FGL J1858.1-1821,-inf
4FGL J1858.5+0640,-inf
4FGL J1859.0+2329,-inf
4FGL J1902.4-0629,-inf
4FGL J1907.2+0126,-inf
4FGL J1907.7-1232,-inf
4FGL J1911.5+0311,-inf
4FGL J1912.0+1612,-inf
4FGL J1912.1-0803,-inf
4FGL J1913.2+0512,-inf
4FGL J1915.3+1149,-inf
4FGL J1919.2+0618,-inf
4FGL J1922.2+2314,-inf
4FGL J1925.0+2815,-inf
4FGL J1925.7+1227,-inf
4FGL J1926.1+2059,-inf
4FGL J1930.3+0911,-inf
4FGL J1931.1+0937,-inf
4FGL J1933.3+0726,-inf
4FGL J1942.1+4011,-inf
4FGL J1942.7+1033,-inf
4FGL J1944.0+2117,-inf
4FGL J1944.2+3921,-inf
4FGL J1946.0+0937,-inf
4FGL J1948.3+1207,-inf
4FGL J1949.0+1314,-inf
4FGL J1949.4+1247,-inf
4FGL J1949.5+0906,-inf
4FGL J1950.6+3456,-inf
4FGL J1950.8+1211,-inf
4FGL J1955.2+1358,0.743
4FGL J1958.1+2438,-inf
4FGL J1959.0+3844,-inf
4FGL J2000.0+4214,-inf
4FGL J2001.2+4353,-inf
4FGL J2003.6+2333,-inf
4FGL J2009.9+3544,-inf
4FGL J2012.0+4629,-inf
4FGL J2015.5+3710,0.859
4FGL J2018.5+3852,-inf
4FGL J2023.2+3153,0.356
4FGL J2023.4+4127,-inf
4FGL J2024.8+2734,-inf
4FGL J2025.3+3341,0.219
4FGL J2026.6+3449,-inf
4FGL J2029.5+4925,-inf
4FGL J2031.9+2403,-inf
4FGL J2035.9+4901,-inf
4FGL J2038.7+5117,1.686
4FGL J2039.5+5218,0.053
4FGL J2042.1+4209,-inf
4FGL J2053.8+2922,-inf
4FGL J2054.5+4731,-inf
4FGL J2056.7+4939,-inf
4FGL J2102.3+4702,-inf
4FGL J2107.9+6006,-inf
4FGL J2108.0+3655,-inf
4FGL J2117.4+6159,-inf
4FGL J2118.2+5752,-inf
4FGL J2119.4+4652,-inf
4FGL J2120.7+4428,-inf
4FGL J2136.5+4259,-inf
4FGL J2142.1+4501,-inf
4FGL J2149.1+6104,-inf
4FGL J2151.4+4156,-inf
4FGL J2155.3+6602,-inf
4FGL J2201.8+5048,1.899
4FGL J2203.6+6751,-inf
4FGL J2213.9+5948,-inf
4FGL J2215.4+6105,-inf
4FGL J2223.0+6746,-inf
4FGL J2223.4+5814,-inf
4FGL J2226.5+6901,-inf
4FGL J2232.3+6246,-inf
4FGL J2237.4+5124,-inf
4FGL J2239.4+5130,-inf
4FGL J2251.2+5550,-inf
4FGL J2307.7+6712,-inf
4FGL J2321.4+5111,-inf
4FGL J2325.9+6206,-inf
4FGL J2329.7+6101,-inf
4FGL J2347.0+5141,0.044
4FGL J2347.9+5436,-inf
4FGL J2353.5+6646,-inf
4FGL J2358.4+6547,-inf
