Source_Name,Target_RA,Target_Dec,DESI_TargetID,DESI_RA,DESI_Dec,DESI_z,DESI_zerr,DESI_spectype,DESI_subtype,DESI_zwarn,DESI_Separation_arcsec
4FGL J0001.4-0010,0.3395400047302246,-0.1944199949502945,39627778693270301,0.339446002343,-0.194530981797,1.65837868,9.6525981e-05,GALAXY,,4,0.5236042167206758
4FGL J0003.5+0717,0.8468390703201294,7.287184238433838,39627959568434956,0.846843489336,7.287189834778,0.124231777,2.02828612e-05,GALAXY,,0,0.025591059334532016
4FGL J0028.5+2001,7.12424373626709,20.007429122924805,39628258945272947,7.124243859624,20.007428703391,1.66751464,9.63067202e-05,GALAXY,,0,0.0015669068921964025
4FGL J0036.8+1431,9.14628791809082,14.567671775817873,39628131853666487,9.146291806107,14.56766639505,0.511939963,6.21605761e-05,GALAXY,,4,0.02363777449303991
4FGL J0110.3-0431,17.543352127075195,-4.593032360076904,39627676360645408,17.543331709733,-4.593012078123,1.65901783,0.00011364516,GALAXY,,0,0.10343673889791737
4FGL J0121.8+1147,20.42331314086914,11.830670356750488,39628067240411678,20.423313209593,11.830672188577,0.571553175,1.42248469e-05,QSO,LOZ,0,0.006599019780496067
4FGL J0127.3-0148,21.796119689941406,-1.8649400472640991,39627742815192620,21.79615986062,-1.864909496854,1.65571863,6.21680687e-05,GALAXY,,0,0.18162354912106288
4FGL J0136.8+2032,24.13409805297852,20.47150230407715,39628270580271562,24.134098774719,20.471501132159,0.556517679,5.94615918e-05,GALAXY,,0,0.004870767157254259
4FGL J0138.6+2923,24.64718246459961,29.36794090270996,39628462671004314,24.647182113471,29.367941416441,1.72522813,0.000387858241,QSO,HIZ,0,0.0021526625240686813
4FGL J0143.3-0119,25.819673538208008,-1.3169561624526978,39627754961897833,25.819680411117,-1.316954599573,0.51928294,3.14644067e-05,GALAXY,,0,0.02536774662677455
4FGL J0202.3-0605,30.52862548828125,-5.983416557312012,2323409958600704,30.528460694326,-5.983647964303,1.66630673,5.00029491e-05,GALAXY,,0,1.0208468937872668
4FGL J0215.2-1619,33.813499450683594,-16.2939453125,39627397682699879,33.813548212156,-16.293984580689,0.282486954,3.85579497e-05,GALAXY,,0,0.21993931177133919
4FGL J0215.9+0521,33.979209899902344,5.407098770141602,39627918061602699,33.979211568864,5.407098539156,1.64242442,0.000227138959,GALAXY,,4,0.006039051043328552
4FGL J0733.5+3517,113.37325286865234,35.26186752319336,39632984877307176,113.373251204846,35.261866988394,0.177339136,3.46887274e-05,GALAXY,,0,0.005256032414150313
4FGL J0822.9+0538,125.7578125,5.590362548828125,39627919592527897,125.757811845061,5.59036308967,1.95421828,0.000251701222,QSO,HIZ,0,0.0030491477910455657
4FGL J0833.0+3300,128.21441650390625,33.003055572509766,39632939964698187,128.214399281302,33.003016146971,0.670982296,6.4808121e-05,GALAXY,,0,0.15115673046552347
4FGL J0851.9+4845,132.90216064453125,48.791873931884766,39633227807197080,132.902153820261,48.791872672275,1.66787771,0.000947717009,QSO,HIZ,0,0.016808130762987646
4FGL J0907.1+0856,136.75033569335938,8.964249610900879,39628003730264740,136.750355646338,8.964283978629,1.69294139,9.34844584e-05,GALAXY,,0,0.1426252554505045
4FGL J1018.6+3126,154.64169311523438,31.475799560546875,39628511568201158,154.641753480568,31.476125243671,0.161496237,3.37739186e-05,GALAXY,,0,1.1870178337475907
4FGL J1018.6+3126,154.64169311523438,31.475799560546875,39628511568201158,154.641753480568,31.476125243671,0.161414329,1.47953037e-05,GALAXY,,0,1.1870178337475907
4FGL J1143.9+1558,175.96945190429688,15.972749710083008,39628169577237668,175.969431867415,15.972786980685,1.68889832,0.000105459362,GALAXY,,0,0.151035891407691
4FGL J1155.2+4320,178.78057861328125,43.27260208129883,39633135738029815,178.780583187676,43.272580524325,1.17784632,0.000153280101,QSO,LOZ,0,0.07852590736900505
4FGL J1203.7+5821,180.9805603027344,58.3293342590332,39633365271314715,180.980562389094,58.329333573254,1.63726191,0.000137046727,GALAXY,,0,0.004652538187613654
4FGL J1204.4+3750,181.01284790039065,37.9773063659668,39633039260648319,181.012848008398,37.97730512816,1.28349582,0.000218051922,QSO,LOZ,0,0.0044666325019724245
4FGL J1221.9+3543,185.5478973388672,35.682498931884766,39632995732160790,185.547590081783,35.682858536218,1.63667167,5.27884424e-05,GALAXY,,0,1.575804193817373
4FGL J1229.1+5521,187.2886962890625,55.37516403198242,2305843020940970373,187.288690557916,55.375165553227,1.40587209,0.00022360839,QSO,HIZ,0,0.01293927743280464
4FGL J1229.1+5521,187.2886962890625,55.37516403198242,39633328860563927,187.288690557916,55.375165553227,1.40473084,0.000181043588,QSO,HIZ,0,0.01293927743280464
4FGL J1250.2+3157,192.56478881835935,31.93317031860352,39628522406284534,192.564695592439,31.933220446056,1.63680897,9.06161575e-05,GALAXY,,0,0.3371791200795205
4FGL J1310.1-0450,197.5543212890625,-4.869076728820801,39627673353322662,197.55433047028,-4.869051362143,0.567995862,1.50700409e-05,GALAXY,,0,0.09707697557321177
4FGL J1310.1-0450,197.5543212890625,-4.869076728820801,39627673353322662,197.55433047028,-4.869051362143,0.567980649,7.89423872e-06,GALAXY,,0,0.09707697557321177
4FGL J1326.6+0152,201.66954040527344,1.8647427558898928,39627830388067434,201.669532593876,1.864749998189,0.189585423,7.36236374e-05,GALAXY,,0,0.03833690970569687
4FGL J1327.0+3154,201.8821563720703,31.85755157470703,39628517398285728,201.881706402679,31.857627521209,0.239028929,7.10181499e-05,GALAXY,,0,1.4027759640607957
4FGL J1406.5-0054,211.6493377685547,-0.93022221326828,39627764118063658,211.64932992435,-0.930237271364,0.254873438,5.82096226e-05,GALAXY,,0,0.06112176389871263
4FGL J1408.7+3617,212.1468811035156,36.29996109008789,39633005886574692,212.146875763475,36.299962453524,1.68277324,0.000104349724,GALAXY,,0,0.016252204496992464
4FGL J1422.5+3223,215.62657165527344,32.386234283447266,2305843020223748574,215.626578993166,32.386233403176,0.682066689,4.12826241e-05,QSO,LOZ,0,0.022531481601429742
4FGL J1422.5+3223,215.62657165527344,32.386234283447266,39632931018246299,215.626578993166,32.386233403176,1.61531162,2.16563705e-05,GALAXY,,0,0.022531481601429742
4FGL J1424.5+3433,216.095458984375,34.56575012207031,39632971396810195,216.09545741498,34.565748698836,0.576121692,7.86229828e-05,GALAXY,,0,0.0069207944206555625
4FGL J1424.5+3433,216.095458984375,34.56575012207031,39632971396810195,216.09545741498,34.565748698836,0.576162938,6.02824731e-05,GALAXY,,0,0.0069207944206555625
4FGL J1424.5+3705,216.0883331298828,37.098026275634766,39633020507916302,216.088254426588,37.098018439482,0.289441543,6.09732878e-05,GALAXY,,0,0.22774078147390753
4FGL J1430.5+3647,217.66909790039065,36.81774520874024,39633015688662262,217.669098738444,36.81774688328,0.565695607,0.000131602191,QSO,LOZ,0,0.0064941748370159645
4FGL J1430.5+3647,217.66909790039065,36.81774520874024,43978285641629724,217.66914,36.817756,0.565817565,0.000167742378,QSO,LOZ,0,0.12739732199294934
4FGL J1523.2+2818,230.70391845703125,28.148969650268555,39628444480312217,230.703921566172,28.148953960049,1.03939045,0.000444982827,QSO,LOZ,0,0.057340472549191064
4FGL J1532.7+2342,233.19309997558597,23.73479652404785,39628346685915416,233.193105201427,23.734796819188,0.823653103,3.40008777e-05,QSO,LOZ,0,0.017254534767674273
4FGL J1543.3+1026,235.9566192626953,10.45605182647705,39628041122482095,235.956615000388,10.456051170951,0.932752478,2.2321461e-46,GALAXY,,646,0.015272925602131567
4FGL J1621.3-0030,245.31329345703125,-0.5278000235557556,39627776763889376,245.313392466053,-0.527883807244,1.67394516,7.69948125e-05,GALAXY,,4,0.4669140440942459
4FGL J1635.3+0911,248.90660095214844,9.13203239440918,39628011561026924,248.90661020378,9.132089701061,1.63232765,7.96413012e-05,GALAXY,,0,0.2089082522165984
4FGL J1657.7+0738,254.5375518798828,7.690983295440674,39627975783617663,254.537547319602,7.690983627187,0.624591696,1.73266377e-05,QSO,LOZ,0,0.01631310374211451
4FGL J1733.4+1521,263.3441772460937,15.222840309143066,39628153517247511,263.344179251515,15.222842183581,2.01100299,0.000889082462,QSO,HIZ,0,0.009698613130048333
4FGL J1744.8+5540,266.2358703613281,55.70476531982422,39633333033898253,266.235863325668,55.704758540921,0.0294817148,6.07053528e-06,GALAXY,,0,0.028270697374442353
4FGL J1747.4+2759,266.8017883300781,27.994394302368164,39628439686219345,266.801787276438,27.994395000651,1.89408798,0.000720287586,QSO,HIZ,0,0.004187720483575392
4FGL J1801.8+2951,270.43316650390625,29.848777770996094,39628476797423667,270.433217623931,29.848770637677,1.68078512,0.000140445709,GALAXY,,0,0.1616713118301889
4FGL J1901.0+6208,285.2625427246094,62.1225814819336,39633411446411117,285.262549810496,62.122593391451,0.153615666,3.25720468e-05,GALAXY,,0,0.04450247842050252
4FGL J2200.6+0232,330.20587158203125,2.575023889541626,2781016993300494,330.205868357212,2.575023388144,1.32485844,0.00014725573,QSO,LOZ,0,0.011737251973630583
4FGL J2200.6+0232,330.20587158203125,2.575023889541626,39627850663334420,330.205868357212,2.575023388144,1.662587,7.98852876e-05,GALAXY,,0,0.011737251973630583
4FGL J2211.9+0821,333.0066223144531,8.32125186920166,39627989062779332,333.006622263552,8.321252782909,0.483789813,4.70845875e-06,QSO,LOZ,0,0.0032943398329285524
4FGL J2246.5-1204,341.5759582519531,-12.114243507385254,39627502364135718,341.575966617035,-12.114243957401,0.62626339,5.78061764e-06,QSO,LOZ,0,0.02948821834055008
4FGL J2343.9+1539,355.9281311035156,15.717494010925291,39636962763605677,355.928121527607,15.717494244116,1.44546254,0.000454894306,QSO,HIZ,0,0.03319490053151393
4FGL J2348.6-0426,357.0489807128906,-4.432328224182129,39627682043921560,357.048990627647,-4.432328368059,1.1113071,0.00017304169,QSO,LOZ,0,0.035590145002444264
4FGL J2359.9+3145,359.9804077148437,31.76666641235352,39628519659017335,359.980464609512,31.766610055399,1.66653179,5.66008272e-05,GALAXY,,0,0.2673697120608852
