"Source_Name","CLASS","AGN_Type_Est","P_FSRQ","Actual_z","Uncalibrated_SL_z","Calibrated_SL_z","z_low_68","z_high_68","z_low_95","z_high_95"
"4FGL J0001.2-0747","bll","BLL",0.04,NA,0.4759,0.5102,0.2183,0.8021,0,1.4141
"4FGL J0009.3+5030","bll","BLL",0.1067,NA,0.4563,0.5041,0.2122,0.7959,0,1.408
"4FGL J0013.1-3955","bll","BLL",0.3167,NA,0.781,0.7215,0.4296,1.0133,0,1.6254
"4FGL J0019.3-8152","bll","BLL",0.0367,NA,0.3025,0.2904,0,0.5823,0,1.1943
"4FGL J0019.6+2022","bll","BLL",0.7233,NA,1.161,1.0809,0.789,1.3727,0.177,1.9848
"4FGL J0021.5-2552","bll","BLL",0.01,NA,0.4681,0.513,0.2211,0.8048,0,1.4169
"4FGL J0022.1-1854","bll","BLL",0.0367,NA,0.4518,0.5105,0.2186,0.8024,0,1.4144
"4FGL J0022.5+0608","bll","BLL",0.4033,NA,0.8899,0.8562,0.5644,1.1481,0,1.7602
"4FGL J0023.9+1603","bll","BLL",0.1367,NA,0.6927,0.56,0.2681,0.8519,0,1.4639
"4FGL J0029.0-7044","bll","BLL",0.39,NA,0.6683,0.5719,0.28,0.8638,0,1.4758
"4FGL J0031.3+0726","bll","BLL",0.01,NA,0.4457,0.513,0.2211,0.8048,0,1.4169
"4FGL J0040.3+4050","bll","BLL",0.1267,NA,0.3544,0.3519,0.06,0.6438,0,1.2558
"4FGL J0045.1-3706","fsrq","FSRQ",0.9933,NA,0.943,0.9856,0.6937,1.2775,0.0817,1.8895
"4FGL J0045.3+2128","bll","BLL",0,NA,0.3216,0.2968,0.0049,0.5886,0,1.2007
"4FGL J0056.4-2118","bll","BLL",0.0233,NA,0.568,0.5524,0.2606,0.8443,0,1.4564
"4FGL J0058.0-3233","bll","BLL",0.2533,NA,0.5856,0.5655,0.2736,0.8573,0,1.4694
"4FGL J0107.4+0334","bll","BLL",0.51,NA,0.6897,0.5776,0.2858,0.8695,0,1.4816
"4FGL J0112.8-7506","bll","BLL",0.0133,NA,0.4926,0.5291,0.2372,0.821,0,1.433
"4FGL J0115.6+0356","bll","BLL",0.0333,NA,0.5494,0.5457,0.2539,0.8376,0,1.4497
"4FGL J0116.0-2745","bll","BLL",0.0133,NA,0.454,0.5126,0.2208,0.8045,0,1.4166
"4FGL J0116.2-6153","bll","BLL",0.0033,NA,0.4951,0.5468,0.2549,0.8387,0,1.4507
"4FGL J0120.4-2701","bll","BLL",0.04,NA,0.3475,0.3191,0.0273,0.611,0,1.2231
"4FGL J0125.3-2548","bll","BLL",0.3367,NA,0.9018,0.8427,0.5508,1.1346,0,1.7466
"4FGL J0127.2+0324","bll","BLL",0.0067,NA,0.3421,0.3197,0.0278,0.6115,0,1.2236
"4FGL J0132.8-4413","bll","BLL",0.0733,NA,0.4315,0.4591,0.1673,0.751,0,1.3631
"4FGL J0136.5+3906","bll","BLL",0.0033,NA,0.307,0.2929,0.0011,0.5848,0,1.1968
"4FGL J0138.0+2247","bll","BLL",0,NA,0.3856,0.4136,0.1217,0.7055,0,1.3175
"4FGL J0139.0+2601","bll","BLL",0.23,NA,0.4045,0.4535,0.1616,0.7454,0,1.3574
"4FGL J0142.7-0543","bll","BLL",0.2333,NA,0.3781,0.3865,0.0946,0.6784,0,1.2904
"4FGL J0143.7-5846","bll","BLL",0.0567,NA,0.3201,0.2919,1e-04,0.5838,0,1.1959
"4FGL J0144.6+2705","bll","BLL",0.3167,NA,0.8772,0.8262,0.5343,1.118,0,1.7301
"4FGL J0153.0+7517","bll","BLL",0.01,NA,0.4529,0.513,0.2211,0.8048,0,1.4169
"4FGL J0155.0+4433","bll","BLL",0.0833,NA,0.5099,0.5364,0.2445,0.8283,0,1.4403
"4FGL J0158.5-3932","bll","BLL",0,NA,0.4177,0.4618,0.1699,0.7537,0,1.3657
"4FGL J0159.7-2740","bll","BLL",0.01,NA,0.3945,0.4585,0.1666,0.7504,0,1.3624
"4FGL J0200.6-6637","fsrq","FSRQ",0.9467,NA,1.4455,1.4706,1.1787,1.7625,0.5667,2.3745
"4FGL J0202.7+4204","bll","BLL",0.5167,NA,0.5332,0.5036,0.2118,0.7955,0,1.4076
"4FGL J0203.6+7233","bll","BLL",0.2667,NA,0.23,0.1877,0,0.4796,0,1.0917
"4FGL J0208.3-6838","bll","BLL",0.1833,NA,0.641,0.5622,0.2703,0.8541,0,1.4661
"4FGL J0209.3+4449","bll","BLL",0,NA,0.2848,0.2931,0.0013,0.585,0,1.197
"4FGL J0219.0+2443","bll","BLL",0.01,NA,0.3671,0.3585,0.0666,0.6504,0,1.2624
"4FGL J0219.5+0724","bll","BLL",0.2733,NA,0.5442,0.5352,0.2433,0.8271,0,1.4391
"4FGL J0226.5-4441","bll","BLL",0.03,NA,0.4409,0.481,0.1892,0.7729,0,1.385
"4FGL J0232.9+2608","bll","BLL",0.02,NA,0.4913,0.513,0.2211,0.8049,0,1.4169
"4FGL J0241.0-0505","bll","BLL",0.1533,NA,0.6807,0.5608,0.2689,0.8527,0,1.4647
"4FGL J0243.4+7119","bll","BLL",0.3333,NA,0.7666,0.726,0.4341,1.0179,0,1.6299
"4FGL J0245.1-0257","bll","BLL",0.04,NA,0.5243,0.542,0.2501,0.8339,0,1.4459
"4FGL J0258.1+2030","bll","BLL",0.1333,NA,0.692,0.5598,0.268,0.8517,0,1.4638
"4FGL J0304.9-0606","bll","BLL",0.23,NA,0.6085,0.5644,0.2725,0.8563,0,1.4683
"4FGL J0309.7-0745","bll","BLL",0,NA,0.3391,0.3198,0.0279,0.6117,0,1.2237
"4FGL J0310.6-5017","bll","BLL",0,NA,0.3304,0.3198,0.0279,0.6117,0,1.2237
"4FGL J0312.5-2221","bll","BLL",0.02,NA,0.456,0.512,0.2201,0.8039,0,1.4159
"4FGL J0314.3-5103","bll","BLL",0.0767,NA,0.6701,0.5572,0.2653,0.8491,0,1.4611
"4FGL J0316.2-6437","bll","BLL",0.0533,NA,0.4525,0.5089,0.2171,0.8008,0,1.4129
"4FGL J0322.0+2335","bll","BLL",0.0233,NA,0.2889,0.2904,0,0.5823,0,1.1943
"4FGL J0333.7+2916","bll","BLL",0.0133,NA,0.3516,0.3196,0.0277,0.6114,0,1.2235
"4FGL J0334.2-3725","bll","BLL",0.1267,NA,0.363,0.3519,0.06,0.6438,0,1.2558
"4FGL J0335.1-4459","bll","BLL",0.0367,NA,0.4276,0.4605,0.1686,0.7523,0,1.3644
"4FGL J0338.5+1302","bll","BLL",0.09,NA,0.451,0.5056,0.2137,0.7975,0,1.4095
"4FGL J0348.6-1609","bll","BLL",0.6567,NA,0.2837,0.2107,0,0.5026,0,1.1146
"4FGL J0354.7+8009","bll","BLL",0.6633,NA,1.1504,1.0569,0.7651,1.3488,0.153,1.9608
"4FGL J0359.4-2616","bll","BLL",0.7667,NA,1.1238,1.0835,0.7916,1.3753,0.1795,1.9874
"4FGL J0409.8-0359","bll","BLL",0.0133,NA,0.4986,0.5455,0.2536,0.8374,0,1.4494
"4FGL J0431.8+7403","bll","BLL",0.03,NA,0.4247,0.4607,0.1688,0.7526,0,1.3646
"4FGL J0433.1+3227","bll","BLL",0.0067,NA,0.4265,0.4615,0.1697,0.7534,0,1.3655
"4FGL J0440.8+2749","bll","BLL",0.01,NA,0.3831,0.4124,0.1205,0.7043,0,1.3163
"4FGL J0502.5+1340","bll","BLL",0.4533,NA,0.6237,0.5749,0.2831,0.8668,0,1.4789
"4FGL J0505.6-1558","bll","BLL",0.1,NA,0.5396,0.5428,0.2509,0.8347,0,1.4467
"4FGL J0506.0+6113","bll","BLL",0.0167,NA,0.4248,0.4612,0.1693,0.7531,0,1.3651
"4FGL J0506.7-0857","bll","BLL",0.01,NA,0.516,0.5459,0.254,0.8378,0,1.4498
"4FGL J0515.8+1527","bll","BLL",0.01,NA,0.5425,0.5468,0.2549,0.8387,0,1.4507
"4FGL J0532.0-4827","BLL","BLL",0.29,NA,0.6316,0.5672,0.2753,0.8591,0,1.4711
"4FGL J0540.5+5823","bll","BLL",0.0067,NA,0.3024,0.2926,8e-04,0.5845,0,1.1965
"4FGL J0553.5-2034","bll","BLL",0.0367,NA,0.4751,0.5105,0.2186,0.8024,0,1.4144
"4FGL J0556.2-4352","bll","BLL",0.0433,NA,0.6832,0.5556,0.2638,0.8475,0,1.4596
"4FGL J0558.8-7459","bll","BLL",0.04,NA,0.4957,0.542,0.2501,0.8339,0,1.4459
"4FGL J0607.4+4739","bll","BLL",0.0267,NA,0.3735,0.3729,0.081,0.6648,0,1.2768
"4FGL J0610.1-1848","bll","BLL",0.7567,NA,0.5483,0.5145,0.2226,0.8063,0,1.4184
"4FGL J0612.8+4122","bll","BLL",0.0767,NA,0.5284,0.5403,0.2484,0.8322,0,1.4442
"4FGL J0615.3-3117","bll","BLL",0.0167,NA,0.4408,0.4612,0.1693,0.7531,0,1.3651
"4FGL J0617.2+5701","bll","BLL",0.0333,NA,0.4139,0.4606,0.1687,0.7525,0,1.3645
"4FGL J0625.3+4439","bll","BLL",0.1433,NA,0.5492,0.5409,0.249,0.8328,0,1.4448
"4FGL J0626.4-4259","bll","BLL",0.0667,NA,0.492,0.5158,0.2239,0.8077,0,1.4197
"4FGL J0628.8-6250","bll","BLL",0.7533,NA,1.664,1.6353,1.3434,1.9272,0.7314,2.5392
"4FGL J0644.4-6712","fsrq","FSRQ",0.2833,NA,0.8819,0.832,0.5401,1.1239,0,1.7359
"4FGL J0647.7-6058","bll","BLL",0.91,NA,1.4023,1.3734,1.0815,1.6653,0.4695,2.2773
"4FGL J0700.5-6610","bll","BLL",0.0467,NA,0.3338,0.319,0.0272,0.6109,0,1.223
"4FGL J0703.2-3914","bll","BLL",0.0133,NA,0.4753,0.5126,0.2208,0.8045,0,1.4166
"4FGL J0706.5+3744","bll","BLL",0.0567,NA,0.4312,0.4597,0.1679,0.7516,0,1.3637
"4FGL J0706.8+7742","bll","BLL",0.03,NA,0.498,0.5433,0.2514,0.8352,0,1.4472
"4FGL J0706.9+6109","bll","BLL",0.3833,NA,0.3139,0.2781,0,0.57,0,1.182
"4FGL J0709.1+2241","bll","BLL",0.0267,NA,0.3706,0.369,0.0771,0.6609,0,1.2729
"4FGL J0718.6-4319","bll","BLL",0.03,NA,0.5033,0.5433,0.2514,0.8352,0,1.4472
"4FGL J0723.7+2050","bll","BLL",0.0033,NA,0.3527,0.3589,0.067,0.6508,0,1.2628
"4FGL J0728.2+4827","bll","BLL",0.0267,NA,0.3734,0.3729,0.081,0.6648,0,1.2768
"4FGL J0743.1+1713","bll","BLL",0.28,NA,0.6432,0.5667,0.2748,0.8586,0,1.4706
"4FGL J0747.5+0905","bll","BLL",0.0033,NA,0.2812,0.2927,8e-04,0.5845,0,1.1966
"4FGL J0805.9+3834","bll","BLL",0.0167,NA,0.5171,0.545,0.2532,0.8369,0,1.449
"4FGL J0807.1-0541","bll","BLL",0.17,NA,0.542,0.5397,0.2479,0.8316,0,1.4436
"4FGL J0811.0-7529","bll","BLL",0.0267,NA,0.4921,0.5211,0.2292,0.813,0,1.425
"4FGL J0812.8+6507","bll","BLL",0.0033,NA,0.2979,0.2928,0.001,0.5847,0,1.1967
"4FGL J0814.2-1013","bll","BLL",0.0267,NA,0.3372,0.3194,0.0275,0.6112,0,1.2233
"4FGL J0817.8+3243","bll","BLL",0.18,NA,0.5527,0.5393,0.2474,0.8312,0,1.4432
"4FGL J0817.8-0934","bll","BLL",0.1133,NA,0.6146,0.5589,0.267,0.8508,0,1.4628
"4FGL J0818.7+3153","bll","BLL",0.17,NA,0.5286,0.5323,0.2404,0.8242,0,1.4362
"4FGL J0820.9-1258","bll","BLL",0.37,NA,0.5892,0.571,0.2791,0.8629,0,1.4749
"4FGL J0826.4-6404","bll","BLL",0.0033,NA,0.3323,0.3197,0.0278,0.6116,0,1.2236
"4FGL J0829.7+5105","bll","BLL",0.0567,NA,0.582,0.5563,0.2644,0.8481,0,1.4602
"4FGL J0831.5+1747","bll","BLL",0.0533,NA,0.5048,0.5403,0.2484,0.8321,0,1.4442
"4FGL J0834.6+4402","bll","BLL",0.11,NA,0.4156,0.4578,0.1659,0.7497,0,1.3617
"4FGL J0839.4+1803","bll","BLL",0.09,NA,0.3214,0.2939,0.0021,0.5858,0,1.1979
"4FGL J0847.9-0702","bll","BLL",0.1267,NA,0.2825,0.2759,0,0.5678,0,1.1798
"4FGL J0848.7+7017","bll","BLL",0.14,NA,0.8805,0.8038,0.5119,1.0957,0,1.7077
"4FGL J0850.0+4855","bll","BLL",0.3033,NA,0.3973,0.4489,0.157,0.7407,0,1.3528
"4FGL J0851.5+5528","bll","BLL",0.1033,NA,0.4754,0.5044,0.2125,0.7962,0,1.4083
"4FGL J0856.6-1105","bll","BLL",0.2733,NA,0.6453,0.5664,0.2745,0.8583,0,1.4703
"4FGL J0859.4+6218","bll","BLL",0.0933,NA,0.5194,0.5351,0.2432,0.827,0,1.439
"4FGL J0901.2+6742","bll","BLL",0.9267,NA,1.7403,1.7462,1.4543,2.0381,0.8423,2.6501
"4FGL J0905.6+1358","bll","BLL",0.0067,NA,0.4023,0.4615,0.1697,0.7534,0,1.3655
"4FGL J0909.6+0159","bll","BLL",0.2033,NA,0.7829,0.6912,0.3993,0.9831,0,1.5951
"4FGL J0928.7-3529","bll","BLL",0.15,NA,0.5434,0.5406,0.2487,0.8325,0,1.4445
"4FGL J0929.3+5014","bll","BLL",0.2167,NA,0.5869,0.5637,0.2719,0.8556,0,1.4677
"4FGL J0930.3+8612","bll","BLL",0.2733,NA,0.5337,0.5239,0.232,0.8157,0,1.4278
"4FGL J0930.7+3502","bll","BLL",0.79,NA,0.8974,0.939,0.6472,1.2309,0.0351,1.8429
"4FGL J0935.3-1736","bll","BLL",0.0067,NA,0.4503,0.5133,0.2214,0.8051,0,1.4172
"4FGL J0941.9+2724","bll","BLL",0.74,NA,0.8002,0.8677,0.5758,1.1596,0,1.7716
"4FGL J0942.3-0800","bll","BLL",0.4,NA,0.5928,0.5724,0.2805,0.8643,0,1.4763
"4FGL J0953.0-0840","bll","BLL",0.0067,NA,0.4009,0.4586,0.1667,0.7505,0,1.3625
"4FGL J1011.6+3600","bll","BLL",0.2,NA,0.7394,0.6772,0.3853,0.9691,0,1.5811
"4FGL J1018.8+5913","bll","BLL",0.0033,NA,0.3798,0.4132,0.1213,0.7051,0,1.3171
"4FGL J1019.7+6321","bll","BLL",0.3033,NA,0.5712,0.5536,0.2618,0.8455,0,1.4576
"4FGL J1022.4-4231","bll","BLL",0.21,NA,0.8415,0.8071,0.5152,1.099,0,1.711
"4FGL J1030.6-2028","bll","BLL",0.05,NA,0.6575,0.556,0.2641,0.8478,0,1.4599
"4FGL J1032.7+6624","bll","BLL",0.0833,NA,0.6647,0.5575,0.2656,0.8494,0,1.4614
"4FGL J1036.5+1231","bll","BLL",0.1267,NA,0.4435,0.5022,0.2103,0.7941,0,1.4061
"4FGL J1040.5+0617","bll","BLL",0.7567,NA,0.7619,0.85,0.5581,1.1418,0,1.7539
"4FGL J1042.1-4128","bll","BLL",0.0067,NA,0.3614,0.3587,0.0668,0.6506,0,1.2626
"4FGL J1047.7+7238","bll","BLL",0.0867,NA,0.3526,0.3542,0.0623,0.646,0,1.2581
"4FGL J1052.9-3743","bll","BLL",0.0033,NA,0.3781,0.4132,0.1213,0.7051,0,1.3171
"4FGL J1055.5-0125","bll","BLL",0.0233,NA,0.4179,0.4609,0.1691,0.7528,0,1.3649
"4FGL J1058.0+4305","bll","BLL",0.6533,NA,1.0834,1.0317,0.7398,1.3236,0.1278,1.9356
"4FGL J1059.2-1134","bll","BLL",0.1433,NA,0.4439,0.5007,0.2088,0.7926,0,1.4046
"4FGL J1107.6+0222","bll","BLL",0.0067,NA,0.527,0.5465,0.2546,0.8384,0,1.4504
"4FGL J1110.2+7135","bll","BLL",0,NA,0.4534,0.5139,0.222,0.8058,0,1.4178
"4FGL J1110.5-1836","bll","BLL",0.0733,NA,0.6729,0.557,0.2652,0.8489,0,1.461
"4FGL J1113.8+1528","bll","BLL",0.03,NA,0.3726,0.3726,0.0808,0.6645,0,1.2765
"4FGL J1113.9+5523","bll","BLL",0.08,NA,0.554,0.5437,0.2518,0.8356,0,1.4476
"4FGL J1118.0+5356","bll","BLL",0.0433,NA,0.462,0.5099,0.218,0.8018,0,1.4138
"4FGL J1124.9+4934","bll","BLL",0.0367,NA,0.4233,0.4605,0.1686,0.7523,0,1.3644
"4FGL J1125.1-2101","bll","BLL",0.0233,NA,0.4904,0.5117,0.2198,0.8036,0,1.4156
"4FGL J1135.1+3014","bll","BLL",0.83,NA,1.2163,1.2088,0.9169,1.5007,0.3049,2.1127
"4FGL J1141.5-1408","bll","BLL",0.0367,NA,0.3837,0.4093,0.1174,0.7011,0,1.3132
"4FGL J1154.1-3243","bll","BLL",0.4233,NA,1.0629,0.8789,0.587,1.1707,0,1.7828
"4FGL J1155.5-3418","bll","BLL",0,NA,0.3675,0.3591,0.0672,0.651,0,1.263
"4FGL J1156.6-2248","bll","BLL",0.01,NA,0.5118,0.5459,0.254,0.8378,0,1.4498
"4FGL J1159.0+0939","bll","BLL",0.0267,NA,0.6104,0.5549,0.263,0.8468,0,1.4588
"4FGL J1159.5-0723","bll","BLL",0.0167,NA,0.3547,0.3581,0.0662,0.65,0,1.262
"4FGL J1201.7+1429","bll","BLL",0.86,NA,0.8631,0.9096,0.6177,1.2015,0.0057,1.8135
"4FGL J1213.8-4345","bll","BLL",0.1367,NA,0.7059,0.56,0.2681,0.8519,0,1.4639
"4FGL J1218.5-0119","bll","BLL",0.0567,NA,0.4559,0.5086,0.2168,0.8005,0,1.4126
"4FGL J1219.7+0444","bll","BLL",0.0033,NA,0.3562,0.3589,0.067,0.6508,0,1.2628
"4FGL J1220.1+3432","bll","BLL",0.0133,NA,0.4379,0.4613,0.1694,0.7532,0,1.3652
"4FGL J1223.5+0818","bll","BLL",0.17,NA,0.8444,0.8013,0.5094,1.0932,0,1.7052
"4FGL J1223.6-3032","bll","BLL",0,NA,0.3503,0.3198,0.0279,0.6117,0,1.2237
"4FGL J1223.8+8039","bll","BLL",0.7133,NA,1.1745,1.0768,0.785,1.3687,0.1729,1.9807
"4FGL J1226.0+5622","bll","BLL",0.69,NA,0.9637,0.9169,0.625,1.2088,0.013,1.8208
"4FGL J1233.1+1703","bll","BLL",0.2067,NA,0.4925,0.5063,0.2144,0.7982,0,1.4102
"4FGL J1233.7-0144","bll","BLL",0.1633,NA,0.6834,0.5612,0.2694,0.8531,0,1.4652
"4FGL J1238.1-4541","bll","BLL",0.1633,NA,0.3847,0.3945,0.1026,0.6864,0,1.2984
"4FGL J1238.3-1959","bll","BLL",0.0167,NA,0.4044,0.4612,0.1693,0.7531,0,1.3651
"4FGL J1245.8+0232","bll","BLL",0.18,NA,0.5671,0.5445,0.2526,0.8364,0,1.4484
"4FGL J1248.3+5820","bll","BLL",0,NA,0.2734,0.2931,0.0013,0.585,0,1.197
"4FGL J1253.2+5301","bll","BLL",0.0433,NA,0.4848,0.5099,0.218,0.8018,0,1.4138
"4FGL J1259.8-3749","bll","BLL",0.01,NA,0.4164,0.4614,0.1695,0.7533,0,1.3653
"4FGL J1304.3-4353","bll","BLL",0.0033,NA,0.3378,0.3197,0.0278,0.6116,0,1.2236
"4FGL J1305.6+7853","bll","BLL",0.5867,NA,1.4166,1.4062,1.1143,1.698,0.5022,2.3101
"4FGL J1307.6-4259","bll","BLL",0,NA,0.1979,0.1697,0,0.4616,0,1.0736
"4FGL J1309.7+1153","bll","BLL",0.3867,NA,0.7221,0.6237,0.3318,0.9156,0,1.5276
"4FGL J1314.7+2348","bll","BLL",0.0233,NA,0.2848,0.2901,0,0.582,0,1.194
"4FGL J1315.9-0732","bll","BLL",0.01,NA,0.3673,0.3585,0.0666,0.6504,0,1.2624
"4FGL J1319.8+7759","bll","BLL",0,NA,0.3197,0.2931,0.0013,0.585,0,1.197
"4FGL J1328.5-4727","bll","BLL",0.0467,NA,0.3237,0.3121,0.0203,0.604,0,1.2161
"4FGL J1330.2+7002","bll","BLL",0.0233,NA,0.4928,0.5295,0.2377,0.8214,0,1.4334
"4FGL J1330.3+4441","bll","BLL",0.0067,NA,0.5289,0.5466,0.2548,0.8385,0,1.4506
"4FGL J1330.4+3157","bll","BLL",0.9767,NA,1.3036,1.3668,1.0749,1.6586,0.4628,2.2707
"4FGL J1331.6+1711","bll","BLL",0.3067,NA,0.5144,0.5081,0.2162,0.8,0,1.412
"4FGL J1338.9+1153","bll","BLL",0.01,NA,0.4791,0.513,0.2211,0.8048,0,1.4169
"4FGL J1345.6-3356","bll","BLL",0.0133,NA,0.5114,0.5455,0.2536,0.8374,0,1.4494
"4FGL J1347.1-2959","bll","BLL",0.0033,NA,0.358,0.3589,0.067,0.6508,0,1.2628
"4FGL J1351.3+1115","bll","BLL",0.0133,NA,0.3282,0.3195,0.0276,0.6113,0,1.2234
"4FGL J1353.0-4413","bll","BLL",0.2767,NA,0.5181,0.5118,0.2199,0.8037,0,1.4157
"4FGL J1406.1-2508","bll","BLL",0.0067,NA,0.4956,0.5463,0.2545,0.8382,0,1.4503
"4FGL J1407.5-2706","bll","BLL",0.18,NA,0.1198,0.0973,0,0.3892,0,1.0012
"4FGL J1407.6-4301","bll","BLL",0.3733,NA,0.8993,0.8501,0.5582,1.142,0,1.754
"4FGL J1410.1+0202","bll","BLL",0.7667,NA,0.6491,0.59,0.2981,0.8819,0,1.4939
"4FGL J1411.5-0723","bll","BLL",0.0533,NA,0.3138,0.291,0,0.5829,0,1.1949
"4FGL J1420.3+0612","bll","BLL",0.3667,NA,0.4877,0.4806,0.1887,0.7725,0,1.3845
"4FGL J1423.1+3738","bll","BLL",0.0767,NA,0.6337,0.5572,0.2653,0.8491,0,1.4611
"4FGL J1425.0+3615","bll","BLL",0.0167,NA,0.6811,0.5544,0.2625,0.8463,0,1.4583
"4FGL J1426.1+3403","bll","BLL",0.02,NA,0.53,0.5455,0.2536,0.8374,0,1.4494
"4FGL J1427.6-3305","bll","BLL",0.86,NA,0.7649,0.883,0.5911,1.1749,0,1.7869
"4FGL J1427.7-3215","bll","BLL",0.0167,NA,0.4286,0.4612,0.1693,0.7531,0,1.3651
"4FGL J1431.1-3120","bll","BLL",0.0633,NA,0.39,0.4487,0.1568,0.7406,0,1.3526
"4FGL J1439.7+4958","bll","BLL",0.75,NA,0.7461,0.7925,0.5006,1.0843,0,1.6964
"4FGL J1440.0-1530","bll","BLL",0.4567,NA,0.6798,0.5751,0.2832,0.867,0,1.479
"4FGL J1445.9-1626","bll","BLL",0.9733,NA,1.0609,1.0299,0.738,1.3217,0.126,1.9338
"4FGL J1448.0+3608","bll","BLL",0.0033,NA,0.3915,0.4586,0.1667,0.7504,0,1.3625
"4FGL J1454.4+5124","bll","BLL",0.0033,NA,0.4565,0.5136,0.2217,0.8055,0,1.4175
"4FGL J1454.7+5237","bll","BLL",0.32,NA,0.8804,0.8393,0.5474,1.1312,0,1.7432
"4FGL J1500.9+5528","bll","BLL",0.22,NA,0.7483,0.6816,0.3897,0.9735,0,1.5855
"4FGL J1505.0-3433","bll","BLL",0.85,NA,1.3901,1.3794,1.0875,1.6713,0.4755,2.2833
"4FGL J1511.8-0513","bll","BLL",0.0033,NA,0.3393,0.3197,0.0278,0.6116,0,1.2236
"4FGL J1516.8+3651","bll","BLL",0.2367,NA,0.555,0.5368,0.2449,0.8287,0,1.4407
"4FGL J1516.9+1934","bll","BLL",0.9067,NA,0.5249,0.437,0.1451,0.7288,0,1.3409
"4FGL J1518.0-2731","bll","BLL",0.02,NA,0.2073,0.1688,0,0.4607,0,1.0727
"4FGL J1520.8-0348","bll","BLL",0.0567,NA,0.4794,0.5086,0.2168,0.8005,0,1.4126
"4FGL J1536.8-3155","bll","BLL",0.6967,NA,0.9951,0.951,0.6591,1.2429,0.0471,1.8549
"4FGL J1539.7-1127","bll","BLL",0.0033,NA,0.365,0.3589,0.067,0.6508,0,1.2628
"4FGL J1539.9+4220","bll","BLL",0.5667,NA,0.7482,0.7525,0.4606,1.0444,0,1.6564
"4FGL J1540.1+8155","bll","BLL",0.01,NA,0.2876,0.2919,0,0.5838,0,1.1958
"4FGL J1546.1-1003","bll","BLL",0.03,NA,0.4265,0.4607,0.1688,0.7526,0,1.3646
"4FGL J1549.8-0659","bll","BLL",0.1067,NA,0.394,0.4553,0.1634,0.7472,0,1.3592
"4FGL J1550.8-0822","bll","BLL",0.0133,NA,0.382,0.412,0.1201,0.7039,0,1.3159
"4FGL J1553.5-3118","bll","BLL",0.0033,NA,0.274,0.2926,7e-04,0.5845,0,1.1965
"4FGL J1557.5-7040","bll","BLL",0.5767,NA,1.0409,0.9186,0.6268,1.2105,0.0147,1.8226
"4FGL J1608.0-2038","bll","BLL",0.0367,NA,0.3822,0.4093,0.1174,0.7011,0,1.3132
"4FGL J1610.7-6648","bll","BLL",0.0033,NA,0.2916,0.2928,9e-04,0.5847,0,1.1967
"4FGL J1612.4-3100","bll","BLL",0.0267,NA,0.4507,0.5114,0.2195,0.8033,0,1.4153
"4FGL J1616.7+3327","bll","BLL",0.23,NA,0.6579,0.5644,0.2725,0.8563,0,1.4683
"4FGL J1624.6+5651","bll","BLL",0.2133,NA,0.3929,0.4518,0.1599,0.7437,0,1.3557
"4FGL J1641.9-0621","bll","BLL",0.7167,NA,1.1439,1.071,0.7791,1.3629,0.1671,1.9749
"4FGL J1642.3-8108","bll","BLL",0.6367,NA,0.7388,0.7648,0.473,1.0567,0,1.6688
"4FGL J1643.0-7714","bll","BLL",0.2867,NA,0.0995,0.0926,0,0.3845,0,0.9965
"4FGL J1649.4+5235","bll","BLL",0,NA,0.3943,0.4588,0.1669,0.7507,0,1.3627
"4FGL J1701.3+3956","bll","BLL",0.31,NA,0.2755,0.2449,0,0.5367,0,1.1488
"4FGL J1702.2+2642","bll","BLL",0.0733,NA,0.513,0.5377,0.2458,0.8296,0,1.4416
"4FGL J1704.5-0527","bll","BLL",0.1033,NA,0.4434,0.5044,0.2125,0.7962,0,1.4083
"4FGL J1736.0+2033","bll","BLL",0.01,NA,0.4183,0.4614,0.1695,0.7533,0,1.3653
"4FGL J1740.6+5346","bll","BLL",0.0567,NA,0.666,0.5563,0.2644,0.8481,0,1.4602
"4FGL J1741.2+5739","bll","BLL",0.2733,NA,0.4981,0.5122,0.2204,0.8041,0,1.4162
"4FGL J1745.4-0753","bll","BLL",0.4367,NA,0.7895,0.7547,0.4628,1.0466,0,1.6586
"4FGL J1749.0+4321","bll","BLL",0.33,NA,0.8057,0.7777,0.4858,1.0696,0,1.6816
"4FGL J1754.2+3212","bll","BLL",0.0067,NA,0.4498,0.5133,0.2214,0.8051,0,1.4172
"4FGL J1807.9+4650","bll","BLL",0.01,NA,0.2919,0.2921,2e-04,0.5839,0,1.196
"4FGL J1808.2+3500","bll","BLL",0.2033,NA,0.3507,0.3166,0.0247,0.6085,0,1.2205
"4FGL J1810.7+5335","bll","BLL",0.0067,NA,0.4349,0.4615,0.1697,0.7534,0,1.3655
"4FGL J1811.0+1608","bll","BLL",0.0067,NA,0.524,0.5463,0.2545,0.8382,0,1.4503
"4FGL J1811.3+0340","bll","BLL",0,NA,0.2607,0.2931,0.0013,0.585,0,1.197
"4FGL J1813.6+0614","bll","BLL",0.4233,NA,0.618,0.5735,0.2816,0.8654,0,1.4774
"4FGL J1819.1+2133","bll","BLL",0,NA,0.4841,0.5139,0.222,0.8058,0,1.4178
"4FGL J1820.3+3624","bll","BLL",0.0167,NA,0.38,0.4116,0.1197,0.7035,0,1.3155
"4FGL J1823.5+6858","bll","BLL",0.1167,NA,0.6429,0.5591,0.2672,0.8509,0,1.463
"4FGL J1829.3+5402","bll","BLL",0.0133,NA,0.4413,0.5126,0.2208,0.8045,0,1.4166
"4FGL J1830.0+1324","bll","BLL",0.0567,NA,0.6446,0.5563,0.2644,0.8481,0,1.4602
"4FGL J1832.6-5658","bll","BLL",0.0633,NA,0.6505,0.5566,0.2647,0.8485,0,1.4605
"4FGL J1834.7-5858","bll","BLL",0.7033,NA,1.0301,0.9528,0.6609,1.2447,0.0489,1.8567
"4FGL J1836.4+3137","bll","BLL",0.1567,NA,0.3193,0.2895,0,0.5814,0,1.1934
"4FGL J1841.3+2909","bll","BLL",0,NA,0.2758,0.2931,0.0013,0.585,0,1.197
"4FGL J1841.8+3218","bll","BLL",0.0167,NA,0.4092,0.4612,0.1693,0.7531,0,1.3651
"4FGL J1849.4+2745","bll","BLL",0.3667,NA,0.6068,0.5708,0.2789,0.8627,0,1.4747
"4FGL J1849.4-4313","bll","BLL",0.17,NA,0.525,0.5253,0.2334,0.8172,0,1.4292
"4FGL J1903.2+5540","bll","BLL",0.0333,NA,0.4352,0.4606,0.1687,0.7525,0,1.3645
"4FGL J1918.2-4111","bll","BLL",0.1067,NA,0.7768,0.6662,0.3743,0.9581,0,1.5701
"4FGL J1921.8-1607","bll","BLL",0.3067,NA,0.4134,0.4508,0.1589,0.7427,0,1.3547
"4FGL J1925.8-2220","bll","BLL",0.61,NA,0.546,0.5207,0.2288,0.8126,0,1.4246
"4FGL J1926.8+6154","bll","BLL",0.0067,NA,0.3567,0.3587,0.0668,0.6506,0,1.2626
"4FGL J1927.5+6117","bll","BLL",0.2833,NA,0.5363,0.5348,0.2429,0.8267,0,1.4387
"4FGL J1941.3-6210","bll","BLL",0.9333,NA,1.6319,1.6787,1.3868,1.9706,0.7748,2.5826
"4FGL J1955.1-1604","bll","BLL",0.0033,NA,0.2768,0.2926,7e-04,0.5845,0,1.1965
"4FGL J1959.7-4725","bll","BLL",0.0667,NA,0.3673,0.3553,0.0634,0.6472,0,1.2592
"4FGL J2005.1+7003","bll","BLL",0.0167,NA,0.3855,0.4116,0.1197,0.7035,0,1.3155
"4FGL J2010.0+7229","bll","BLL",0.9467,NA,0.9952,1.022,0.7301,1.3139,0.1181,1.9259
"4FGL J2012.2-1646","bll","BLL",0.9967,NA,1.6158,1.6943,1.4024,1.9862,0.7904,2.5982
"4FGL J2015.2-0137","bll","BLL",0.27,NA,0.5154,0.5127,0.2208,0.8045,0,1.4166
"4FGL J2021.9+0629","bll","BLL",0.0133,NA,0.3465,0.3196,0.0277,0.6114,0,1.2235
"4FGL J2022.3-4513","bll","BLL",0.11,NA,0.3948,0.4552,0.1633,0.7471,0,1.3591
"4FGL J2024.4-0847","bll","BLL",0.01,NA,0.4298,0.4614,0.1695,0.7533,0,1.3653
"4FGL J2030.9+1935","bll","BLL",0.0233,NA,0.393,0.458,0.1662,0.7499,0,1.362
"4FGL J2034.8-4200","bll","BLL",0.0133,NA,0.346,0.3196,0.0277,0.6114,0,1.2235
"4FGL J2036.4+6553","bll","BLL",0.01,NA,0.5047,0.5459,0.254,0.8378,0,1.4498
"4FGL J2039.0-1046","bll","BLL",0.14,NA,0.5122,0.5291,0.2372,0.821,0,1.433
"4FGL J2041.8-7319","bll","BLL",0.01,NA,0.4798,0.513,0.2211,0.8048,0,1.4169
"4FGL J2046.6-1012","bll","BLL",0.0367,NA,0.3585,0.357,0.0651,0.6489,0,1.2609
"4FGL J2050.0+0408","bll","BLL",0.38,NA,0.6299,0.5715,0.2796,0.8633,0,1.4754
"4FGL J2056.7-3209","bll","BLL",0.88,NA,0.5249,0.44,0.1481,0.7319,0,1.3439
"4FGL J2103.8-6233","bll","BLL",0.0533,NA,0.3685,0.356,0.0642,0.6479,0,1.26
"4FGL J2104.3-0212","bll","BLL",0,NA,0.3523,0.3586,0.0667,0.6504,0,1.2625
"4FGL J2108.9-6638","bll","BLL",0.1067,NA,0.5517,0.5425,0.2506,0.8344,0,1.4464
"4FGL J2112.7+0819","bll","BLL",0.0467,NA,0.4635,0.5096,0.2177,0.8014,0,1.4135
"4FGL J2115.2+1218","bll","BLL",0.0133,NA,0.4733,0.5126,0.2208,0.8045,0,1.4166
"4FGL J2127.7+3612","bll","BLL",0.0167,NA,0.4137,0.4612,0.1693,0.7531,0,1.3651
"4FGL J2133.9+6646","bll","BLL",0.1367,NA,0.519,0.5295,0.2376,0.8214,0,1.4334
"4FGL J2134.5-2130","bll","BLL",0.0533,NA,0.5345,0.5449,0.253,0.8367,0,1.4488
"4FGL J2139.4-4235","bll","BLL",0.0367,NA,0.3376,0.3192,0.0273,0.6111,0,1.2231
"4FGL J2144.2+3132","bll","BLL",0.01,NA,0.4267,0.4614,0.1695,0.7533,0,1.3653
"4FGL J2149.6+0323","bll","BLL",0.0233,NA,0.5097,0.5442,0.2523,0.8361,0,1.4481
"4FGL J2200.1+2138","bll","BLL",0.1033,NA,0.5946,0.5584,0.2666,0.8503,0,1.4624
"4FGL J2212.6+2800","bll","BLL",0.11,NA,0.6917,0.5588,0.2669,0.8506,0,1.4627
"4FGL J2223.3+0102","bll","BLL",0.1567,NA,0.4963,0.527,0.2351,0.8189,0,1.4309
"4FGL J2234.1-2656","bll","BLL",0.05,NA,0.6339,0.556,0.2641,0.8478,0,1.4599
"4FGL J2235.3+1818","bll","BLL",0.0633,NA,0.4942,0.539,0.2471,0.8309,0,1.4429
"4FGL J2235.8-3627","bll","BLL",0.25,NA,0.6731,0.5653,0.2734,0.8572,0,1.4692
"4FGL J2243.9+2021","bll","BLL",0.0033,NA,0.3929,0.4587,0.1668,0.7506,0,1.3626
"4FGL J2247.8+4413","bll","BLL",0,NA,0.2594,0.2931,0.0013,0.585,0,1.197
"4FGL J2251.5-4928","bll","BLL",0.04,NA,0.5487,0.5455,0.2536,0.8373,0,1.4494
"4FGL J2256.6-2011","bll","BLL",0.1867,NA,0.6257,0.5623,0.2705,0.8542,0,1.4662
"4FGL J2256.7+1307","bll","BLL",0.0133,NA,0.4652,0.5126,0.2208,0.8045,0,1.4166
"4FGL J2258.3-3643","bll","BLL",0,NA,0.3631,0.3591,0.0672,0.651,0,1.263
"4FGL J2300.3+3136","bll","BLL",0.0367,NA,0.5435,0.5456,0.2537,0.8375,0,1.4495
"4FGL J2304.6+3704","bll","BLL",0,NA,0.2956,0.2931,0.0013,0.585,0,1.197
"4FGL J2311.0+0205","bll","BLL",0.11,NA,0.453,0.5037,0.2119,0.7956,0,1.4077
"4FGL J2319.7+1609","bll","BLL",0,NA,0.3513,0.3198,0.0279,0.6117,0,1.2237
"4FGL J2324.7+0801","bll","BLL",0.0833,NA,0.4852,0.5062,0.2143,0.7981,0,1.4101
"4FGL J2325.2+3957","bll","BLL",0.15,NA,0.8796,0.8057,0.5139,1.0976,0,1.7096
"4FGL J2325.6+1644","bll","BLL",0.0033,NA,0.3648,0.3589,0.067,0.6508,0,1.2628
"4FGL J2346.7+8008","bll","BLL",0.76,NA,1.004,0.9685,0.6766,1.2604,0.0646,1.8724
"4FGL J2351.3-7559","bll","BLL",0,NA,0.3293,0.3198,0.0279,0.6117,0,1.2237
"4FGL J2352.0+1750","bll","BLL",0.0167,NA,0.5187,0.545,0.2532,0.8369,0,1.449
