source_name,4fgl_name,ra,dec,agn_class,agn_type_est,p_fsrq,xgb_z,lgbm_z,catboost_z,ft_z,tabpfn_z,tabnet_z,tabm_z,saint_z,ensemble_z,prediction_std,confidence_score,z_low_68,z_high_68,z_low_95,z_high_95,ood_score,reliability_grade
4FGL J0001.2-0747,4FGL J0001.2-0747,0.315100014209747,-7.79710006713867,bll,BLL,0.0228,0.4475,0.4164,0.3924,0.4479,0.4734,0.4551,0.5172,0.5053,0.4479,0.0307,0.979,0.3039,0.5918,0.0,0.9321,0.0626,Grade A
4FGL J0009.3+5030,4FGL J0009.3+5030,2.34660005569458,50.5115013122559,bll,BLL,0.0269,0.2754,0.2863,0.3625,0.5754,0.4097,0.3568,0.4346,0.6418,0.4479,0.0553,0.9625,0.1884,0.7074,0.0,1.321,0.1042,Grade B
4FGL J0013.1-3955,4FGL J0013.1-3955,3.28020000457764,-39.9272003173828,bll,BLL,0.3376,0.7498,0.621,0.609,0.6644,0.8658,0.4577,0.6733,0.7891,0.7194,0.1048,0.9409,0.2277,1.211,0.0,2.3737,0.0883,Grade C
4FGL J0019.3-8152,4FGL J0019.3-8152,4.8326997756958,-81.8797988891602,bll,BLL,0.0108,0.3431,0.3542,0.289,0.2646,0.342,0.4049,0.3179,0.303,0.3861,0.0253,0.9819,0.2674,0.5048,0.0,0.7855,0.0329,Grade A
4FGL J0019.6+2022,4FGL J0019.6+2022,4.90700006484985,20.3754997253418,bll,BLL,0.7247,1.4945,1.2969,1.4207,1.124,1.4006,0.9944,1.3431,1.3929,1.2902,0.0706,0.9696,0.9591,1.6214,0.1759,2.4046,0.0901,Grade C
4FGL J0021.5-2552,4FGL J0021.5-2552,5.39120006561279,-25.8680992126465,bll,BLL,0.032,0.4101,0.3553,0.361,0.4257,0.4372,0.4304,0.4879,0.4871,0.4479,0.0342,0.9767,0.2875,0.6083,0.0,0.9876,0.0473,Grade B
4FGL J0022.1-1854,4FGL J0022.1-1854,5.53529977798462,-18.9067993164062,bll,BLL,0.0178,0.5254,0.456,0.3575,0.3725,0.4395,0.3492,0.5248,0.3727,0.4478,0.0598,0.9596,0.1675,0.7281,0.0,1.3909,0.111,Grade B
4FGL J0022.5+0608,4FGL J0022.5+0608,5.63759994506836,6.13430023193359,bll,BLL,0.413,0.9228,0.7267,0.7337,0.7744,0.993,0.6605,0.9576,0.8924,0.8122,0.1166,0.9377,0.2655,1.3588,0.0,2.6516,0.0682,Grade D
4FGL J0023.9+1603,4FGL J0023.9+1603,5.98190021514893,16.0638999938965,bll,BLL,0.1296,0.8125,0.8513,0.6348,0.6062,0.6978,0.5868,0.6524,0.7138,0.5892,0.0868,0.9468,0.1821,0.9964,0.0,1.9594,0.0644,Grade C
4FGL J0029.0-7044,4FGL J0029.0-7044,7.25089979171753,-70.7414016723633,bll,BLL,0.1975,0.7277,0.7424,0.5372,0.4862,0.6307,0.4927,0.5049,0.4254,0.5971,0.0826,0.9496,0.2096,0.9846,0.0,1.9009,0.0978,Grade C
4FGL J0031.3+0726,4FGL J0031.3+0726,7.82999992370605,7.44430017471313,bll,BLL,0.0107,0.3672,0.3194,0.3389,0.4624,0.4782,0.3354,0.5114,0.4425,0.4478,0.0614,0.9584,0.1596,0.7359,0.0,1.4174,0.0459,Grade B
4FGL J0040.3+4050,4FGL J0040.3+4050,10.0988998413086,40.8362007141113,bll,BLL,0.1574,0.3,0.3557,0.2826,0.4337,0.2362,0.3785,0.3449,0.3447,0.2909,0.0427,0.9674,0.0904,0.4914,0.0,0.9655,0.2122,Grade B
4FGL J0045.1-3706,4FGL J0045.1-3706,11.2936000823975,-37.1064987182617,fsrq,FSRQ,0.9785,1.0757,1.1671,1.0328,0.9584,0.9491,1.1337,0.9975,1.0147,0.9184,0.0786,0.9599,0.5499,1.2869,0.0,2.1583,0.0711,Grade C
4FGL J0045.3+2128,4FGL J0045.3+2128,11.339599609375,21.4668006896973,bll,BLL,0.0073,0.3024,0.3315,0.2827,0.4612,0.282,0.3513,0.3835,0.3757,0.3046,0.0201,0.9847,0.2102,0.399,0.0,0.6222,0.0603,Grade A
4FGL J0056.4-2118,4FGL J0056.4-2118,14.120400428772,-21.3029003143311,bll,BLL,0.0167,0.6722,0.6491,0.4757,0.4724,0.7327,0.3448,0.7404,0.6587,0.5953,0.0955,0.9419,0.1474,1.0433,0.0,2.1026,0.1029,Grade C
4FGL J0058.0-3233,4FGL J0058.0-3233,14.5131998062134,-32.5657997131348,bll,BLL,0.1395,0.393,0.4515,0.4429,0.5638,0.5979,0.3851,0.7028,0.5843,0.5688,0.0764,0.9525,0.2104,0.9272,0.0,1.7749,0.0529,Grade C
4FGL J0107.4+0334,4FGL J0107.4+0334,16.8507995605469,3.56909990310669,bll,BLL,0.5021,0.6531,0.6234,0.6701,0.6767,0.6504,0.421,0.6944,0.6411,0.6433,0.0167,0.9899,0.5649,0.7217,0.3796,0.907,0.1399,Grade A
4FGL J0112.8-7506,4FGL J0112.8-7506,18.2049007415771,-75.1024017333984,bll,BLL,0.0078,0.4202,0.4886,0.3841,0.4545,0.4801,0.5524,0.5691,0.541,0.4477,0.0431,0.9706,0.2454,0.65,0.0,1.1284,0.1134,Grade B
4FGL J0115.6+0356,4FGL J0115.6+0356,18.9120998382568,3.94700002670288,bll,BLL,0.0188,0.5727,0.5291,0.5047,0.4337,0.5532,0.4584,0.5715,0.6042,0.5689,0.0256,0.9838,0.449,0.6887,0.1656,0.9722,0.0399,Grade A
4FGL J0116.0-2745,4FGL J0116.0-2745,19.0032005310059,-27.7588996887207,bll,BLL,0.0157,0.4582,0.4279,0.5309,0.5139,0.4858,0.4585,0.5326,0.4218,0.4478,0.0379,0.9742,0.2701,0.6255,0.0,1.0456,0.1334,Grade B
4FGL J0116.2-6153,4FGL J0116.2-6153,19.0599994659424,-61.8946990966797,bll,BLL,0.0067,0.6077,0.4761,0.4176,0.4292,0.5861,0.378,0.477,0.4809,0.5711,0.0782,0.9514,0.2043,0.938,0.0,1.8055,0.0718,Grade C
4FGL J0120.4-2701,4FGL J0120.4-2701,20.1226997375488,-27.0228996276855,bll,BLL,0.0338,0.3123,0.3529,0.3514,0.4011,0.3806,0.2727,0.429,0.4334,0.4465,0.0243,0.9833,0.3324,0.5605,0.0627,0.8303,0.12,Grade A
4FGL J0125.3-2548,4FGL J0125.3-2548,21.3474006652832,-25.8073997497559,bll,BLL,0.423,1.0216,1.1702,0.8902,0.8048,1.0783,0.5826,1.0341,0.8838,0.9104,0.1015,0.9483,0.4346,1.3862,0.0,2.5115,0.0149,Grade C
4FGL J0127.2+0324,4FGL J0127.2+0324,21.8236999511719,3.41300010681152,bll,BLL,0.0195,0.2861,0.2414,0.2993,0.4032,0.3454,0.3358,0.3819,0.3265,0.3854,0.0371,0.9736,0.2115,0.5594,0.0,0.9708,0.0288,Grade B
4FGL J0132.8-4413,4FGL J0132.8-4413,23.2077007293701,-44.2238998413086,bll,BLL,0.0422,0.2963,0.2536,0.3313,0.413,0.4008,0.3972,0.3858,0.4443,0.448,0.0539,0.9635,0.1953,0.7007,0.0,1.2984,0.0745,Grade B
4FGL J0136.5+3906,4FGL J0136.5+3906,24.1422996520996,39.0999984741211,bll,BLL,0.0082,0.3239,0.3395,0.2904,0.3446,0.2811,0.2304,0.3793,0.2548,0.3046,0.0239,0.9819,0.1927,0.4165,0.0,0.6812,0.1219,Grade A
4FGL J0138.0+2247,4FGL J0138.0+2247,24.5062999725342,22.796199798584,bll,BLL,0.0062,0.2589,0.2503,0.2881,0.3717,0.3958,0.5271,0.4768,0.4074,0.4477,0.058,0.9607,0.1756,0.7198,0.0,1.3633,0.0491,Grade B
4FGL J0139.0+2601,4FGL J0139.0+2601,24.7581005096436,26.0298004150391,bll,BLL,0.3044,0.2702,0.3354,0.3048,0.5174,0.36,0.4929,0.3897,0.281,0.391,0.0336,0.9761,0.2332,0.5488,0.0,0.9218,0.053,Grade B
4FGL J0142.7-0543,4FGL J0142.7-0543,25.6753997802734,-5.73320007324219,bll,BLL,0.3531,0.3008,0.3342,0.3357,0.5885,0.3498,0.3633,0.3493,0.3354,0.3626,0.018,0.9869,0.2782,0.447,0.0787,0.6465,0.0432,Grade A
4FGL J0143.7-5846,4FGL J0143.7-5846,25.9479999542236,-58.771800994873,bll,BLL,0.0064,0.1882,0.2197,0.2733,0.3751,0.3001,0.4109,0.2949,0.3287,0.3046,0.0439,0.9669,0.0987,0.5105,0.0,0.9973,0.0907,Grade B
4FGL J0144.6+2705,4FGL J0144.6+2705,26.1501998901367,27.0898990631104,bll,BLL,0.3361,0.6671,0.7468,0.5996,0.5905,1.1507,0.5237,0.9918,0.896,0.9292,0.2141,0.895,0.0,1.9333,0.0,4.3078,0.1357,Grade D
4FGL J0153.0+7517,4FGL J0153.0+7517,28.2527008056641,75.2884979248047,bll,BLL,0.0079,0.3739,0.3527,0.3329,0.2538,0.4447,0.3473,0.5431,0.4959,0.4477,0.0422,0.9713,0.2498,0.6457,0.0,1.1139,0.1518,Grade B
4FGL J0155.0+4433,4FGL J0155.0+4433,28.7682991027832,44.5577011108398,bll,BLL,0.0503,0.5503,0.57,0.4162,0.4663,0.5419,0.3598,0.4972,0.5719,0.565,0.0606,0.962,0.2809,0.8491,0.0,1.521,0.1373,Grade B
4FGL J0158.5-3932,4FGL J0158.5-3932,29.6459999084473,-39.5358009338379,bll,BLL,0.0135,0.3643,0.3652,0.4016,0.4218,0.3987,0.4238,0.3917,0.4016,0.4478,0.0177,0.9878,0.3646,0.5309,0.168,0.7275,0.0305,Grade A
4FGL J0159.7-2740,4FGL J0159.7-2740,29.9470996856689,-27.6735992431641,bll,BLL,0.0088,0.441,0.4376,0.4272,0.3693,0.4153,0.3728,0.3956,0.3597,0.4477,0.01,0.9931,0.4007,0.4948,0.2894,0.6061,0.0292,Grade A
4FGL J0200.6-6637,4FGL J0200.6-6637,30.1599006652832,-66.6259994506836,fsrq,FSRQ,0.9671,1.4918,1.7227,1.6329,1.5108,1.557,1.52,1.5099,1.5957,1.5962,0.0861,0.9674,1.1922,2.0001,0.2368,2.9555,0.0849,Grade C
4FGL J0202.7+4204,4FGL J0202.7+4204,30.6861991882324,42.0713996887207,bll,BLL,0.3824,0.506,0.4596,0.3736,0.4011,0.5453,0.5451,0.4546,0.44,0.5249,0.064,0.9589,0.2249,0.8249,0.0,1.5344,0.0855,Grade C
4FGL J0203.6+7233,4FGL J0203.6+7233,30.9113998413086,72.5530014038086,bll,BLL,0.241,0.22,0.2496,0.2156,0.2482,0.1947,0.4421,0.2239,0.2327,0.2193,0.0196,0.9841,0.1274,0.3113,0.0,0.5287,0.1482,Grade A
4FGL J0208.3-6838,4FGL J0208.3-6838,32.0984992980957,-68.6408996582031,bll,BLL,0.1644,0.5481,0.7381,0.4703,0.6349,0.6519,0.4799,0.6856,0.6093,0.5941,0.1015,0.9383,0.1179,1.0704,0.0,2.1966,0.0595,Grade C
4FGL J0209.3+4449,4FGL J0209.3+4449,32.3438987731934,44.8301010131836,bll,BLL,0.0053,0.323,0.3488,0.3103,0.3581,0.3102,0.3625,0.3129,0.2923,0.3047,0.0157,0.988,0.2309,0.3785,0.0563,0.5531,0.1262,Grade A
4FGL J0219.0+2443,4FGL J0219.0+2443,34.7733993530273,24.732400894165,bll,BLL,0.0067,0.4506,0.3426,0.3468,0.2456,0.4074,0.3378,0.5142,0.3322,0.4477,0.0449,0.9695,0.2373,0.6582,0.0,1.1558,0.058,Grade B
4FGL J0219.5+0724,4FGL J0219.5+0724,34.8913993835449,7.40640020370483,bll,BLL,0.1801,0.4704,0.4999,0.4486,0.6242,0.6073,0.4045,0.5923,0.5697,0.5819,0.061,0.9622,0.296,0.8678,0.0,1.5439,0.0778,Grade B
4FGL J0226.5-4441,4FGL J0226.5-4441,36.6481018066406,-44.6859016418457,bll,BLL,0.0202,0.4881,0.3192,0.5096,0.4911,0.459,0.436,0.4869,0.4383,0.4478,0.0742,0.95,0.0996,0.7961,0.0,1.6195,0.1241,Grade C
4FGL J0232.9+2608,4FGL J0232.9+2608,38.2481002807617,26.136999130249,bll,BLL,0.0375,0.4296,0.4443,0.4371,0.5225,0.5556,0.3789,0.5519,0.5422,0.5666,0.0516,0.9676,0.3244,0.8087,0.0,1.3813,0.0331,Grade B
4FGL J0241.0-0505,4FGL J0241.0-0505,40.2509002685547,-5.09429979324341,bll,BLL,0.2645,0.6343,0.4658,0.5221,0.5881,0.7012,0.4995,0.5768,0.6484,0.6084,0.0922,0.9443,0.1758,1.041,0.0,2.0641,0.0658,Grade C
4FGL J0243.4+7119,4FGL J0243.4+7119,40.8679008483887,71.3248977661133,bll,BLL,0.3502,0.8209,0.9228,0.6224,0.5807,1.0358,0.5355,0.8977,0.7489,0.8863,0.152,0.9226,0.1732,1.5993,0.0,3.2857,0.0821,Grade D
4FGL J0245.1-0257,4FGL J0245.1-0257,41.2914009094238,-2.95499992370605,bll,BLL,0.0299,0.5126,0.5832,0.5286,0.5239,0.5888,0.4612,0.6265,0.5931,0.5707,0.0332,0.9791,0.4149,0.7265,0.0464,1.095,0.0638,Grade B
4FGL J0258.1+2030,4FGL J0258.1+2030,44.5421981811523,20.5137004852295,bll,BLL,0.0951,1.0247,1.1805,0.7805,0.5339,1.0595,0.4209,0.7257,0.7478,0.8438,0.1452,0.9242,0.1626,1.525,0.0,3.1359,0.149,Grade D
4FGL J0304.9-0606,4FGL J0304.9-0606,46.2257995605469,-6.11070013046265,bll,BLL,0.186,0.639,0.7639,0.6245,0.714,0.6705,0.3545,0.6954,0.6805,0.5972,0.0542,0.9666,0.3429,0.8515,0.0,1.4529,0.0826,Grade B
4FGL J0309.7-0745,4FGL J0309.7-0745,47.4325981140137,-7.76550006866455,bll,BLL,0.0057,0.2987,0.2616,0.3185,0.3846,0.3912,0.3593,0.3584,0.3675,0.4477,0.0472,0.9679,0.2263,0.669,0.0,1.1925,0.0558,Grade B
4FGL J0310.6-5017,4FGL J0310.6-5017,47.6543998718262,-50.2901000976562,bll,BLL,0.0057,0.3327,0.3185,0.3001,0.3779,0.3454,0.3423,0.3687,0.2994,0.3864,0.0168,0.9879,0.3075,0.4654,0.1207,0.6522,0.0249,Grade A
4FGL J0312.5-2221,4FGL J0312.5-2221,48.138500213623,-22.3553009033203,bll,BLL,0.0122,0.5444,0.5403,0.5304,0.4029,0.4313,0.5068,0.5614,0.5219,0.4478,0.0467,0.9683,0.2289,0.6666,0.0,1.1841,0.0953,Grade B
4FGL J0314.3-5103,4FGL J0314.3-5103,48.5928993225098,-51.0550003051758,bll,BLL,0.048,0.6419,0.6003,0.5143,0.5569,0.6659,0.4116,0.6516,0.6386,0.5779,0.0577,0.9641,0.3072,0.8485,0.0,1.4886,0.0413,Grade B
4FGL J0316.2-6437,4FGL J0316.2-6437,49.0535011291504,-64.627799987793,bll,BLL,0.0265,0.4265,0.4661,0.3476,0.5206,0.436,0.378,0.4649,0.4529,0.4479,0.0437,0.9702,0.2427,0.653,0.0,1.1382,0.0918,Grade B
4FGL J0322.0+2335,4FGL J0322.0+2335,50.5021018981934,23.5993003845215,bll,BLL,0.0158,0.2397,0.2653,0.1993,0.2491,0.3072,0.3818,0.3343,0.296,0.3048,0.0392,0.9704,0.121,0.4887,0.0,0.9235,0.0453,Grade B
4FGL J0333.7+2916,4FGL J0333.7+2916,53.4468002319336,29.2710990905762,bll,BLL,0.0124,0.3535,0.3424,0.2756,0.3357,0.4063,0.3367,0.4597,0.4072,0.4478,0.0465,0.9684,0.2296,0.6659,0.0,1.1818,0.0534,Grade B
4FGL J0334.2-3725,4FGL J0334.2-3725,53.5556488037109,-37.4327392578125,bll,BLL,0.1284,0.3367,0.3553,0.4281,0.4204,0.3107,0.2967,0.4068,0.3688,0.3063,0.0436,0.9672,0.1016,0.5109,0.0,0.9948,0.0925,Grade B
4FGL J0335.1-4459,4FGL J0335.1-4459,53.7845993041992,-44.9916000366211,bll,BLL,0.0078,0.511,0.4373,0.3881,0.4164,0.4793,0.345,0.4538,0.4153,0.4477,0.0461,0.9687,0.2315,0.664,0.0,1.1754,0.0807,Grade B
4FGL J0338.5+1302,4FGL J0338.5+1302,54.6355018615723,13.0418996810913,bll,BLL,0.0194,0.2985,0.3012,0.3004,0.5978,0.5015,0.3498,0.5114,0.5569,0.4528,0.0872,0.9417,0.0437,0.8619,0.0,1.8293,0.0911,Grade C
4FGL J0348.6-1609,4FGL J0348.6-1609,57.1531982421875,-16.1653995513916,bll,BLL,0.6553,0.2864,0.2475,0.3362,0.3755,0.2535,0.583,0.2458,0.3008,0.2969,0.0352,0.9732,0.1319,0.4618,0.0,0.8519,0.0346,Grade B
4FGL J0354.7+8009,4FGL J0354.7+8009,58.6918983459473,80.1647033691406,bll,BLL,0.8045,1.3302,1.3315,1.2137,1.3527,1.2291,1.0367,1.4376,1.259,1.1713,0.055,0.975,0.9135,1.4292,0.3037,2.039,0.1006,Grade B
4FGL J0359.4-2616,4FGL J0359.4-2616,59.8712997436523,-26.2733993530273,bll,BLL,0.8183,1.2518,1.1304,1.2143,1.1003,1.22,1.3141,1.1942,1.1532,1.1783,0.0449,0.9796,0.9677,1.389,0.4695,1.8871,0.089,Grade B
4FGL J0409.8-0359,4FGL J0409.8-0359,62.4628982543945,-3.98650002479553,bll,BLL,0.0262,0.6386,0.7792,0.4538,0.4931,0.5836,0.3724,0.4844,0.484,0.5708,0.1167,0.9284,0.0234,1.1181,0.0,2.4126,0.1473,Grade D
4FGL J0431.8+7403,4FGL J0431.8+7403,67.9516983032227,74.0551986694336,bll,BLL,0.0099,0.4496,0.4349,0.3798,0.4467,0.4406,0.3425,0.4281,0.402,0.4478,0.0273,0.9813,0.3196,0.576,0.0164,0.8791,0.037,Grade A
4FGL J0433.1+3227,4FGL J0433.1+3227,68.2897033691406,32.4613990783691,bll,BLL,0.006,0.1969,0.2216,0.3498,0.4188,0.4431,0.3793,0.4765,0.4118,0.4477,0.0996,0.9335,0.0,0.9149,0.0,2.0196,0.0776,Grade C
4FGL J0440.8+2749,4FGL J0440.8+2749,70.2203979492188,27.8318996429443,bll,BLL,0.0092,0.3106,0.2584,0.2984,0.3347,0.3979,0.3957,0.3833,0.3446,0.4477,0.0509,0.9655,0.2091,0.6864,0.0,1.2507,0.0748,Grade B
4FGL J0502.5+1340,4FGL J0502.5+1340,75.6341018676758,13.6684999465942,bll,BLL,0.5158,0.59,0.6626,0.5092,0.6199,0.5809,0.5917,0.6702,0.6258,0.5622,0.0543,0.9658,0.3074,0.817,0.0,1.4195,0.0577,Grade B
4FGL J0505.6-1558,4FGL J0505.6-1558,76.4116973876953,-15.9666996002197,bll,BLL,0.1854,0.5467,0.4148,0.4209,0.6582,0.6239,0.5149,0.6021,0.6512,0.5822,0.0881,0.9459,0.1691,0.9954,0.0,1.9723,0.0728,Grade C
4FGL J0506.0+6113,4FGL J0506.0+6113,76.5121002197266,61.225700378418,bll,BLL,0.0325,0.3025,0.3503,0.3345,0.4307,0.4077,0.3856,0.4151,0.3793,0.4479,0.0382,0.974,0.2689,0.6269,0.0,1.0502,0.0912,Grade B
4FGL J0506.7-0857,4FGL J0506.7-0857,76.6839981079102,-8.96070003509521,bll,BLL,0.0213,0.4246,0.4545,0.4072,0.4593,0.6109,0.5337,0.657,0.6103,0.5725,0.0806,0.95,0.1943,0.9507,0.0,1.845,0.1155,Grade C
4FGL J0515.8+1527,4FGL J0515.8+1527,78.9530029296875,15.4614000320435,bll,BLL,0.0142,0.5628,0.5272,0.3798,0.4076,0.6564,0.3529,0.6786,0.5935,0.5732,0.0995,0.9387,0.1066,1.0398,0.0,2.1433,0.1175,Grade C
4FGL J0532.0-4827,4FGL J0532.0-4827,83.002197265625,-48.4607009887695,BLL,BLL,0.1783,0.3933,0.5532,0.4514,0.5156,0.7206,0.4848,0.8519,0.549,0.6097,0.1242,0.9257,0.0271,1.1923,0.0,2.5702,0.2025,Grade D
4FGL J0540.5+5823,4FGL J0540.5+5823,85.1481018066406,58.3879013061523,bll,BLL,0.0057,0.299,0.2909,0.2643,0.2673,0.3188,0.2977,0.3283,0.2666,0.3499,0.0195,0.9856,0.2582,0.4416,0.0414,0.6584,0.0599,Grade A
4FGL J0553.5-2034,4FGL J0553.5-2034,88.3908996582031,-20.5776996612549,bll,BLL,0.1477,0.5049,0.5633,0.4357,0.5979,0.4755,0.4206,0.4829,0.5544,0.4488,0.0465,0.9684,0.2306,0.667,0.0,1.183,0.0689,Grade B
4FGL J0556.2-4352,4FGL J0556.2-4352,89.0748977661133,-43.8695983886719,bll,BLL,0.0154,0.732,0.7755,0.5833,0.6933,0.9248,0.4072,0.6716,0.7215,0.6391,0.1217,0.9284,0.0683,1.2098,0.0,2.5596,0.0741,Grade D
4FGL J0558.8-7459,4FGL J0558.8-7459,89.7236022949219,-74.9919967651367,bll,BLL,0.023,0.4363,0.4366,0.383,0.3848,0.5791,0.3947,0.5601,0.512,0.5708,0.0728,0.9547,0.2293,0.9123,0.0,1.72,0.0585,Grade C
4FGL J0607.4+4739,4FGL J0607.4+4739,91.8571014404297,47.663501739502,bll,BLL,0.0232,0.3463,0.4692,0.4054,0.3988,0.4569,0.2948,0.489,0.427,0.4479,0.0485,0.967,0.2202,0.6755,0.0,1.2139,0.0434,Grade B
4FGL J0610.1-1848,4FGL J0610.1-1848,92.5455017089844,-18.8076000213623,bll,BLL,0.7932,0.4749,0.4587,0.6004,0.4912,0.3457,0.6996,0.3894,0.509,0.3316,0.0903,0.9344,0.0,0.7551,0.0,1.7565,0.079,Grade C
4FGL J0612.8+4122,4FGL J0612.8+4122,93.2218017578125,41.3717002868652,bll,BLL,0.046,0.4637,0.6544,0.5166,0.4643,0.623,0.296,0.7446,0.5858,0.5744,0.0774,0.952,0.2114,0.9374,0.0,1.7959,0.0757,Grade C
4FGL J0615.3-3117,4FGL J0615.3-3117,93.8394012451172,-31.2852993011475,bll,BLL,0.0449,0.4501,0.4892,0.3674,0.4473,0.4359,0.5167,0.4894,0.4203,0.448,0.044,0.9701,0.2419,0.6542,0.0,1.1416,0.0553,Grade B
4FGL J0617.2+5701,4FGL J0617.2+5701,94.3162002563477,57.0248985290527,bll,BLL,0.0306,0.3509,0.3717,0.3852,0.4005,0.4739,0.5049,0.4276,0.4492,0.4479,0.047,0.9681,0.2277,0.6681,0.0,1.1889,0.0566,Grade B
4FGL J0625.3+4439,4FGL J0625.3+4439,96.3287963867188,44.6647987365723,bll,BLL,0.073,0.387,0.4132,0.4251,0.4369,0.4801,0.4225,0.5136,0.5125,0.4482,0.0339,0.9768,0.289,0.6075,0.0,0.984,0.061,Grade B
4FGL J0626.4-4259,4FGL J0626.4-4259,96.6094970703125,-42.9835014343262,bll,BLL,0.0291,0.5866,0.5903,0.6025,0.634,0.5544,0.4649,0.635,0.5039,0.5676,0.0178,0.9887,0.4843,0.651,0.2872,0.8481,0.1013,Grade A
4FGL J0628.8-6250,4FGL J0628.8-6250,97.217399597168,-62.8404998779297,bll,BLL,0.7872,1.75,1.9435,1.6184,1.3773,1.8665,1.5367,1.6619,1.4648,1.6636,0.1228,0.9549,1.0875,2.2397,0.0,3.6021,0.0611,Grade D
4FGL J0644.4-6712,4FGL J0644.4-6712,101.10530090332,-67.21240234375,fsrq,FSRQ,0.3594,0.9306,0.9571,0.6975,0.6757,1.1438,0.5137,1.1491,0.8584,0.9366,0.1585,0.9214,0.1934,1.6799,0.0,3.4376,0.1233,Grade D
4FGL J0647.7-6058,4FGL J0647.7-6058,101.931396484375,-60.978099822998,bll,BLL,0.9566,1.5763,1.4857,1.5495,1.326,1.4556,1.1808,1.4823,1.337,1.3401,0.0483,0.9796,1.1136,1.5666,0.578,2.1022,0.0573,Grade B
4FGL J0700.5-6610,4FGL J0700.5-6610,105.129302978516,-66.1802978515625,bll,BLL,0.0255,0.3543,0.4468,0.3792,0.4075,0.3439,0.3042,0.4592,0.4499,0.3866,0.0401,0.9715,0.1986,0.5745,0.0,1.019,0.0719,Grade B
4FGL J0703.2-3914,4FGL J0703.2-3914,105.823699951172,-39.2478981018066,bll,BLL,0.0127,0.6459,0.6767,0.4307,0.3225,0.4861,0.4163,0.5816,0.446,0.4527,0.1039,0.931,0.0,0.9401,0.0,2.0927,0.0515,Grade C
4FGL J0706.5+3744,4FGL J0706.5+3744,106.629997253418,37.7383003234863,bll,BLL,0.0122,0.515,0.4388,0.4053,0.3432,0.4515,0.4071,0.4726,0.3906,0.4478,0.0398,0.9729,0.2613,0.6343,0.0,1.0753,0.0983,Grade B
4FGL J0706.8+7742,4FGL J0706.8+7742,106.724899291992,77.7002029418945,bll,BLL,0.0284,0.4349,0.529,0.4144,0.4781,0.5858,0.3432,0.6169,0.5459,0.5707,0.0697,0.9566,0.2437,0.8978,0.0,1.6713,0.0733,Grade C
4FGL J0706.9+6109,4FGL J0706.9+6109,106.731903076172,61.1595001220703,bll,BLL,0.4747,0.2217,0.25,0.2506,0.3797,0.2745,0.4796,0.2774,0.1368,0.2947,0.0187,0.9857,0.207,0.3824,0.0,0.5899,0.0344,Grade A
4FGL J0709.1+2241,4FGL J0709.1+2241,107.276901245117,22.684700012207,bll,BLL,0.0123,0.3421,0.3358,0.3134,0.4097,0.343,0.457,0.3954,0.3237,0.386,0.0119,0.9914,0.3299,0.442,0.1974,0.5745,0.0333,Grade A
4FGL J0718.6-4319,4FGL J0718.6-4319,109.671897888184,-43.3287010192871,bll,BLL,0.0086,0.5896,0.5449,0.4156,0.4711,0.6215,0.4019,0.5677,0.6295,0.5718,0.0784,0.9514,0.2042,0.9393,0.0,1.8085,0.1223,Grade C
4FGL J0723.7+2050,4FGL J0723.7+2050,110.948997497559,20.8372993469238,bll,BLL,0.0059,0.174,0.1176,0.2224,0.2519,0.393,0.4813,0.4297,0.3531,0.4466,0.1029,0.9313,0.0,0.9292,0.0,2.0707,0.0968,Grade C
4FGL J0728.2+4827,4FGL J0728.2+4827,112.051200866699,48.459400177002,bll,BLL,0.0223,0.3097,0.3418,0.3168,0.3859,0.3666,0.4604,0.4454,0.3299,0.3896,0.0224,0.984,0.2845,0.4948,0.0359,0.7434,0.0461,Grade A
4FGL J0743.1+1713,4FGL J0743.1+1713,115.775299072266,17.2198009490967,bll,BLL,0.2165,0.5868,0.6057,0.4542,0.6078,0.6949,0.3668,0.6118,0.5563,0.6015,0.086,0.9477,0.198,1.0051,0.0,1.9594,0.0852,Grade C
4FGL J0747.5+0905,4FGL J0747.5+0905,116.875999450684,9.09109973907471,bll,BLL,0.0062,0.2719,0.3126,0.258,0.2643,0.2841,0.3532,0.3367,0.2925,0.3046,0.0201,0.9847,0.2103,0.3989,0.0,0.622,0.1319,Grade A
4FGL J0805.9+3834,4FGL J0805.9+3834,121.487701416016,38.5724983215332,bll,BLL,0.0153,0.5696,0.5223,0.3501,0.4422,0.5039,0.337,0.6713,0.5667,0.5693,0.0823,0.9489,0.1835,0.9552,0.0,1.8677,0.0761,Grade C
4FGL J0807.1-0541,4FGL J0807.1-0541,121.779800415039,-5.68419981002808,bll,BLL,0.222,0.5121,0.5064,0.4031,0.6292,0.4479,0.4916,0.5362,0.553,0.4494,0.0448,0.9695,0.2391,0.6597,0.0,1.1569,0.0466,Grade B
4FGL J0811.0-7529,4FGL J0811.0-7529,122.75129699707,-75.4981994628906,bll,BLL,0.01,0.4788,0.435,0.4282,0.474,0.5389,0.3868,0.5576,0.5443,0.57,0.0441,0.9723,0.363,0.7769,0.0,1.2663,0.0596,Grade B
4FGL J0812.8+6507,4FGL J0812.8+6507,123.217102050781,65.1259002685547,bll,BLL,0.007,0.3318,0.3011,0.3092,0.2734,0.3373,0.3591,0.3238,0.2849,0.3499,0.0151,0.9889,0.2791,0.4206,0.1117,0.588,0.1138,Grade A
4FGL J0814.2-1013,4FGL J0814.2-1013,123.550903320312,-10.2172002792358,bll,BLL,0.0145,0.3275,0.3396,0.2996,0.2736,0.3,0.4669,0.3975,0.3009,0.3046,0.0174,0.9867,0.2229,0.3862,0.0299,0.5792,0.0495,Grade A
4FGL J0817.8+3243,4FGL J0817.8+3243,124.468399047852,32.7235984802246,bll,BLL,0.0694,0.3553,0.2985,0.3993,0.5937,0.5445,0.4067,0.4779,0.587,0.5626,0.0911,0.9434,0.1354,0.9898,0.0,2.0002,0.113,Grade C
4FGL J0817.8-0934,4FGL J0817.8-0934,124.47339630127,-9.57769966125488,bll,BLL,0.1165,0.4483,0.5463,0.3941,0.5316,0.6984,0.3749,0.7247,0.661,0.5874,0.1157,0.9297,0.045,1.1298,0.0,2.4125,0.089,Grade D
4FGL J0818.7+3153,4FGL J0818.7+3153,124.695297241211,31.8861999511719,bll,BLL,0.14,0.402,0.5005,0.3893,0.6327,0.5464,0.4566,0.5347,0.5494,0.554,0.0661,0.9584,0.2441,0.8638,0.0,1.5965,0.0832,Grade C
4FGL J0820.9-1258,4FGL J0820.9-1258,125.244003295898,-12.9746999740601,bll,BLL,0.4589,0.7209,0.9544,0.7205,0.5333,0.6072,0.5842,0.7125,0.7226,0.5987,0.1264,0.924,0.006,1.1915,0.0,2.5933,0.0982,Grade D
4FGL J0826.4-6404,4FGL J0826.4-6404,126.622901916504,-64.075798034668,bll,BLL,0.0096,0.3853,0.3887,0.3674,0.3014,0.3631,0.3969,0.314,0.2702,0.389,0.011,0.9921,0.3372,0.4407,0.2148,0.5631,0.1184,Grade A
4FGL J0829.7+5105,4FGL J0829.7+5105,127.432403564453,51.0993995666504,bll,BLL,0.0439,0.6477,0.5557,0.5442,0.5499,0.6318,0.4821,0.6756,0.6814,0.5755,0.0454,0.9716,0.3625,0.7886,0.0,1.2924,0.0537,Grade B
4FGL J0831.5+1747,4FGL J0831.5+1747,127.88680267334,17.7884006500244,bll,BLL,0.0138,0.5262,0.449,0.4509,0.4504,0.5463,0.4746,0.6028,0.6308,0.5695,0.0437,0.9725,0.3644,0.7746,0.0,1.2596,0.1431,Grade B
4FGL J0834.6+4402,4FGL J0834.6+4402,128.666595458984,44.0499992370605,bll,BLL,0.1079,0.3966,0.5517,0.4129,0.4261,0.3887,0.372,0.4144,0.304,0.4485,0.0665,0.9551,0.1365,0.7605,0.0,1.4983,0.0448,Grade C
4FGL J0839.4+1803,4FGL J0839.4+1803,129.869506835938,18.0606002807617,bll,BLL,0.1355,0.2675,0.2364,0.2745,0.3814,0.2839,0.5456,0.2759,0.2282,0.3041,0.0178,0.9864,0.2206,0.3876,0.0232,0.5851,0.0574,Grade A
4FGL J0847.9-0702,4FGL J0847.9-0702,131.994506835938,-7.04339981079102,bll,BLL,0.1634,0.2767,0.2728,0.2891,0.2526,0.301,0.4435,0.296,0.3768,0.304,0.0111,0.9915,0.252,0.356,0.1291,0.479,0.0928,Grade A
4FGL J0848.7+7017,4FGL J0848.7+7017,132.181106567383,70.2953033447266,bll,BLL,0.1515,1.1048,1.1858,0.9828,0.7143,0.9378,0.6053,0.8108,0.8297,0.7669,0.0981,0.946,0.3067,1.2271,0.0,2.3155,0.1489,Grade C
4FGL J0850.0+4855,4FGL J0850.0+4855,132.50830078125,48.9216995239258,bll,BLL,0.3102,0.3111,0.3002,0.3729,0.3846,0.3947,0.4569,0.3913,0.426,0.4493,0.04,0.9728,0.2617,0.637,0.0,1.0807,0.1204,Grade B
4FGL J0851.5+5528,4FGL J0851.5+5528,132.880493164062,55.4794006347656,bll,BLL,0.0601,0.4949,0.5092,0.4319,0.4277,0.3628,0.3594,0.436,0.3173,0.3916,0.058,0.9592,0.1197,0.6636,0.0,1.3069,0.0585,Grade B
4FGL J0856.6-1105,4FGL J0856.6-1105,134.16960144043,-11.0993003845215,bll,BLL,0.1837,0.5976,0.5331,0.4957,0.6187,0.7161,0.3906,0.7019,0.6799,0.5969,0.0837,0.949,0.2045,0.9892,0.0,1.9171,0.0671,Grade C
4FGL J0859.4+6218,4FGL J0859.4+6218,134.865600585938,62.3019981384277,bll,BLL,0.0981,0.4984,0.4307,0.4658,0.4891,0.4966,0.5466,0.5902,0.5075,0.453,0.0276,0.9812,0.3236,0.5823,0.0177,0.8882,0.0794,Grade A
4FGL J0901.2+6742,4FGL J0901.2+6742,135.31640625,67.7128982543945,bll,BLL,0.9414,1.7424,1.6069,1.9139,1.4517,2.614,2.2438,2.0077,1.2976,2.7672,0.3878,0.9022,0.9486,4.5858,0.0,8.8866,0.1799,Grade D
4FGL J0905.6+1358,4FGL J0905.6+1358,136.401702880859,13.9750003814697,bll,BLL,0.0159,0.3715,0.3937,0.3261,0.3838,0.4309,0.4012,0.5502,0.3794,0.4478,0.0379,0.9741,0.2699,0.6257,0.0,1.0466,0.0484,Grade B
4FGL J0909.6+0159,4FGL J0909.6+0159,137.42219543457,1.99170005321503,bll,BLL,0.167,0.6383,0.6767,0.579,0.6777,0.821,0.549,0.7775,0.7905,0.6403,0.0892,0.9471,0.2219,1.0586,0.0,2.0479,0.0889,Grade C
4FGL J0928.7-3529,4FGL J0928.7-3529,142.19450378418,-35.4924011230469,bll,BLL,0.09,0.4346,0.5149,0.5102,0.3941,0.5079,0.289,0.6058,0.5067,0.5601,0.0332,0.979,0.4044,0.7157,0.0363,1.0838,0.1081,Grade B
4FGL J0929.3+5014,4FGL J0929.3+5014,142.326507568359,50.2351989746094,bll,BLL,0.2322,0.4707,0.4986,0.4902,0.6338,0.4435,0.6161,0.4844,0.5503,0.4495,0.0212,0.9855,0.3501,0.5488,0.1152,0.7838,0.0432,Grade A
4FGL J0930.3+8612,4FGL J0930.3+8612,142.599395751953,86.2021026611328,bll,BLL,0.2136,0.448,0.5291,0.4189,0.4265,0.4909,0.3693,0.4896,0.4187,0.4533,0.0419,0.9716,0.2569,0.6497,0.0,1.1141,0.0517,Grade B
4FGL J0930.7+3502,4FGL J0930.7+3502,142.681304931641,35.0334014892578,bll,BLL,0.7419,0.9359,0.9454,0.9769,0.993,1.01,1.2298,0.9105,0.997,0.9289,0.0291,0.985,0.7925,1.0653,0.4699,1.3879,0.0712,Grade A
4FGL J0935.3-1736,4FGL J0935.3-1736,143.827194213867,-17.6075992584229,bll,BLL,0.0096,0.3127,0.3653,0.3596,0.4486,0.5254,0.371,0.5599,0.475,0.57,0.0804,0.9501,0.1929,0.9471,0.0,1.8389,0.0605,Grade C
4FGL J0941.9+2724,4FGL J0941.9+2724,145.493606567383,27.4136009216309,bll,BLL,0.7966,0.668,0.819,0.7069,0.802,0.648,1.3113,0.7157,0.6483,0.6887,0.0661,0.9616,0.3786,0.9989,0.0,1.7324,0.0514,Grade C
4FGL J0942.3-0800,4FGL J0942.3-0800,145.585601806641,-8.00759983062744,bll,BLL,0.2725,0.5084,0.5768,0.5393,0.6512,0.6314,0.518,0.6676,0.6334,0.5999,0.0458,0.9718,0.385,0.8149,0.0,1.3233,0.0524,Grade B
4FGL J0953.0-0840,4FGL J0953.0-0840,148.262802124023,-8.66950035095215,bll,BLL,0.0312,0.3216,0.3327,0.3776,0.398,0.3913,0.3643,0.5133,0.4076,0.4478,0.0293,0.98,0.3103,0.5853,0.0,0.9105,0.0723,Grade A
4FGL J1011.6+3600,4FGL J1011.6+3600,152.905197143555,36.0140991210938,bll,BLL,0.1434,0.7095,0.608,1.0373,0.5774,0.7315,0.7008,0.7552,0.8062,0.6105,0.1603,0.9052,0.0,1.3625,0.0,3.1408,0.2354,Grade D
4FGL J1018.8+5913,4FGL J1018.8+5913,154.708801269531,59.2300987243652,bll,BLL,0.0117,0.3674,0.3326,0.3426,0.4132,0.3404,0.4797,0.4559,0.4346,0.386,0.013,0.9907,0.325,0.447,0.1807,0.5913,0.0393,Grade A
4FGL J1019.7+6321,4FGL J1019.7+6321,154.926300048828,63.3526992797852,bll,BLL,0.1902,0.5133,0.5446,0.5504,0.5322,0.5367,0.4267,0.5016,0.543,0.5478,0.0141,0.9909,0.4817,0.614,0.3252,0.7705,0.0849,Grade A
4FGL J1022.4-4231,4FGL J1022.4-4231,155.62190246582,-42.5242004394531,bll,BLL,0.16,0.8643,0.7291,0.8663,0.6553,0.9692,0.4508,0.8227,0.8048,0.7684,0.0853,0.9529,0.3684,1.1683,0.0,2.1141,0.1047,Grade C
4FGL J1030.6-2028,4FGL J1030.6-2028,157.663101196289,-20.4787006378174,bll,BLL,0.0388,0.4533,0.4239,0.5781,0.5114,0.6268,0.5421,0.7036,0.7811,0.5735,0.0844,0.9478,0.1778,0.9692,0.0,1.905,0.1079,Grade C
4FGL J1032.7+6624,4FGL J1032.7+6624,158.182907104492,66.4060974121094,bll,BLL,0.1485,0.5882,0.5755,0.5922,0.6579,0.6767,0.4058,0.6797,0.6373,0.5919,0.04,0.9752,0.4041,0.7797,0.0,1.2238,0.0506,Grade B
4FGL J1036.5+1231,4FGL J1036.5+1231,159.147903442383,12.5227003097534,bll,BLL,0.1267,0.3181,0.3444,0.3614,0.6483,0.4827,0.4006,0.5852,0.5251,0.4487,0.0632,0.9573,0.1525,0.7449,0.0,1.4454,0.1788,Grade B
4FGL J1040.5+0617,4FGL J1040.5+0617,160.149505615234,6.28480005264282,bll,BLL,0.4652,0.4017,0.4255,0.4575,0.6237,0.731,0.6434,0.6704,0.7025,0.6505,0.1326,0.9228,0.0286,1.2725,0.0,2.7433,0.0832,Grade D
4FGL J1042.1-4128,4FGL J1042.1-4128,160.543899536133,-41.4791984558105,bll,BLL,0.0059,0.288,0.278,0.2703,0.323,0.323,0.3555,0.4319,0.3562,0.3499,0.0202,0.9852,0.2553,0.4445,0.0317,0.6681,0.0802,Grade A
4FGL J1047.7+7238,4FGL J1047.7+7238,161.93879699707,72.6419982910156,bll,BLL,0.0224,0.4994,0.5741,0.3533,0.3137,0.4048,0.4363,0.4584,0.4206,0.4479,0.0851,0.9429,0.0488,0.8469,0.0,1.7907,0.136,Grade C
4FGL J1052.9-3743,4FGL J1052.9-3743,163.235702514648,-37.7234001159668,bll,BLL,0.0072,0.3625,0.3378,0.3115,0.3509,0.3884,0.4345,0.4908,0.3865,0.4477,0.0286,0.9805,0.3137,0.5816,0.0,0.8985,0.0143,Grade A
4FGL J1055.5-0125,4FGL J1055.5-0125,163.889495849609,-1.43210005760193,bll,BLL,0.025,0.2422,0.1684,0.1127,0.4025,0.4428,0.3719,0.4986,0.4147,0.4479,0.125,0.9173,0.0,1.0339,0.0,2.4198,0.103,Grade D
4FGL J1058.0+4305,4FGL J1058.0+4305,164.518096923828,43.0937995910645,bll,BLL,0.7475,0.9612,0.9293,1.0157,1.3858,1.0854,1.2051,1.1832,1.1141,0.9785,0.0592,0.9705,0.7009,1.2561,0.0444,1.9125,1.0,Grade D
4FGL J1059.2-1134,4FGL J1059.2-1134,164.806304931641,-11.5719995498657,bll,BLL,0.1338,0.3597,0.2993,0.3803,0.4815,0.3766,0.5957,0.4355,0.3922,0.4221,0.0325,0.9774,0.2698,0.5745,0.0,0.9349,0.076,Grade B
4FGL J1107.6+0222,4FGL J1107.6+0222,166.906600952148,2.36840009689331,bll,BLL,0.0192,0.2029,0.1908,0.1682,0.3207,0.5074,0.2903,0.6046,0.5455,0.4528,0.1392,0.9087,0.0,1.1054,0.0,2.6488,0.0995,Grade D
4FGL J1110.2+7135,4FGL J1110.2+7135,167.562301635742,71.5864028930664,bll,BLL,0.0067,0.4364,0.4445,0.3914,0.4843,0.5119,0.3916,0.4348,0.4339,0.5704,0.0431,0.973,0.3685,0.7723,0.0,1.2498,0.0426,Grade B
4FGL J1110.5-1836,4FGL J1110.5-1836,167.641098022461,-18.6058006286621,bll,BLL,0.0308,0.7118,0.6976,0.6372,0.7756,1.227,0.4906,0.7269,0.9369,0.8396,0.2376,0.8789,0.0,1.9537,0.0,4.5884,0.1282,Grade D
4FGL J1113.8+1528,4FGL J1113.8+1528,168.457504272461,15.4806995391846,bll,BLL,0.0273,0.2978,0.3316,0.3171,0.3874,0.345,0.4003,0.4115,0.3378,0.3849,0.0175,0.9874,0.3026,0.4671,0.1082,0.6615,0.0645,Grade A
4FGL J1113.9+5523,4FGL J1113.9+5523,168.491302490234,55.3964004516602,bll,BLL,0.025,0.5315,0.5232,0.5886,0.513,0.5331,0.6028,0.6214,0.6065,0.5681,0.026,0.9836,0.4463,0.69,0.1582,0.9781,0.0957,Grade A
4FGL J1118.0+5356,4FGL J1118.0+5356,169.509002685547,53.9365005493164,bll,BLL,0.017,0.2894,0.2322,0.3435,0.4291,0.4979,0.3222,0.4449,0.4503,0.4526,0.0989,0.9342,0.0,0.9165,0.0,2.0137,0.1044,Grade C
4FGL J1124.9+4934,4FGL J1124.9+4934,171.242797851562,49.5674018859863,bll,BLL,0.0161,0.5085,0.5912,0.4531,0.5393,0.4741,0.4099,0.5419,0.4565,0.4478,0.0527,0.9643,0.2009,0.6947,0.0,1.2787,0.1321,Grade B
4FGL J1125.1-2101,4FGL J1125.1-2101,171.28840637207,-21.0273990631104,bll,BLL,0.007,0.6159,0.6356,0.4614,0.3919,0.4889,0.395,0.6108,0.5309,0.4527,0.0762,0.9489,0.0952,0.8102,0.0,1.6557,0.0743,Grade C
4FGL J1135.1+3014,4FGL J1135.1+3014,173.78840637207,30.2343997955322,bll,BLL,0.8584,1.1447,1.1448,1.0879,1.1186,1.0744,1.4875,1.1087,1.0079,1.0029,0.0322,0.9841,0.852,1.1537,0.4953,1.5104,0.054,Grade B
4FGL J1141.5-1408,4FGL J1141.5-1408,175.386596679688,-14.1457004547119,bll,BLL,0.0565,0.4619,0.4346,0.4679,0.4715,0.4252,0.454,0.491,0.4068,0.4481,0.018,0.9877,0.3639,0.5324,0.1646,0.7316,0.1142,Grade A
4FGL J1154.1-3243,4FGL J1154.1-3243,178.542297363281,-32.7188987731934,bll,BLL,0.428,1.3585,1.3684,1.0527,0.8593,1.3941,0.6565,1.2284,1.0751,1.2507,0.1396,0.9399,0.596,1.9054,0.0,3.4538,0.0713,Grade D
4FGL J1155.5-3418,4FGL J1155.5-3418,178.87809753418,-34.312198638916,bll,BLL,0.0052,0.3498,0.3921,0.301,0.4262,0.4029,0.4795,0.353,0.295,0.4477,0.0401,0.9727,0.2595,0.636,0.0,1.0812,0.0597,Grade B
4FGL J1156.6-2248,4FGL J1156.6-2248,179.164199829102,-22.8094997406006,bll,BLL,0.0088,0.3631,0.6012,0.4404,0.5215,0.5506,0.4093,0.4837,0.5464,0.5701,0.093,0.9425,0.1339,1.0064,0.0,2.0381,0.0585,Grade C
4FGL J1159.0+0939,4FGL J1159.0+0939,179.751205444336,9.66030025482178,bll,BLL,0.023,0.7809,0.7815,0.6369,0.5844,0.6279,0.4177,0.6701,0.6673,0.5741,0.0744,0.9538,0.2249,0.9233,0.0,1.749,0.0568,Grade C
4FGL J1159.5-0723,4FGL J1159.5-0723,179.898300170898,-7.39060020446777,bll,BLL,0.029,0.3306,0.3721,0.2997,0.3471,0.3516,0.317,0.4445,0.3641,0.3863,0.0268,0.9809,0.2608,0.5118,0.0,0.8085,0.0172,Grade A
4FGL J1201.7+1429,4FGL J1201.7+1429,180.44709777832,14.4851999282837,bll,BLL,0.8805,0.6328,0.6146,0.6318,0.8844,0.8984,1.0086,0.7801,0.7872,0.8831,0.118,0.9393,0.3298,1.4365,0.0,2.7452,0.0959,Grade D
4FGL J1213.8-4345,4FGL J1213.8-4345,183.466003417969,-43.7565994262695,bll,BLL,0.1615,0.4915,0.7009,0.5762,0.6157,0.684,0.6036,0.64,0.6565,0.5937,0.085,0.9481,0.1952,0.9922,0.0,1.9346,0.0827,Grade C
4FGL J1218.5-0119,4FGL J1218.5-0119,184.638793945312,-1.32700002193451,bll,BLL,0.0329,0.4403,0.5226,0.3993,0.4838,0.414,0.47,0.5256,0.4741,0.4479,0.0477,0.9676,0.2243,0.6715,0.0,1.2003,0.065,Grade B
4FGL J1219.7+0444,4FGL J1219.7+0444,184.939102172852,4.7467999458313,bll,BLL,0.0137,0.236,0.1956,0.2367,0.3511,0.3975,0.2915,0.3931,0.3472,0.4477,0.0775,0.9479,0.0843,0.8111,0.0,1.6705,0.0661,Grade C
4FGL J1220.1+3432,4FGL J1220.1+3432,185.046203613281,34.5382995605469,bll,BLL,0.0341,0.4961,0.5465,0.4052,0.4494,0.3985,0.4082,0.3998,0.431,0.4479,0.0624,0.9578,0.1554,0.7405,0.0,1.4323,0.0413,Grade B
4FGL J1223.5+0818,4FGL J1223.5+0818,185.883499145508,8.3016996383667,bll,BLL,0.1416,0.9463,1.0362,0.8574,0.7721,0.9405,0.5501,0.9815,0.8377,0.7652,0.0633,0.9648,0.4685,1.062,0.0,1.7638,0.1073,Grade B
4FGL J1223.6-3032,4FGL J1223.6-3032,185.914703369141,-30.5436992645264,bll,BLL,0.0055,0.4048,0.3365,0.4073,0.3048,0.3724,0.2975,0.3786,0.3303,0.4191,0.0288,0.9799,0.284,0.5541,0.0,0.8735,0.1501,Grade A
4FGL J1223.8+8039,4FGL J1223.8+8039,185.970703125,80.659797668457,bll,BLL,0.7428,1.0652,1.1139,1.1087,0.974,1.2179,0.8483,1.0894,1.159,1.1406,0.0561,0.9741,0.8774,1.4038,0.2549,2.0262,0.1015,Grade B
4FGL J1226.0+5622,4FGL J1226.0+5622,186.51969909668,56.3669013977051,bll,BLL,0.5144,0.7276,0.7493,0.9341,0.904,0.9025,0.4411,0.9718,0.7828,0.7715,0.091,0.95,0.345,1.1981,0.0,2.2069,0.1126,Grade C
4FGL J1233.1+1703,4FGL J1233.1+1703,188.281600952148,17.0578994750977,bll,BLL,0.1486,0.64,0.5007,0.8608,0.5903,0.4459,0.7342,0.6773,0.4964,0.4488,0.1602,0.8953,0.0,1.2002,0.0,2.9772,0.2401,Grade D
4FGL J1233.7-0144,4FGL J1233.7-0144,188.433898925781,-1.74279999732971,bll,BLL,0.0429,0.3696,0.4775,0.608,0.6545,0.8247,0.4788,0.7194,0.7873,0.6051,0.1696,0.8997,0.0,1.4005,0.0,3.2814,0.0792,Grade D
4FGL J1238.1-4541,4FGL J1238.1-4541,189.545303344727,-45.6861000061035,bll,BLL,0.0489,0.2974,0.365,0.3327,0.4024,0.3546,0.4318,0.3446,0.3419,0.3876,0.0259,0.9815,0.2663,0.5089,0.0,0.7957,0.0312,Grade A
4FGL J1238.3-1959,4FGL J1238.3-1959,189.593597412109,-19.994499206543,bll,BLL,0.0191,0.5627,0.5433,0.4169,0.3652,0.3556,0.359,0.4447,0.3093,0.389,0.0864,0.9397,0.0,0.7944,0.0,1.7531,0.0336,Grade C
4FGL J1245.8+0232,4FGL J1245.8+0232,191.474792480469,2.54220008850098,bll,BLL,0.1678,0.6158,0.5139,0.5557,0.4301,0.4755,0.6767,0.5498,0.5536,0.449,0.0521,0.9647,0.2049,0.6931,0.0,1.2704,0.3158,Grade B
4FGL J1248.3+5820,4FGL J1248.3+5820,192.084396362305,58.3432006835938,bll,BLL,0.0096,0.28,0.2736,0.2884,0.3401,0.3347,0.2717,0.4024,0.3015,0.3498,0.024,0.9824,0.2374,0.4622,0.0,0.728,0.0702,Grade A
4FGL J1253.2+5301,4FGL J1253.2+5301,193.306701660156,53.0172996520996,bll,BLL,0.0521,0.4681,0.6206,0.4953,0.5211,0.4563,0.3302,0.572,0.516,0.4481,0.0653,0.9559,0.1416,0.7546,0.0,1.4793,0.0602,Grade C
4FGL J1259.8-3749,4FGL J1259.8-3749,194.964599609375,-37.8233985900879,bll,BLL,0.0072,0.2263,0.2071,0.2912,0.4128,0.4055,0.3963,0.4365,0.4357,0.4477,0.0775,0.9479,0.0841,0.8114,0.0,1.6713,0.0406,Grade C
4FGL J1304.3-4353,4FGL J1304.3-4353,196.088302612305,-43.8956985473633,bll,BLL,0.0095,0.3827,0.4561,0.3704,0.3824,0.3612,0.3091,0.4814,0.3577,0.389,0.0375,0.9734,0.2133,0.5646,0.0,0.98,0.0197,Grade B
4FGL J1305.6+7853,4FGL J1305.6+7853,196.41259765625,78.8923034667969,bll,BLL,0.6386,1.2547,1.3671,1.944,1.3191,1.4897,1.3365,1.337,1.2999,1.3904,0.2619,0.8962,0.1623,2.6186,0.0,5.5231,0.1188,Grade D
4FGL J1307.6-4259,4FGL J1307.6-4259,196.909606933594,-42.9949989318848,bll,BLL,0.0122,0.1471,0.1866,0.1844,0.2475,0.1973,0.3342,0.2249,0.1934,0.2359,0.019,0.9848,0.1469,0.3248,0.0,0.5353,0.0608,Grade A
4FGL J1309.7+1153,4FGL J1309.7+1153,197.437698364258,11.896900177002,bll,BLL,0.3147,0.7446,0.6561,0.6077,0.5776,0.8314,0.5675,0.7953,0.7938,0.6891,0.0856,0.9506,0.2877,1.0906,0.0,2.04,0.0665,Grade C
4FGL J1314.7+2348,4FGL J1314.7+2348,198.687896728516,23.8124008178711,bll,BLL,0.0205,0.338,0.3488,0.2997,0.3005,0.3632,0.3991,0.4092,0.36,0.3893,0.0236,0.9832,0.2788,0.4998,0.0174,0.7612,0.0746,Grade A
4FGL J1315.9-0732,4FGL J1315.9-0732,198.986602783203,-7.5460000038147,bll,BLL,0.0115,0.4566,0.409,0.3535,0.3435,0.3649,0.3418,0.4529,0.3048,0.3891,0.0406,0.9712,0.1985,0.5797,0.0,1.0305,0.0702,Grade B
4FGL J1319.8+7759,4FGL J1319.8+7759,199.965805053711,77.9881973266602,bll,BLL,0.0069,0.2753,0.2974,0.2639,0.3093,0.2649,0.4997,0.4023,0.3418,0.2891,0.0135,0.9896,0.2258,0.3524,0.0762,0.5019,0.055,Grade A
4FGL J1328.5-4727,4FGL J1328.5-4727,202.134201049805,-47.4612998962402,bll,BLL,0.0065,0.2986,0.2723,0.2958,0.3595,0.2998,0.3558,0.3302,0.3402,0.3046,0.0113,0.9914,0.2518,0.3574,0.127,0.4822,0.1173,Grade A
4FGL J1330.2+7002,4FGL J1330.2+7002,202.572692871094,70.0406036376953,bll,BLL,0.0153,0.4941,0.5031,0.4472,0.5332,0.5486,0.3679,0.5806,0.5423,0.5693,0.036,0.9773,0.4006,0.7381,0.0016,1.1371,0.1247,Grade B
4FGL J1330.3+4441,4FGL J1330.3+4441,202.579299926758,44.6876983642578,bll,BLL,0.0108,0.5485,0.5141,0.4903,0.5847,0.5995,0.3889,0.4155,0.5398,0.5711,0.041,0.9742,0.3786,0.7635,0.0,1.2187,0.0635,Grade B
4FGL J1330.4+3157,4FGL J1330.4+3157,202.600204467773,31.9629993438721,bll,BLL,0.9693,1.6401,1.2896,1.4078,1.248,1.5939,1.8952,1.5693,1.714,1.5964,0.1414,0.947,0.9331,2.2597,0.0,3.8282,0.099,Grade D
4FGL J1331.6+1711,4FGL J1331.6+1711,202.905197143555,17.1837005615234,bll,BLL,0.5235,0.2988,0.4175,0.4011,0.5298,0.4249,0.584,0.4412,0.3696,0.4518,0.0509,0.9656,0.2133,0.6903,0.0,1.2543,0.0,Grade B
4FGL J1338.9+1153,4FGL J1338.9+1153,204.732299804688,11.8956003189087,bll,BLL,0.0288,0.394,0.4158,0.1532,0.3858,0.529,0.4029,0.6294,0.507,0.5677,0.1369,0.9164,0.0,1.2095,0.0,2.7273,0.0575,Grade D
4FGL J1345.6-3356,4FGL J1345.6-3356,206.408493041992,-33.9453010559082,bll,BLL,0.0108,0.6619,0.5608,0.5154,0.484,0.5453,0.498,0.5854,0.5802,0.5699,0.055,0.9655,0.3117,0.828,0.0,1.4385,0.0552,Grade B
4FGL J1347.1-2959,4FGL J1347.1-2959,206.778900146484,-29.9839992523193,bll,BLL,0.0056,0.3549,0.3714,0.2988,0.3264,0.3594,0.336,0.3382,0.2414,0.3885,0.028,0.98,0.2573,0.5198,0.0,0.8302,0.0573,Grade A
4FGL J1351.3+1115,4FGL J1351.3+1115,207.843399047852,11.2502002716064,bll,BLL,0.0089,0.3089,0.3469,0.3092,0.371,0.322,0.3231,0.334,0.2989,0.3498,0.0155,0.9886,0.2773,0.4223,0.1059,0.5937,0.0057,Grade A
4FGL J1353.0-4413,4FGL J1353.0-4413,208.256607055664,-44.226001739502,bll,BLL,0.2266,0.4462,0.5232,0.4062,0.4077,0.4255,0.4966,0.4456,0.3294,0.4494,0.0444,0.9698,0.2412,0.6577,0.0,1.1502,0.0538,Grade B
4FGL J1406.1-2508,4FGL J1406.1-2508,211.544494628906,-25.138599395752,bll,BLL,0.0084,0.608,0.5715,0.4955,0.5053,0.51,0.4232,0.4966,0.4688,0.5702,0.0457,0.9713,0.3559,0.7844,0.0,1.2911,0.017,Grade B
4FGL J1407.5-2706,4FGL J1407.5-2706,211.891296386719,-27.1040992736816,bll,BLL,0.1661,0.0481,0.0287,0.0562,-0.0151,0.0317,0.2805,-0.0956,0.001,0.0478,0.0114,0.9892,0.0,0.1013,0.0,0.2278,0.4034,Grade B
4FGL J1407.6-4301,4FGL J1407.6-4301,211.919403076172,-43.0233993530273,bll,BLL,0.3465,0.9262,1.0187,0.7366,0.8424,0.9914,0.5724,0.9745,0.8663,0.8244,0.1101,0.9414,0.3079,1.3409,0.0,2.5624,0.0451,Grade D
4FGL J1410.1+0202,4FGL J1410.1+0202,212.528701782227,2.03539991378784,bll,BLL,0.8384,0.6852,0.607,0.5854,0.4901,0.6164,0.7303,0.5098,0.4279,0.6222,0.0374,0.9772,0.447,0.7975,0.0326,1.2119,0.0556,Grade B
4FGL J1411.5-0723,4FGL J1411.5-0723,212.886001586914,-7.3983998298645,bll,BLL,0.0539,0.3886,0.3931,0.3383,0.3605,0.3113,0.3784,0.3828,0.4268,0.328,0.0344,0.9744,0.1665,0.4894,0.0,0.8713,0.1325,Grade B
4FGL J1420.3+0612,4FGL J1420.3+0612,215.089202880859,6.20039987564087,bll,BLL,0.2684,0.2992,0.2998,0.3581,0.5704,0.415,0.5309,0.5637,0.4396,0.4498,0.0479,0.9675,0.225,0.6745,0.0,1.2061,0.1441,Grade B
4FGL J1423.1+3738,4FGL J1423.1+3738,215.792098999023,37.6451988220215,bll,BLL,0.0515,0.8157,0.6674,0.6006,0.7595,0.7492,0.3946,0.728,0.7908,0.6003,0.0814,0.9504,0.2187,0.9819,0.0,1.8844,0.1189,Grade C
4FGL J1425.0+3615,4FGL J1425.0+3615,216.251998901367,36.2569999694824,bll,BLL,0.0305,0.6633,0.7199,0.6323,0.7175,1.0594,0.409,0.6606,0.8641,0.8333,0.1707,0.9111,0.0326,1.6341,0.0,3.5277,0.1135,Grade D
4FGL J1426.1+3403,4FGL J1426.1+3403,216.539398193359,34.0626983642578,bll,BLL,0.0133,0.6657,0.593,0.5225,0.4585,0.6158,0.3349,0.618,0.6053,0.572,0.0515,0.9678,0.3305,0.8135,0.0,1.3847,0.0517,Grade B
4FGL J1427.6-3305,4FGL J1427.6-3305,216.912994384766,-33.0940017700195,bll,BLL,0.7903,0.7578,0.6798,0.597,0.5561,0.7023,0.518,0.6498,0.6889,0.6878,0.0578,0.9663,0.4166,0.9589,0.0,1.6,0.0621,Grade B
4FGL J1427.7-3215,4FGL J1427.7-3215,216.946105957031,-32.2537002563477,bll,BLL,0.0175,0.1872,0.1698,0.2871,0.4989,0.5028,0.3619,0.4974,0.5095,0.4527,0.1325,0.9128,0.0,1.0743,0.0,2.5443,0.1419,Grade D
4FGL J1431.1-3120,4FGL J1431.1-3120,217.796203613281,-31.3467998504639,bll,BLL,0.0516,0.3612,0.4943,0.3564,0.3818,0.3928,0.3053,0.4519,0.3421,0.4481,0.0555,0.9624,0.1877,0.7085,0.0,1.3244,0.0983,Grade B
4FGL J1439.7+4958,4FGL J1439.7+4958,219.941101074219,49.9775009155273,bll,BLL,0.791,0.8719,0.6646,0.7171,0.5372,0.7143,0.7767,0.6664,0.6355,0.6895,0.0779,0.955,0.3243,1.0546,0.0,1.9181,0.0666,Grade C
4FGL J1440.0-1530,4FGL J1440.0-1530,220.007202148438,-15.5153999328613,bll,BLL,0.5086,0.7468,0.7132,0.5852,0.7002,0.6141,0.6161,0.5995,0.6488,0.6018,0.067,0.959,0.2874,0.9162,0.0,1.6598,0.0771,Grade C
4FGL J1445.9-1626,4FGL J1445.9-1626,221.497802734375,-16.449800491333,bll,BLL,0.971,1.09,1.0567,1.2331,0.9088,1.1057,1.1507,1.0707,1.0358,1.0928,0.0669,0.9685,0.7791,1.4065,0.0373,2.1484,0.0516,Grade C
4FGL J1448.0+3608,4FGL J1448.0+3608,222.017105102539,36.1343994140625,bll,BLL,0.0084,0.3513,0.3719,0.298,0.4052,0.372,0.331,0.4573,0.3338,0.4191,0.0302,0.9789,0.2774,0.5609,0.0,0.896,0.0779,Grade A
4FGL J1454.4+5124,4FGL J1454.4+5124,223.625,51.4090003967285,bll,BLL,0.017,0.4525,0.5108,0.4479,0.5192,0.3958,0.389,0.4779,0.4734,0.4478,0.0407,0.9723,0.2569,0.6387,0.0,1.0902,0.0562,Grade B
4FGL J1454.7+5237,4FGL J1454.7+5237,223.677398681641,52.6194000244141,bll,BLL,0.2504,1.082,0.9494,1.0351,0.965,0.9629,1.1309,0.8193,0.8272,0.7838,0.054,0.9702,0.5304,1.0372,0.0,1.6364,0.1692,Grade B
4FGL J1500.9+5528,4FGL J1500.9+5528,225.227096557617,55.4724006652832,bll,BLL,0.1505,0.6025,0.6896,0.8334,0.6638,0.7374,0.7056,0.8552,0.7735,0.6114,0.0834,0.9496,0.2203,1.0025,0.0,1.9275,0.1316,Grade C
4FGL J1505.0-3433,4FGL J1505.0-3433,226.258102416992,-34.5545997619629,bll,BLL,0.7701,1.4911,1.4797,1.1621,0.9323,1.4901,0.9867,1.3725,1.0798,1.3705,0.1407,0.9424,0.7104,2.0306,0.0,3.5915,0.0436,Grade D
4FGL J1511.8-0513,4FGL J1511.8-0513,227.958801269531,-5.22179985046387,bll,BLL,0.0149,0.1978,0.1305,0.2578,0.3167,0.3651,0.3704,0.3472,0.3175,0.3882,0.0862,0.9398,0.0,0.7925,0.0,1.7486,0.1604,Grade C
4FGL J1516.8+3651,4FGL J1516.8+3651,229.221694946289,36.8504981994629,bll,BLL,0.2074,0.4738,0.4334,0.4336,0.7194,0.6133,0.4939,0.5265,0.579,0.5836,0.0739,0.9544,0.2369,0.9302,0.0,1.7499,0.0862,Grade C
4FGL J1516.9+1934,4FGL J1516.9+1934,229.244201660156,19.5804996490479,bll,BLL,0.8897,0.5159,0.5352,0.4431,0.6202,0.4749,0.5716,0.555,0.5819,0.4547,0.0358,0.9757,0.2868,0.6226,0.0,1.0196,0.0658,Grade B
4FGL J1518.0-2731,4FGL J1518.0-2731,229.512405395508,-27.5312995910645,bll,BLL,0.0321,0.1965,0.2127,0.2045,0.3134,0.1654,0.3876,0.2353,0.3078,0.1631,0.0179,0.9847,0.0791,0.247,0.0,0.4456,0.062,Grade A
4FGL J1520.8-0348,4FGL J1520.8-0348,230.204605102539,-3.81480002403259,bll,BLL,0.0095,0.4878,0.415,0.417,0.4088,0.5693,0.3362,0.5182,0.4447,0.5701,0.0632,0.9605,0.2736,0.8665,0.0,1.5676,0.0928,Grade B
4FGL J1536.8-3155,4FGL J1536.8-3155,234.212707519531,-31.922399520874,bll,BLL,0.5898,1.1649,0.9801,0.8823,0.9129,1.1505,0.508,0.9869,0.963,1.013,0.1185,0.9428,0.4573,1.5688,0.0,2.883,0.0725,Grade D
4FGL J1539.7-1127,4FGL J1539.7-1127,234.927597045898,-11.4636001586914,bll,BLL,0.006,0.2834,0.345,0.325,0.4274,0.3874,0.3437,0.3538,0.3187,0.4477,0.0374,0.9745,0.272,0.6233,0.0,1.0387,0.0316,Grade B
4FGL J1539.9+4220,4FGL J1539.9+4220,234.977096557617,42.3381004333496,bll,BLL,0.4657,0.5954,0.6573,0.6959,0.8316,0.6917,0.6556,0.6663,0.683,0.6379,0.0403,0.9757,0.449,0.8267,0.0024,1.2733,0.0563,Grade B
4FGL J1540.1+8155,4FGL J1540.1+8155,235.047393798828,81.9223022460938,bll,BLL,0.0063,0.3023,0.3631,0.2689,0.2965,0.2981,0.2302,0.3449,0.249,0.3046,0.0342,0.9741,0.144,0.4652,0.0,0.8449,0.0843,Grade B
4FGL J1546.1-1003,4FGL J1546.1-1003,236.541397094727,-10.0509996414185,bll,BLL,0.0124,0.4892,0.3861,0.4722,0.4102,0.4882,0.35,0.551,0.4966,0.4484,0.0426,0.971,0.2486,0.6482,0.0,1.1206,0.0957,Grade B
4FGL J1549.8-0659,4FGL J1549.8-0659,237.470092773438,-6.99980020523071,bll,BLL,0.0324,0.2533,0.2193,0.2979,0.4159,0.3916,0.4158,0.4389,0.4629,0.4471,0.0647,0.9563,0.1438,0.7505,0.0,1.4678,0.0998,Grade C
4FGL J1550.8-0822,4FGL J1550.8-0822,237.718307495117,-8.36999988555908,bll,BLL,0.0095,0.3328,0.3617,0.3426,0.3727,0.4014,0.4936,0.4953,0.4347,0.4478,0.0263,0.982,0.3245,0.571,0.0331,0.8624,0.0971,Grade A
4FGL J1553.5-3118,4FGL J1553.5-3118,238.392303466797,-31.31130027771,bll,BLL,0.0112,0.2553,0.2802,0.2643,0.3429,0.2567,0.326,0.3521,0.3036,0.2891,0.0099,0.9923,0.2427,0.3356,0.1328,0.4455,0.0123,Grade A
4FGL J1557.5-7040,4FGL J1557.5-7040,239.388900756836,-70.668701171875,bll,BLL,0.5752,1.1338,1.233,1.1861,0.9302,1.0968,0.9019,1.1049,0.9533,0.9763,0.0516,0.9742,0.7341,1.2185,0.1614,1.7913,0.1357,Grade B
4FGL J1608.0-2038,4FGL J1608.0-2038,242.022994995117,-20.6417999267578,bll,BLL,0.0931,0.2625,0.2468,0.2559,0.2613,0.3383,0.5059,0.3386,0.2019,0.347,0.0365,0.9733,0.176,0.518,0.0,0.9223,0.1599,Grade B
4FGL J1610.7-6648,4FGL J1610.7-6648,242.69189453125,-66.814697265625,bll,BLL,0.0094,0.2812,0.2982,0.2781,0.413,0.2873,0.2702,0.3704,0.2894,0.3046,0.0077,0.9941,0.2687,0.3405,0.1838,0.4254,0.0842,Grade A
4FGL J1612.4-3100,4FGL J1612.4-3100,243.10009765625,-31.0011005401611,bll,BLL,0.0382,0.487,0.4653,0.3513,0.4974,0.4415,0.4601,0.4944,0.482,0.448,0.0516,0.965,0.2058,0.6901,0.0,1.2629,0.067,Grade B
4FGL J1616.7+3327,4FGL J1616.7+3327,244.181793212891,33.462100982666,bll,BLL,0.1003,0.5543,0.4355,0.6795,0.7254,0.6759,0.5864,0.7243,0.743,0.5851,0.1006,0.9385,0.1133,1.0569,0.0,2.1727,0.0964,Grade C
4FGL J1624.6+5651,4FGL J1624.6+5651,246.171493530273,56.850399017334,bll,BLL,0.1496,0.3532,0.3472,0.2735,0.3636,0.392,0.4702,0.3447,0.2471,0.4484,0.0428,0.9709,0.2474,0.6493,0.0,1.1245,0.0691,Grade B
4FGL J1641.9-0621,4FGL J1641.9-0621,250.489196777344,-6.35290002822876,bll,BLL,0.847,1.1245,1.102,0.9485,0.7991,1.3025,0.8055,1.2475,1.1352,1.193,0.1256,0.9444,0.6042,1.7819,0.0,3.1745,0.0893,Grade D
4FGL J1642.3-8108,4FGL J1642.3-8108,250.585494995117,-81.1374969482422,bll,BLL,0.8213,0.4988,0.5648,0.4772,0.7047,0.54,0.5402,0.6589,0.5387,0.4749,0.0342,0.9771,0.3144,0.6355,0.0,1.0151,0.3311,Grade B
4FGL J1643.0-7714,4FGL J1643.0-7714,250.771896362305,-77.2488021850586,bll,BLL,0.3013,0.0675,0.0501,0.0734,0.1443,0.0463,0.3903,0.0087,0.0375,0.0658,0.0114,0.9894,0.0123,0.1193,0.0,0.2458,0.2024,Grade A
4FGL J1649.4+5235,4FGL J1649.4+5235,252.363693237305,52.5900993347168,bll,BLL,0.0101,0.3454,0.3466,0.3482,0.4173,0.4352,0.4879,0.5274,0.5081,0.4478,0.0383,0.9739,0.268,0.6275,0.0,1.0526,0.094,Grade B
4FGL J1701.3+3956,4FGL J1701.3+3956,255.333999633789,39.940601348877,bll,BLL,0.1948,0.3288,0.3217,0.2977,0.3155,0.2524,0.2521,0.2972,0.2198,0.2913,0.0299,0.9771,0.1512,0.4315,0.0,0.763,0.0909,Grade A
4FGL J1702.2+2642,4FGL J1702.2+2642,255.558303833008,26.7115993499756,bll,BLL,0.0769,0.6139,0.5178,0.4612,0.455,0.523,0.3164,0.6929,0.5651,0.5617,0.0547,0.9656,0.3052,0.8182,0.0,1.4248,0.0723,Grade B
4FGL J1704.5-0527,4FGL J1704.5-0527,256.138397216797,-5.46199989318848,bll,BLL,0.0237,0.225,0.1406,0.1256,0.4443,0.4306,0.342,0.4813,0.4287,0.4479,0.1216,0.9194,0.0,1.0183,0.0,2.3672,0.144,Grade D
4FGL J1736.0+2033,4FGL J1736.0+2033,264.018585205078,20.5559005737305,bll,BLL,0.0129,0.4599,0.5163,0.4016,0.4952,0.4381,0.3832,0.5343,0.4719,0.4478,0.0416,0.9717,0.2528,0.6428,0.0,1.1039,0.1683,Grade B
4FGL J1740.6+5346,4FGL J1740.6+5346,265.159088134766,53.7700996398926,bll,BLL,0.0394,0.8524,0.7028,0.6996,0.6198,0.6935,0.3032,0.7425,0.6995,0.5767,0.0667,0.9586,0.264,0.8893,0.0,1.6286,0.0909,Grade C
4FGL J1741.2+5739,4FGL J1741.2+5739,265.322601318359,57.6586990356445,bll,BLL,0.1795,0.5079,0.4143,0.5274,0.5994,0.4472,0.5962,0.5889,0.482,0.4491,0.0455,0.9691,0.2357,0.6625,0.0,1.1671,0.1195,Grade B
4FGL J1745.4-0753,4FGL J1745.4-0753,266.363586425781,-7.88940000534058,bll,BLL,0.3442,0.6044,0.5423,0.5246,0.5712,0.7923,0.664,0.7508,0.8602,0.6931,0.1061,0.9393,0.1957,1.1906,0.0,2.3671,0.1558,Grade C
4FGL J1749.0+4321,4FGL J1749.0+4321,267.255401611328,43.3615989685059,bll,BLL,0.296,0.8871,0.8656,0.6767,0.5875,0.8274,0.6427,0.8107,0.7672,0.6893,0.0822,0.9525,0.3038,1.0749,0.0,1.9866,0.0483,Grade C
4FGL J1754.2+3212,4FGL J1754.2+3212,268.553192138672,32.2006988525391,bll,BLL,0.0174,0.4887,0.4328,0.4158,0.4529,0.4291,0.3135,0.5701,0.4299,0.4478,0.0279,0.9809,0.3169,0.5788,0.0072,0.8885,0.0657,Grade A
4FGL J1807.9+4650,4FGL J1807.9+4650,271.995086669922,46.8377990722656,bll,BLL,0.0135,0.3347,0.3467,0.2992,0.3458,0.3087,0.5842,0.3548,0.2991,0.3048,0.0192,0.9854,0.2148,0.3947,0.0021,0.6075,0.0674,Grade A
4FGL J1808.2+3500,4FGL J1808.2+3500,272.065704345703,35.0103988647461,bll,BLL,0.0501,0.4417,0.4022,0.3613,0.3259,0.3129,0.293,0.4037,0.2567,0.3484,0.0478,0.9651,0.1241,0.5728,0.0,1.1034,0.1047,Grade B
4FGL J1810.7+5335,4FGL J1810.7+5335,272.677886962891,53.5932006835938,bll,BLL,0.0115,0.3541,0.2875,0.2979,0.3772,0.4991,0.4213,0.4988,0.4638,0.4527,0.0844,0.9436,0.0569,0.8485,0.0,1.7846,0.0758,Grade C
4FGL J1811.0+1608,4FGL J1811.0+1608,272.75,16.1478004455566,bll,BLL,0.0082,0.4669,0.5357,0.4618,0.5116,0.5374,0.529,0.6079,0.5827,0.5702,0.0361,0.9772,0.4007,0.7397,0.0,1.1405,0.078,Grade B
4FGL J1811.3+0340,4FGL J1811.3+0340,272.825988769531,3.6793999671936,bll,BLL,0.0077,0.2487,0.2357,0.2084,0.3063,0.2987,0.319,0.3338,0.1981,0.3046,0.0327,0.9752,0.1511,0.4581,0.0,0.821,0.0792,Grade B
4FGL J1813.6+0614,4FGL J1813.6+0614,273.408386230469,6.24079990386963,bll,BLL,0.3789,0.5902,0.456,0.5566,0.5435,0.4254,0.4189,0.56,0.5302,0.4506,0.0683,0.954,0.1304,0.7709,0.0,1.5282,0.1068,Grade C
4FGL J1819.1+2133,4FGL J1819.1+2133,274.776489257812,21.551399230957,bll,BLL,0.0092,0.3855,0.4275,0.4545,0.4323,0.6038,0.3743,0.5526,0.5849,0.5711,0.0823,0.949,0.1853,0.9569,0.0,1.8693,0.0659,Grade C
4FGL J1820.3+3624,4FGL J1820.3+3624,275.096313476562,36.4015998840332,bll,BLL,0.009,0.4128,0.3734,0.4181,0.384,0.3707,0.4004,0.4154,0.3699,0.4191,0.0218,0.9847,0.3168,0.5214,0.0749,0.7634,0.0386,Grade A
4FGL J1823.5+6858,4FGL J1823.5+6858,275.888397216797,68.9675979614258,bll,BLL,0.1789,0.6914,0.8361,0.5754,0.572,0.6202,0.504,0.6107,0.613,0.5836,0.0988,0.9395,0.1204,1.0468,0.0,2.1421,0.1962,Grade C
4FGL J1829.3+5402,4FGL J1829.3+5402,277.330596923828,54.0463981628418,bll,BLL,0.0114,0.4717,0.3427,0.3482,0.408,0.5159,0.3072,0.4802,0.3971,0.5698,0.0758,0.9529,0.2143,0.9254,0.0,1.7662,0.0432,Grade C
4FGL J1830.0+1324,4FGL J1830.0+1324,277.511993408203,13.413800239563,bll,BLL,0.0421,0.9342,0.8222,0.6478,0.4878,0.923,0.3772,0.8499,0.7412,0.6457,0.1148,0.9326,0.1071,1.1843,0.0,2.458,0.1155,Grade D
4FGL J1832.6-5658,4FGL J1832.6-5658,278.156890869141,-56.9776000976562,bll,BLL,0.0469,0.6421,0.6671,0.4814,0.4476,0.5712,0.5551,0.5449,0.4898,0.5704,0.0721,0.9551,0.2322,0.9086,0.0,1.7084,0.0758,Grade C
4FGL J1834.7-5858,4FGL J1834.7-5858,278.687408447266,-58.9818000793457,bll,BLL,0.7837,0.7166,0.6802,0.7113,0.9918,0.8097,0.6613,0.9731,0.9076,0.8404,0.0484,0.9741,0.6135,1.0673,0.0768,1.6039,0.6355,Grade C
4FGL J1836.4+3137,4FGL J1836.4+3137,279.105285644531,31.6180000305176,bll,BLL,0.0825,0.2991,0.2844,0.2729,0.3516,0.2493,0.3883,0.3858,0.3789,0.29,0.0182,0.986,0.2046,0.3754,0.0026,0.5774,0.1185,Grade A
4FGL J1841.3+2909,4FGL J1841.3+2909,280.344085693359,29.1527004241943,bll,BLL,0.0083,0.298,0.3324,0.2766,0.2656,0.2944,0.2931,0.3394,0.2424,0.3046,0.0202,0.9847,0.2099,0.3992,0.0,0.623,0.1425,Grade A
4FGL J1841.8+3218,4FGL J1841.8+3218,280.453002929688,32.3009986877441,bll,BLL,0.0098,0.2991,0.2718,0.3446,0.6011,0.4522,0.6592,0.3837,0.4382,0.4478,0.0688,0.9536,0.1252,0.7703,0.0,1.5332,0.1386,Grade C
4FGL J1849.4+2745,4FGL J1849.4+2745,282.354309082031,27.7541999816895,bll,BLL,0.2553,0.6686,0.6793,0.5688,0.4126,0.5438,0.2285,0.5132,0.4647,0.54,0.0596,0.9621,0.2606,0.8194,0.0,1.4801,0.093,Grade B
4FGL J1849.4-4313,4FGL J1849.4-4313,282.3623046875,-43.2214012145996,bll,BLL,0.1332,0.4546,0.4626,0.441,0.4292,0.681,0.4799,0.5524,0.5223,0.5897,0.0991,0.9395,0.1248,1.0547,0.0,2.1543,0.0706,Grade C
4FGL J1903.2+5540,4FGL J1903.2+5540,285.807708740234,55.6772994995117,bll,BLL,0.0316,0.4329,0.4933,0.4275,0.4179,0.4569,0.286,0.5924,0.4319,0.4479,0.0259,0.9822,0.3263,0.5696,0.0386,0.8572,0.0683,Grade A
4FGL J1918.2-4111,4FGL J1918.2-4111,289.564300537109,-41.1893005371094,bll,BLL,0.0442,0.8241,0.9601,0.6151,0.7111,0.8668,0.4235,0.8644,0.8292,0.6462,0.1263,0.9262,0.0541,1.2384,0.0,2.6387,0.0786,Grade D
4FGL J1921.8-1607,4FGL J1921.8-1607,290.463287353516,-16.1231002807617,bll,BLL,0.1882,0.3057,0.2528,0.2975,0.5129,0.3475,0.2771,0.5392,0.4946,0.3733,0.0336,0.9758,0.2158,0.5308,0.0,0.9032,0.2227,Grade B
4FGL J1925.8-2220,4FGL J1925.8-2220,291.466491699219,-22.3409996032715,bll,BLL,0.6831,0.8587,0.9317,0.7412,0.7268,0.5204,1.1193,0.5412,0.7166,0.4903,0.1557,0.9008,0.0,1.2204,0.0,2.9471,0.2023,Grade D
4FGL J1926.8+6154,4FGL J1926.8+6154,291.709686279297,61.9146003723145,bll,BLL,0.0082,0.3496,0.3073,0.2981,0.3996,0.3657,0.3673,0.3943,0.3559,0.3889,0.0282,0.9799,0.2564,0.5213,0.0,0.8344,0.0579,Grade A
4FGL J1927.5+6117,4FGL J1927.5+6117,291.882202148438,61.2939987182617,bll,BLL,0.2389,0.5222,0.5097,0.4483,0.4887,0.5438,0.5522,0.5164,0.494,0.542,0.0355,0.9773,0.3756,0.7083,0.0,1.1018,0.0489,Grade B
4FGL J1941.3-6210,4FGL J1941.3-6210,295.346801757812,-62.1753005981445,bll,BLL,0.9474,1.4489,1.4777,1.3451,1.4859,1.5829,1.4048,1.5073,1.516,1.594,0.0847,0.9679,1.1967,1.9912,0.2572,2.9307,0.1174,Grade C
4FGL J1955.1-1604,4FGL J1955.1-1604,298.777404785156,-16.0715007781982,bll,BLL,0.01,0.2243,0.1413,0.2133,0.2826,0.2388,0.3231,0.3133,0.2663,0.289,0.0376,0.9713,0.1128,0.4652,0.0,0.8818,0.0817,Grade B
4FGL J1959.7-4725,4FGL J1959.7-4725,299.947509765625,-47.4325981140137,bll,BLL,0.0127,0.3644,0.3958,0.2734,0.3673,0.4495,0.329,0.443,0.3318,0.4478,0.0639,0.9568,0.148,0.7475,0.0,1.4564,0.0823,Grade B
4FGL J2005.1+7003,4FGL J2005.1+7003,301.277587890625,70.0624008178711,bll,BLL,0.0117,0.2749,0.2148,0.3405,0.4783,0.4544,0.4318,0.3791,0.4494,0.4478,0.0888,0.9405,0.0311,0.8644,0.0,1.8498,0.1275,Grade C
4FGL J2010.0+7229,4FGL J2010.0+7229,302.515899658203,72.4873962402344,bll,BLL,0.9516,1.2031,1.2449,1.2481,0.9716,1.1854,0.9897,1.0607,1.1541,1.1459,0.0269,0.9875,1.0198,1.272,0.7216,1.5702,0.072,Grade A
4FGL J2012.2-1646,4FGL J2012.2-1646,303.071899414062,-16.7728996276855,bll,BLL,0.9813,1.6564,1.6146,1.7058,1.4075,1.6696,1.5817,1.8347,1.5426,1.5977,0.0326,0.9875,1.4448,1.7507,1.0829,2.1126,0.2665,Grade B
4FGL J2015.2-0137,4FGL J2015.2-0137,303.807403564453,-1.62539994716644,bll,BLL,0.2055,0.3487,0.3966,0.3511,0.495,0.507,0.5557,0.5107,0.5564,0.546,0.0642,0.9593,0.2449,0.8471,0.0,1.5592,0.0814,Grade C
4FGL J2021.9+0629,4FGL J2021.9+0629,305.492004394531,6.49410009384155,bll,BLL,0.0077,0.3097,0.2691,0.2762,0.3601,0.3841,0.392,0.3876,0.326,0.4466,0.0456,0.969,0.2329,0.6603,0.0,1.1656,0.0874,Grade B
4FGL J2022.3-4513,4FGL J2022.3-4513,305.591094970703,-45.2228012084961,bll,BLL,0.0653,0.3605,0.3838,0.3651,0.4181,0.3708,0.4458,0.4263,0.4432,0.4205,0.0087,0.9939,0.3795,0.4615,0.2826,0.5584,0.0776,Grade A
4FGL J2024.4-0847,4FGL J2024.4-0847,306.114685058594,-8.79730033874512,bll,BLL,0.0101,0.3723,0.3503,0.3553,0.4332,0.4286,0.366,0.4551,0.3948,0.4478,0.0311,0.9787,0.3019,0.5936,0.0,0.9386,0.0494,Grade A
4FGL J2030.9+1935,4FGL J2030.9+1935,307.740692138672,19.5988006591797,bll,BLL,0.0083,0.3869,0.444,0.364,0.498,0.4376,0.3955,0.5183,0.4596,0.4477,0.0337,0.977,0.2895,0.606,0.0,0.9803,0.0482,Grade B
4FGL J2034.8-4200,4FGL J2034.8-4200,308.707885742188,-42.0008010864258,bll,BLL,0.0054,0.318,0.3723,0.3813,0.395,0.3956,0.3708,0.4451,0.3578,0.4477,0.0293,0.9799,0.3101,0.5854,0.0,0.9109,0.0488,Grade A
4FGL J2036.4+6553,4FGL J2036.4+6553,309.103210449219,65.8833999633789,bll,BLL,0.0186,0.6035,0.5834,0.4358,0.4512,0.5143,0.4029,0.5396,0.5447,0.5689,0.0658,0.959,0.2605,0.8773,0.0,1.6066,0.0451,Grade C
4FGL J2039.0-1046,4FGL J2039.0-1046,309.758087158203,-10.773099899292,bll,BLL,0.0645,0.398,0.3575,0.3646,0.4282,0.6365,0.3385,0.6066,0.4938,0.5757,0.115,0.9296,0.0364,1.1149,0.0,2.3902,0.081,Grade D
4FGL J2041.8-7319,4FGL J2041.8-7319,310.460693359375,-73.3254013061523,bll,BLL,0.0154,0.5196,0.4354,0.4709,0.3587,0.4631,0.4954,0.5504,0.4607,0.4478,0.0304,0.9792,0.3054,0.5902,0.0,0.9271,0.0943,Grade A
4FGL J2046.6-1012,4FGL J2046.6-1012,311.671997070312,-10.2003002166748,bll,BLL,0.009,0.3081,0.2766,0.3529,0.4034,0.44,0.3214,0.4003,0.3469,0.4477,0.0615,0.9584,0.1593,0.7362,0.0,1.4185,0.0967,Grade B
4FGL J2050.0+0408,4FGL J2050.0+0408,312.518096923828,4.14010000228882,bll,BLL,0.5361,0.5896,0.5558,0.4708,0.5674,0.7055,0.6414,0.6304,0.6338,0.6484,0.0842,0.9502,0.2535,1.0434,0.0,1.9774,0.0351,Grade C
4FGL J2056.7-3209,4FGL J2056.7-3209,314.178009033203,-32.1612014770508,bll,BLL,0.6712,0.4469,0.5404,0.4173,0.4223,0.3729,0.6877,0.4125,0.3897,0.4444,0.0614,0.9584,0.1565,0.7323,0.0,1.4132,0.1226,Grade B
4FGL J2103.8-6233,4FGL J2103.8-6233,315.954711914062,-62.5563011169434,bll,BLL,0.0151,0.4324,0.5227,0.3389,0.3794,0.4039,0.3264,0.4634,0.4025,0.4478,0.0661,0.9554,0.138,0.7576,0.0,1.4904,0.0574,Grade C
4FGL J2104.3-0212,4FGL J2104.3-0212,316.078704833984,-2.20880007743835,bll,BLL,0.0092,0.3391,0.326,0.3487,0.2698,0.3635,0.4424,0.4624,0.4317,0.3888,0.0137,0.9902,0.3246,0.453,0.1728,0.6048,0.1326,Grade A
4FGL J2108.9-6638,4FGL J2108.9-6638,317.243804931641,-66.6414031982422,bll,BLL,0.0257,0.5048,0.5877,0.4411,0.4079,0.5648,0.423,0.4923,0.5439,0.568,0.0569,0.9644,0.3012,0.8349,0.0,1.4661,0.0737,Grade B
4FGL J2112.7+0819,4FGL J2112.7+0819,318.185211181641,8.31949996948242,bll,BLL,0.0256,0.4426,0.4535,0.4014,0.5186,0.5282,0.3886,0.5446,0.5186,0.5681,0.0458,0.9712,0.3534,0.7827,0.0,1.2902,0.0575,Grade B
4FGL J2115.2+1218,4FGL J2115.2+1218,318.81689453125,12.3027000427246,bll,BLL,0.0094,0.3189,0.346,0.303,0.4654,0.5022,0.4185,0.5422,0.436,0.4527,0.0793,0.9469,0.081,0.8244,0.0,1.7034,0.0617,Grade C
4FGL J2127.7+3612,4FGL J2127.7+3612,321.931091308594,36.2125015258789,bll,BLL,0.0156,0.4561,0.4473,0.3852,0.5085,0.4466,0.3635,0.5055,0.4608,0.4478,0.0283,0.9806,0.3151,0.5805,0.0012,0.8944,0.0571,Grade A
4FGL J2133.9+6646,4FGL J2133.9+6646,323.479309082031,66.7776031494141,bll,BLL,0.0465,0.3954,0.3656,0.3545,0.545,0.6386,0.4284,0.5201,0.5691,0.5746,0.1165,0.9287,0.0283,1.1209,0.0,2.4127,0.1515,Grade D
4FGL J2134.5-2130,4FGL J2134.5-2130,323.641387939453,-21.5028991699219,bll,BLL,0.0158,0.4538,0.4013,0.3866,0.5189,0.6456,0.3757,0.6623,0.656,0.5733,0.1034,0.9364,0.0883,1.0583,0.0,2.2052,0.0808,Grade C
4FGL J2139.4-4235,4FGL J2139.4-4235,324.854614257812,-42.5895004272461,bll,BLL,0.0264,0.2635,0.2485,0.2327,0.4196,0.3724,0.2753,0.4508,0.4226,0.3899,0.0549,0.9613,0.1325,0.6472,0.0,1.2558,0.0993,Grade B
4FGL J2144.2+3132,4FGL J2144.2+3132,326.064605712891,31.5457000732422,bll,BLL,0.0113,0.3815,0.3892,0.343,0.3788,0.3693,0.5164,0.4693,0.3995,0.4192,0.0176,0.9877,0.3369,0.5015,0.1422,0.6962,0.0224,Grade A
4FGL J2149.6+0323,4FGL J2149.6+0323,327.423614501953,3.39590001106262,bll,BLL,0.0142,0.5271,0.569,0.485,0.4531,0.5888,0.4094,0.5679,0.5497,0.571,0.04,0.9749,0.3835,0.7585,0.0,1.2019,0.094,Grade B
4FGL J2200.1+2138,4FGL J2200.1+2138,330.030700683594,21.6382007598877,bll,BLL,0.1583,0.6393,0.6758,0.5906,0.6092,0.6054,0.4897,0.603,0.6047,0.5806,0.0329,0.9794,0.4265,0.7347,0.062,1.0992,0.0656,Grade B
4FGL J2212.6+2800,4FGL J2212.6+2800,333.168792724609,28.0084991455078,bll,BLL,0.1603,0.7127,0.862,0.6407,0.6819,0.738,0.5902,0.688,0.7292,0.6126,0.0798,0.9517,0.2382,0.987,0.0,1.8724,0.0658,Grade C
4FGL J2223.3+0102,4FGL J2223.3+0102,335.847595214844,1.04760003089905,bll,BLL,0.1801,0.4203,0.4043,0.3653,0.4908,0.5517,0.338,0.6381,0.6366,0.5491,0.0701,0.9558,0.2204,0.8777,0.0,1.6549,0.1325,Grade C
4FGL J2234.1-2656,4FGL J2234.1-2656,338.542510986328,-26.9375,bll,BLL,0.0731,0.5892,0.614,0.5374,0.5949,0.6392,0.4552,0.6913,0.6062,0.5807,0.0376,0.9765,0.4042,0.7573,0.0,1.1748,0.0654,Grade B
4FGL J2235.3+1818,4FGL J2235.3+1818,338.835601806641,18.3110008239746,bll,BLL,0.0314,0.6745,0.8024,0.5345,0.5598,0.5029,0.4283,0.5248,0.5745,0.5673,0.1193,0.9267,0.0077,1.127,0.0,2.4506,0.1067,Grade D
4FGL J2235.8-3627,4FGL J2235.8-3627,338.970794677734,-36.4604988098145,bll,BLL,0.0832,0.6653,0.4461,0.5784,0.6264,0.8692,0.4478,0.8395,0.741,0.6522,0.1537,0.9111,0.0,1.3733,0.0,3.0784,0.0842,Grade D
4FGL J2243.9+2021,4FGL J2243.9+2021,340.989501953125,20.3565006256104,bll,BLL,0.01,0.3546,0.3961,0.3502,0.4142,0.3449,0.3072,0.4984,0.3316,0.3861,0.0203,0.9855,0.2909,0.4814,0.0656,0.7067,0.0404,Grade A
4FGL J2247.8+4413,4FGL J2247.8+4413,341.973999023438,44.225700378418,bll,BLL,0.0056,0.2495,0.3069,0.2351,0.2701,0.2771,0.2579,0.3178,0.2355,0.3046,0.0275,0.9792,0.1758,0.4334,0.0,0.7379,0.042,Grade A
4FGL J2251.5-4928,4FGL J2251.5-4928,342.87890625,-49.4691009521484,bll,BLL,0.0243,0.5424,0.5517,0.4844,0.7044,0.6332,0.5088,0.6133,0.712,0.5741,0.053,0.9669,0.3253,0.8228,0.0,1.411,0.1003,Grade B
4FGL J2256.6-2011,4FGL J2256.6-2011,344.172790527344,-20.198600769043,bll,BLL,0.2012,0.5126,0.54,0.4328,0.42,0.6131,0.514,0.6074,0.5997,0.5832,0.0645,0.9601,0.2808,0.8856,0.0,1.6008,0.0942,Grade C
4FGL J2256.7+1307,4FGL J2256.7+1307,344.177703857422,13.1206998825073,bll,BLL,0.0183,0.4576,0.3701,0.4125,0.5062,0.5417,0.3579,0.5785,0.5766,0.569,0.0636,0.9603,0.2708,0.8672,0.0,1.5724,0.0442,Grade B
4FGL J2258.3-3643,4FGL J2258.3-3643,344.575714111328,-36.7276992797852,bll,BLL,0.0068,0.2568,0.2778,0.301,0.4428,0.3042,0.3589,0.3791,0.4083,0.3046,0.0192,0.9854,0.2148,0.3945,0.0022,0.6071,0.0598,Grade A
4FGL J2300.3+3136,4FGL J2300.3+3136,345.087890625,31.6121006011963,bll,BLL,0.0139,0.6864,0.678,0.4673,0.3703,0.5695,0.2974,0.6053,0.5976,0.571,0.0896,0.9446,0.151,0.991,0.0,1.9842,0.0885,Grade C
4FGL J2304.6+3704,4FGL J2304.6+3704,346.172607421875,37.0825996398926,bll,BLL,0.0165,0.1786,0.172,0.2624,0.3104,0.3091,0.2804,0.3077,0.248,0.3047,0.0577,0.9567,0.0342,0.5753,0.0,1.2151,0.0425,Grade B
4FGL J2311.0+0205,4FGL J2311.0+0205,347.76611328125,2.09949994087219,bll,BLL,0.0782,0.4457,0.4211,0.4386,0.4072,0.4243,0.3902,0.5585,0.4774,0.4483,0.0101,0.993,0.4009,0.4957,0.2888,0.6078,0.0639,Grade A
4FGL J2319.7+1609,4FGL J2319.7+1609,349.944793701172,16.1637001037598,bll,BLL,0.0105,0.2742,0.3,0.3419,0.4354,0.4002,0.3636,0.3625,0.3519,0.4478,0.0477,0.9676,0.2243,0.6712,0.0,1.1998,0.1123,Grade B
4FGL J2324.7+0801,4FGL J2324.7+0801,351.189605712891,8.02820014953613,bll,BLL,0.0215,0.4356,0.4165,0.4005,0.4727,0.5575,0.4642,0.494,0.53,0.5686,0.0619,0.9613,0.2785,0.8587,0.0,1.5448,0.085,Grade B
4FGL J2325.2+3957,4FGL J2325.2+3957,351.315399169922,39.9542007446289,bll,BLL,0.2312,0.8858,0.8976,0.6919,0.7139,0.9177,0.5615,0.9442,0.8323,0.6938,0.091,0.9477,0.2672,1.1205,0.0,2.1296,0.0363,Grade C
4FGL J2325.6+1644,4FGL J2325.6+1644,351.4248046875,16.746000289917,bll,BLL,0.0057,0.3781,0.2978,0.3441,0.4323,0.4145,0.3686,0.4466,0.396,0.4477,0.0431,0.9707,0.2458,0.6497,0.0,1.1273,0.0428,Grade B
4FGL J2346.7+8008,4FGL J2346.7+8008,356.686706542969,80.1365966796875,bll,BLL,0.797,0.9526,1.0184,0.9106,0.7396,1.0046,0.9306,0.8903,0.9951,0.9444,0.0429,0.9782,0.7432,1.1457,0.2673,1.6216,0.1465,Grade B
4FGL J2351.3-7559,4FGL J2351.3-7559,357.832611083984,-75.9865036010742,bll,BLL,0.0058,0.3138,0.348,0.3089,0.3758,0.3345,0.3511,0.3597,0.352,0.3499,0.0158,0.9884,0.2759,0.4239,0.101,0.5988,0.005,Grade A
4FGL J2352.0+1750,4FGL J2352.0+1750,358.013214111328,17.8393993377686,bll,BLL,0.0088,0.6421,0.5764,0.5466,0.4874,0.5402,0.5065,0.621,0.5716,0.5702,0.0403,0.9746,0.3809,0.7594,0.0,1.2069,0.0361,Grade B
