Source_Name,true_z,pred_ensemble_z,pred_tabpfn_z
4FGL J0001.5+2113,1.10599994659424,0.9245970618637488,1.187677865457482
4FGL J0003.9-1149,1.30999004840851,0.9117665117754362,1.1365059408139921
4FGL J0004.0+0840,2.05712890625,0.7054339743049709,0.7848365843461182
4FGL J0004.3+4614,1.80999994277954,1.4874185174177876,1.5502058444971452
4FGL J0004.4-4737,0.879999995231628,1.1102954423993179,1.0332389172019814
4FGL J0005.9+3824,0.229000002145767,0.6939744170194024,0.49910560501539014
4FGL J0006.3-0620,0.347000002861023,0.6146368301835049,0.45073603983988964
4FGL J0006.4+0135,0.787000000476837,0.6636371063215902,0.6342516704993513
4FGL J0008.0+4711,0.280000001192093,0.5529369780935645,0.6218525196352458
4FGL J0009.1+0628,1.56262898445129,0.553072637672066,0.5381279118627906
4FGL J0010.6+2043,0.600000023841858,0.9548982480849377,0.8771258695964848
4FGL J0010.6-3025,1.19000005722046,1.2632995977952473,1.233184826740327
4FGL J0011.4+0057,1.49199998378754,1.3002158996519118,1.3839939612265693
4FGL J0013.6-0424,1.07500004768372,1.0696934407765337,1.2201868960771183
4FGL J0013.9-1854,0.0948460027575493,0.0976367546517487,0.08750453550622028
4FGL J0014.1+1910,0.476999998092651,0.4724287666304663,0.4313154638208765
4FGL J0016.2-0016,1.57631003856659,2.292890075028135,2.1753559037990207
4FGL J0017.5-0514,0.226999998092651,0.7860401410236308,0.4948592942324621
4FGL J0017.8+1455,0.302711993455887,0.4013919735940564,0.375320035275597
4FGL J0019.6+7327,1.78100001811981,1.139346251097811,1.2248213641315733
4FGL J0023.7-6820,0.354000002145767,0.6324287590092897,0.41003075481011964
4FGL J0025.2-2231,0.833999991416931,0.5215686241788109,0.6676946389700971
4FGL J0028.4+2001,1.55169999599457,1.4028014914335774,1.426819171039786
4FGL J0028.8-0112,0.0820000022649765,0.07049369702353464,0.06997144475652495
4FGL J0030.2-1647,0.237000003457069,0.3140778432981873,0.4420667014901858
4FGL J0030.3-4224,0.495000004768372,0.9078095663701642,0.909278122533755
4FGL J0032.4-2849,0.323888003826141,0.24565588003689198,0.22431803799235084
4FGL J0033.5-1921,0.610000014305115,0.37470368968659673,0.3746004522596915
4FGL J0035.2+1514,1.09026002883911,0.4571728903716117,0.44198202316186475
4FGL J0035.8-0837,0.0320000015199184,0.8505530254737516,0.8801187672897268
4FGL J0037.6+3653,0.36599999666214,0.3842679776770912,0.38565065620149386
4FGL J0037.8+1239,0.0890000015497208,0.1557607829851828,0.11574767446943501
4FGL J0038.1+0012,0.739499986171722,0.5918093212513043,0.6406777467174154
4FGL J0038.2-2459,1.19599997997284,0.9768912625549684,0.9292231564030775
4FGL J0040.4-2340,0.212999999523163,0.2783380134804616,0.24136564815082773
4FGL J0041.4+3800,0.379999995231628,0.4472098104005026,0.5253055153007153
4FGL J0042.2+2319,1.42599999904633,1.494827288042978,1.4031036453028625
4FGL J0043.7-1116,0.263999998569489,0.35319848088090416,0.44138399391575267
4FGL J0043.8+3425,0.966000020503998,0.6884230152309111,0.7086943794765168
4FGL J0044.2-8424,1.03199994564056,1.0827349029359838,0.779517922065762
4FGL J0047.9+2233,1.16100001335144,1.0333462407820468,1.1737983361404973
4FGL J0049.0+2252,0.264149993658066,0.22271576806629995,0.24265380954650584
4FGL J0049.6-4500,0.120999999344349,0.3513041546941057,0.2545479901758685
4FGL J0049.7+0237,1.47399997711182,0.8172299648880905,0.9174163457833784
4FGL J0050.0-5736,1.79700005054474,0.8236120525881102,0.6734786892838698
4FGL J0050.4-0452,0.920000016689301,1.3589281526493524,1.422632835089276
4FGL J0050.7-0929,0.634999990463257,0.325594813378761,0.37585652950595505
4FGL J0051.1-0648,1.97500002384186,1.3473133095526624,1.287129147949702
4FGL J0051.2-6242,0.300000011920929,0.33285504563574075,0.3330256103436917
4FGL J0051.5-4220,1.74899995326996,1.9072224936446327,1.9076680392921568
4FGL J0054.7-2455,0.119999997317791,0.29848540710923516,0.3744951540222772
4FGL J0056.3-0935,0.103147000074387,0.07159582792209668,0.0771049339280041
4FGL J0056.8+1626,0.206000000238419,0.9634934826514299,1.0716624327515296
4FGL J0058.0-0539,1.24559998512268,1.441778921116085,1.423935824483499
4FGL J0059.2+0006,0.719017028808594,0.7559500348143884,0.731392221406993
4FGL J0059.3-0152,0.143999993801117,0.2373878231563999,0.24594569609290184
4FGL J0101.0-0059,0.670000016689301,0.4724651612136075,0.43668632184189327
4FGL J0102.4+4214,0.874000012874603,0.942276026675692,0.8397296938667456
4FGL J0104.8-2416,1.74699997901917,1.4644145154980777,1.4260941121373123
4FGL J0105.1+3929,0.439999997615814,0.3662549195111201,0.418615001352304
4FGL J0108.1-0039,1.37462604045868,1.1548207467823972,1.2841084484508687
4FGL J0108.6+0134,2.09899997711182,1.4128449302210706,1.4179643687662584
4FGL J0109.1+1815,0.144999995827675,0.4981619983204342,0.441700421861031
4FGL J0110.0-4019,0.312999993562698,0.31232394800163255,0.4278139697878711
4FGL J0110.2+4151,0.096000000834465,0.1628234486334031,0.11497028801206644
4FGL J0110.7-1254,0.233999997377396,0.30177489356214027,0.2774499691067902
4FGL J0111.4+0534,0.345999985933304,0.5071053231751568,0.440033172197807
4FGL J0112.0-6634,1.18879997730255,1.2699612190181182,1.2330128165271872
4FGL J0112.1+2245,0.264999985694885,0.25197227008378204,0.2765223987933201
4FGL J0112.1-0321,0.771770000457764,0.6721114008883631,0.7088537030082238
4FGL J0112.8+3208,0.602999985218048,0.7452890111831504,0.49741528870343066
4FGL J0113.1-3553,1.22000002861023,1.044019015671072,0.9051907555459939
4FGL J0113.4+4948,0.388999998569489,0.5643295143557874,0.6583040453879625
4FGL J0113.7+0225,0.0469999983906746,0.17456536815156765,0.0977008848829426
4FGL J0114.8+1326,0.583000004291534,0.4060104303004274,0.3751738522206429
4FGL J0115.1-0129,1.36500000953674,1.561228325724036,1.431853189612624
4FGL J0115.8+2519,0.358000010251999,0.3147831602588438,0.33242874072129913
4FGL J0116.0-1136,0.670000016689301,0.7636897022794393,0.769887602612785
4FGL J0117.8-2109,1.49000000953674,0.9590404413662582,1.0615034677315642
4FGL J0118.9-2141,1.16499996185303,1.053401093697858,1.0206131287347895
4FGL J0119.0-1458,0.114698998630047,0.35017588398207816,0.42764331618844786
4FGL J0121.8-3916,0.389999985694885,0.31222429140881763,0.33281243299930074
4FGL J0123.1+3421,0.272000014781952,0.30304366753423345,0.3742110866607258
4FGL J0123.7-2311,0.404000014066696,0.31773164897350636,0.37421181376179335
4FGL J0124.8-0625,2.11700010299683,0.8704292670881028,0.9178147490003385
4FGL J0126.0-2221,0.720000028610229,0.783030851825842,0.7777696172097972
4FGL J0127.2-0819,0.360000014305115,0.8021544860293042,0.7830505341383001
4FGL J0129.8+1440,1.62635898590088,1.462331847794204,1.4231627600450234
4FGL J0132.7-1654,1.01999998092651,0.8284746774319063,0.9011744351183657
4FGL J0133.1-5201,0.925000011920929,1.236650792061901,1.2141245423269948
4FGL J0134.3-3842,2.14000010490417,0.852360399165722,0.9043662251662627
4FGL J0134.5+2637,0.570999979972839,0.37334355257059054,0.42796368540192953
4FGL J0137.0+4751,0.859000027179718,0.7770203085399907,0.771072886082566
4FGL J0137.6-2430,0.834999978542328,1.0322052313332377,1.0438308418442799
4FGL J0140.6-0758,0.490000009536743,0.48454239501247326,0.44145595989852016
4FGL J0141.4-0928,0.730000019073486,0.48392510150119444,0.5244510817446952
4FGL J0145.0-2732,1.14800000190735,1.3961421457582013,1.4284586157513668
4FGL J0148.6+0127,0.939999997615814,0.5641464902116873,0.5677935967025827
4FGL J0152.2+2206,1.32000005245209,1.2486470466283244,1.233518737109534
4FGL J0152.6+0147,0.0799999982118607,0.08313242817240457,0.07356679902295626
4FGL J0153.5-5107,1.58200001716614,1.1547500415373335,1.2774348619078575
4FGL J0153.9+0823,0.680999994277954,0.49786857653311395,0.44104826525576035
4FGL J0158.8+0101,1.61000001430511,0.8406033421347051,0.8287599099871827
4FGL J0159.5+1046,0.194999992847443,0.3297767450543737,0.33442887531879917
4FGL J0202.4+0849,0.629000008106232,0.49576644209165016,0.44104525610974266
4FGL J0202.6-0258,1.34440994262695,1.2929987452255793,1.272144741693682
4FGL J0203.7+3042,0.760999977588654,0.7409160144098579,0.8278297671973134
4FGL J0205.0-1700,1.74000000953674,1.3867367811194904,1.4305232399709564
4FGL J0205.2+3212,1.46599996089935,1.5810218249811387,1.4307524047514923
4FGL J0206.4-1151,1.66299998760223,0.9018504867989445,1.0334286523703176
4FGL J0208.5-0046,2.02500009536743,0.9152129846453902,0.8811504658531948
4FGL J0208.6+3523,0.317999988794327,0.5410188756303325,0.5397363540388083
4FGL J0209.3-5228,0.163000002503395,0.1465579987738152,0.16484957649943865
4FGL J0209.9+7229,0.894999980926514,0.8967473266846062,0.9498507759512089
4FGL J0210.7-5101,1.00300002098083,0.8713095955565704,0.8882896002651843
4FGL J0211.2+1051,0.200000002980232,0.2265313586130786,0.16488545518547304
4FGL J0212.4-3502,0.39300000667572,0.5226374577942128,0.5435542570362926
4FGL J0212.9+2244,0.458999991416931,0.30832997365787423,0.24571792877192933
4FGL J0216.5+2313,0.287999987602234,0.3764166132923407,0.4409381629722926
4FGL J0216.8-6635,0.330000013113022,0.3525602562394374,0.33225275860969283
4FGL J0217.0-0821,0.60699999332428,0.8893400809096608,0.8977913325606302
4FGL J0217.2+0837,0.0850000008940697,0.22415391814997954,0.1236382699244396
4FGL J0217.4+7352,2.36700010299683,1.9709650015192923,2.1690140457825375
4FGL J0217.8+0144,1.7150000333786,0.7812582676270245,0.6998776153717934
4FGL J0219.1-1724,0.128000006079674,0.19786207902087477,0.24599687771422207
4FGL J0220.2+3246,1.62000000476837,1.1325256517974889,1.2325488444605273
4FGL J0220.8-0841,0.430000007152557,0.4645112845609133,0.4420435814631256
4FGL J0221.1+3556,0.944000005722046,1.1512847317391723,1.3680746229863718
4FGL J0221.5+2513,0.481799989938736,0.5239294081346018,0.5370328784173013
4FGL J0222.0-1616,0.698000013828278,0.7345299716951246,0.7143263605264922
4FGL J0222.6+4302,0.444000005722046,0.1792428905218173,0.24534960238168546
4FGL J0223.0-3447,1.49000000953674,1.3434437667768169,1.5247932712773866
4FGL J0223.1-1117,0.0421090014278889,0.4826421472391312,0.5436719166155126
4FGL J0223.2-1653,1.01499998569489,1.2066341804501843,1.2784231726377469
4FGL J0224.2+0700,0.510999977588654,0.5539756673857245,0.43341969958818605
4FGL J0224.9+1843,2.69000005722046,2.296830775617147,2.6596161720737044
4FGL J0226.5+0938,2.60500001907349,0.8298475936961446,0.901935725631569
4FGL J0227.2+3928,1.57099997997284,1.2910815107988358,1.2661298194142887
4FGL J0228.0-3026,0.302799999713898,0.4974524405743929,0.5201183059004051
4FGL J0228.3-5547,2.46399998664856,0.9861446994975004,1.1482212149362536
4FGL J0229.5-3644,2.11500000953674,1.5010949579881532,1.5614168101283372
4FGL J0230.8+4032,1.01900005340576,1.1592073545160697,1.2326056972249853
4FGL J0231.2-4745,0.764999985694885,1.3522463638172812,1.2207918248387828
4FGL J0231.8+1322,2.06500005722046,1.3870493444114085,1.8018044012117151
4FGL J0232.8+2018,0.138999998569489,0.12091029464585135,0.10969080117948038
4FGL J0236.8-6136,0.467000007629395,0.6031783765455733,0.5033912600145076
4FGL J0237.6-3602,0.41100001335144,0.23585401682327606,0.27784501369527614
4FGL J0237.8+2848,1.2059999704361,1.1108532187629012,1.0887277985360115
4FGL J0238.1-3905,0.200000002980232,0.32803535413638885,0.33358312716206506
4FGL J0238.4-3116,0.23199999332428,0.16377751285880332,0.1647989442375073
4FGL J0238.6+1637,0.939999997615814,0.8746239195573593,0.8590780415444941
4FGL J0238.7+2555,0.583999991416931,0.49526557077128147,0.4418747700226524
4FGL J0239.7+0415,0.977999985218048,1.1043861867214213,1.100592827966489
4FGL J0242.3+1102,2.6800000667572,1.7732609592261621,1.8818065787015494
4FGL J0243.2-0550,1.80499994754791,1.6880234406068606,1.4266397736595713
4FGL J0244.6-5819,0.264999985694885,0.2236297308221168,0.24601599649557593
4FGL J0245.4+2408,2.24300003051758,2.0022750785819863,2.017898049789522
4FGL J0245.5-4502,0.282799988985062,0.2784988994133155,0.1624214949831846
4FGL J0245.9-4650,1.38499999046326,0.8269459460431887,0.781373033063314
4FGL J0250.6+1712,1.10029995441437,0.22425990012651342,0.24589055758619205
4FGL J0251.5-5958,1.37300002574921,1.290719854420197,1.2917995457396096
4FGL J0252.8-2219,1.4190000295639,1.6002664393987147,1.5619431334863396
4FGL J0252.9+3834,1.12199997901917,1.2292545585447086,1.2316716370476941
4FGL J0253.2-5441,0.538999974727631,0.892981750146364,0.7191899337515548
4FGL J0253.2-0124,1.47998702526093,0.589729783666163,0.6193792405189735
4FGL J0253.5+3216,0.859000027179718,0.9489277052300322,0.9666094223064399
4FGL J0255.8+0534,0.680821001529694,0.5197231176173698,0.570184541423002
4FGL J0256.3+0334,0.400000005960464,0.2660841281146925,0.24504025550565678
4FGL J0257.9-1215,1.39100003242493,1.2379609934886258,1.2264245623917613
4FGL J0259.4+0746,0.89300000667572,0.8936016292681426,0.8834940699314349
4FGL J0301.0-1652,0.277999997138977,0.26396622058546826,0.26791037627007297
4FGL J0301.6-7155,0.823199987411499,1.0586296024567594,0.9018770901366855
4FGL J0303.3-7913,1.11500000953674,1.058639513177549,0.9581693062291756
4FGL J0303.3+0555,0.195999994874001,0.23322186738100398,0.27711873039995094
4FGL J0303.4-2407,0.266000002622604,0.2505186335233753,0.27702641305644704
4FGL J0303.6-6211,1.35099995136261,1.2263051254251178,1.2325171282598402
4FGL J0304.5-0054,0.510999977588654,0.29797999144986365,0.2773984730501273
4FGL J0305.1-1608,0.310999989509583,0.47553338097521564,0.4260794929563081
4FGL J0309.0+1029,0.862999975681305,1.0598789724399276,0.9629615103528937
4FGL J0309.9-6058,1.47899997234344,1.4326580636639457,1.4277637171460253
4FGL J0310.9+3815,0.944999992847443,0.7466928350565911,0.7457277467072634
4FGL J0312.8+0134,0.663999974727631,1.0517368470946398,0.8907072966711995
4FGL J0312.9+3614,0.0715159997344017,0.11322185694802195,0.06737838242283622
4FGL J0314.3+0620,0.620000004768372,0.30343390801120723,0.33358104564164104
4FGL J0314.6-6549,0.635999977588654,0.7666019398146495,0.7255627869457724
4FGL J0315.9-1033,1.56500005722046,1.8046056960641454,1.902861915169837
4FGL J0316.2+0905,0.372000008821487,0.29259719992560274,0.3351211104969314
4FGL J0316.2-2608,0.442999988794327,0.38873559163207927,0.333580129007949
4FGL J0317.7-2804,1.16600000858307,1.3473047708057968,1.3680108241118494
4FGL J0319.8+1845,0.189999997615814,0.4331169327821778,0.33332229407151237
4FGL J0323.7-0111,2.07500004768372,0.5438269850463577,0.5435086491474705
4FGL J0325.0-2416,1.16100001335144,1.0670466468063013,1.0537230158178361
4FGL J0325.5-5635,0.0602350011467934,0.11086461536228964,0.07681041745388284
4FGL J0325.6-1646,0.291000008583069,0.3193315999980044,0.27727058096884094
4FGL J0325.7+2225,2.06599998474121,1.5097794017792963,1.5601702636414556
4FGL J0326.2+0225,0.146999999880791,0.2641618222558538,0.24603159896788718
4FGL J0332.1-1123,0.207000002264977,0.3111090563836276,0.3112673763635605
4FGL J0333.7+7851,0.400000005960464,0.5233085330000324,0.5436591487987485
4FGL J0334.2-4008,1.44500005245209,0.7330099746178926,0.7025266041375684
4FGL J0336.4+3224,1.25899994373322,0.8301663276326248,0.9022433047869405
4FGL J0336.5-0348,0.161791995167732,0.3119269931492648,0.24565777083960372
4FGL J0336.8-3612,1.53699994087219,1.4220015567094055,1.2856052378416885
4FGL J0337.8-1157,3.44199991226196,2.368857722321134,3.1477071235751968
4FGL J0339.2-1736,0.0655599981546402,0.06889138204717443,0.0670856875781547
4FGL J0339.5-0146,0.850000023841858,1.1393056433849837,0.9562653196830717
4FGL J0340.5-2118,0.232999995350838,0.40550388839427,0.4312486769757726
4FGL J0342.2+3858,0.944999992847443,0.6990322582606201,0.7512107232885061
4FGL J0343.2-2529,1.4190000295639,1.1058416420306147,1.2603879035003152
4FGL J0343.4+3621,1.48500001430511,1.5654549506241895,1.385938320324846
4FGL J0345.2-2353,0.103644996881485,0.960792836742953,0.8511093823878231
4FGL J0348.5-2749,0.99099999666214,1.06866599786095,1.1792645494650187
4FGL J0349.4-1159,0.187999993562698,0.32802782272882325,0.3751506370180855
4FGL J0349.8-2103,2.94400000572205,1.7783644596541766,1.9040179218422946
4FGL J0353.7+8257,0.0693999975919724,0.11692974568895814,0.08779217626962077
4FGL J0354.7-1617,1.18700003623962,1.1184118667687422,1.2069491855881567
4FGL J0357.0-4955,0.64300000667572,0.49117425003937665,0.438294518638803
4FGL J0401.7+2112,0.833999991416931,0.799480782177771,0.7609777885231692
4FGL J0402.0-2616,1.91999995708466,0.7861252890835805,0.8296537227659408
4FGL J0402.1-3147,1.28799998760223,1.1757274220925997,1.15594954023108
4FGL J0403.3+2601,2.10899996757507,1.7746898428318272,1.986646602743571
4FGL J0403.5-2437,0.59799998998642,0.9745352524842943,0.8990683489672582
4FGL J0403.9-3605,1.41700005531311,1.1329343386182749,1.1989297236043046
4FGL J0405.6-1308,0.570999979972839,0.4000846202999952,0.46177707770800613
4FGL J0407.0-3826,1.2849999666214,1.3839460516908875,1.2280806940116311
4FGL J0407.5+0741,1.13300001621246,0.8772052023814164,0.8611071250104696
4FGL J0413.1-5332,1.02400004863739,1.267298951425674,1.2707413864189534
4FGL J0416.5-1852,1.53600001335144,1.4561194795374124,1.4154645898979394
4FGL J0416.9+0105,0.287000000476837,0.22609351245148673,0.24607677424119734
4FGL J0422.1-0644,0.241999998688698,0.3681294054249022,0.4026647858216399
4FGL J0422.8+0225,2.27699995040894,2.5424576037129474,2.786645938256855
4FGL J0423.3-0120,0.916000008583069,0.9395247541016012,0.9095433683498886
4FGL J0424.7+0036,0.26800000667572,0.22842764954467065,0.2747458978458752
4FGL J0424.9-5331,0.389999985694885,0.3737847753284738,0.3225757135884866
4FGL J0428.6-3756,1.11000001430511,0.8143798482017905,0.8314930528016946
4FGL J0429.3-4326,1.42299997806549,1.3795811918731182,1.4965570969739779
4FGL J0430.3-2507,0.515999972820282,0.4900277639180904,0.5424938107764505
4FGL J0433.6-6030,0.93010002374649,0.6468075681278012,0.8607568941045878
4FGL J0433.6+2905,0.970000028610229,1.1524588933644169,1.2683537752539795
4FGL J0434.1-2014,0.927999973297119,0.6320117918883849,0.6468038697817973
4FGL J0438.4-1254,1.27600002288818,1.1882447425999068,1.2269875192050246
4FGL J0438.9-4521,2.01699995994568,1.1455657021074341,1.2265431715873465
4FGL J0440.2-2458,0.600000023841858,0.31962627221961987,0.2769609116058125
4FGL J0442.6-0017,0.449000000953674,1.701923369047385,1.5629000307214498
4FGL J0448.6-1632,0.319999992847443,0.3870046347352443,0.44197098709330485
4FGL J0449.1+1121,2.15300011634827,1.379795537369291,1.4223584367605189
4FGL J0449.4-4350,0.204999998211861,0.2268135114759831,0.16478970889160105
4FGL J0451.8-4651,0.601999998092651,1.256487101640641,1.2110388208479734
4FGL J0453.1-2806,2.56399989128113,1.3244350116923342,1.4249604063358543
4FGL J0455.7-4617,0.857999980449677,0.9125595723315161,0.9122454553825983
4FGL J0456.6-3136,0.865000009536743,0.9132082685866569,0.8739761183034773
4FGL J0457.0+0646,0.405000001192093,0.7336247978794365,0.4958648057049113
4FGL J0457.0-2324,1.00300002098083,0.9674520597235432,0.9260421491304678
4FGL J0501.2-0158,2.29099988937378,1.090131221306001,1.2274877881725321
4FGL J0502.4+0609,1.10599994659424,1.2140193588405674,1.2298010471319505
4FGL J0505.3+0459,0.953999996185303,1.1330807389688706,1.2136823315141032
4FGL J0505.6+0415,0.0272000003606081,0.22483953191378037,0.24597719368340076
4FGL J0505.8-0419,1.48099994659424,1.6916221247219987,1.9959440771263242
4FGL J0507.7-6104,1.08899998664856,0.9953045699770273,1.0188671223878059
4FGL J0507.9+6737,0.416000008583069,0.2550455876823909,0.2775659484474966
4FGL J0508.2-1937,1.87999999523163,1.4718678347923788,1.335503282079598
4FGL J0509.4+1012,0.620999991893768,1.1221792347227133,1.0989642693155481
4FGL J0509.4+0542,0.336499989032745,0.2243248915987518,0.24508868714842547
4FGL J0509.6-0402,0.303999990224838,0.2737612255769765,0.27752682014440744
4FGL J0510.0+1800,0.416000008583069,0.7848083669405965,0.7137632952325454
4FGL J0515.6-4556,0.194000005722046,0.33336856321321245,0.29094662078615197
4FGL J0516.4+7350,0.250999987125397,0.42470021098104266,0.44202398571777457
4FGL J0516.7-6207,1.29999995231628,0.7987821967917916,0.8313945932182227
4FGL J0521.3-1734,0.347000002861023,0.5117313346370544,0.41825585125312514
4FGL J0521.6+0103,1.49647402763367,0.5906091622178589,0.6368105919522473
4FGL J0525.4-4600,1.47899997234344,0.7233743825808227,0.6779566534151011
4FGL J0525.8-0052,1.20000004768372,0.5215168266133217,0.5378923155266555
4FGL J0526.2-4830,1.29999995231628,1.2160478086709356,1.2264148147430083
4FGL J0528.7-5920,1.12999999523163,0.5117633619826875,0.5409328265473323
4FGL J0530.9+1332,2.0699999332428,1.7797388428776963,2.016608989770206
4FGL J0532.6+0732,1.25399994850159,1.3424684888920857,1.251231760430839
4FGL J0532.9-8325,0.773999989032745,0.8132942067272303,0.8739493667070417
4FGL J0533.8-3749,1.66799998283386,1.8216248099987182,1.8503434628540902
4FGL J0536.4-3401,0.684000015258789,0.9716923967602571,0.9116919925394813
4FGL J0536.4-3343,0.340000003576279,0.3257108732562998,0.33324233006811954
4FGL J0538.2-3910,0.439999997615814,0.3791247143433992,0.37465716427797346
4FGL J0538.8-4405,0.892000019550323,0.7197592250013566,0.658903170009562
4FGL J0539.9-2839,3.10400009155273,1.5843066806713688,1.5579415117882047
4FGL J0540.8-5415,1.18499994277954,0.9099654498778684,0.9077452365858727
4FGL J0541.6-0541,0.837999999523163,1.3912593653155434,1.368971484163605
4FGL J0543.9-5531,0.273000001907349,0.3149735710135388,0.2775048796085211
4FGL J0550.3-5733,2.00099992752075,0.6801399896822973,0.7185343575129999
4FGL J0550.5-3216,0.0689999982714653,0.06718730340767365,0.07680100322611527
4FGL J0558.0-3837,0.301999986171722,0.2727346413209038,0.2778451311429302
4FGL J0600.6-3939,1.66100001335144,1.716794449198817,1.5535279217504536
4FGL J0601.1-7035,2.40899991989136,1.1841456579117873,1.224889798843142
4FGL J0601.8-2003,1.21599996089935,1.4169954761997756,1.5513975091634453
4FGL J0608.0+6721,1.97000002861023,0.9430082309519512,0.9122194113172268
4FGL J0608.0-0835,0.870000004768372,0.7501780127954759,0.86656333431534
4FGL J0608.1-6028,1.10000002384186,1.1275500755308592,1.1029054707265438
4FGL J0608.1-1521,1.09399998188019,1.2947987014497548,1.4304974815747062
4FGL J0609.0-2219,1.92599999904633,1.556346204228424,1.464719927652037
4FGL J0610.9-6054,1.77300000190735,1.6822881947192452,1.5537274138493506
4FGL J0612.5-3138,0.873000025749207,0.8821775119817606,0.9087494160770744
4FGL J0617.7-1715,0.0979999974370003,0.3281931924961383,0.27658681296865084
4FGL J0618.1-2428,0.299499988555908,0.2963517699324639,0.2713596875728488
4FGL J0622.3-2605,0.41448700428009,0.3452717792993277,0.4278595408434789
4FGL J0622.4-6433,0.128888994455338,0.17248715801397874,0.10427250004811994
4FGL J0625.8-5441,2.05100011825562,2.1098888417119293,1.9038108616238594
4FGL J0629.3-1959,1.72399997711182,1.0722326290140562,1.2230650233426075
4FGL J0630.9-2406,1.23800003528595,0.4591176669903373,0.4278859338320098
4FGL J0633.4-2222,1.50800001621246,1.1851714204185888,1.2856174792881538
4FGL J0634.9-2335,1.5349999666214,1.8447591825739174,1.9043058746009374
4FGL J0635.6-7518,0.652999997138977,0.5683359034286506,0.33518879492777387
4FGL J0638.6+7320,1.85000002384186,1.3267889388165377,1.4243006716196427
4FGL J0644.6+6039,0.358200013637543,0.5056122097428565,0.4402302648663241
4FGL J0646.7-3913,0.680999994277954,0.9973509795705402,0.9836624122860276
4FGL J0648.0-3045,1.15299999713898,1.3879902566016133,1.4313292659984391
4FGL J0650.7+2503,0.202999994158745,0.21226913331156838,0.2459290319407299
4FGL J0654.3+5042,1.25300002098083,0.5142786521571548,0.6634041272538189
4FGL J0654.4+4514,0.927999973297119,1.1229216519280114,1.2075322030869091
4FGL J0654.7+4246,0.126000002026558,0.18789049321297369,0.11244665873439508
4FGL J0656.3+4235,0.0590000003576279,0.08243928273357565,0.07410768196434692
4FGL J0659.6-2742,1.72699999809265,1.2728847290090628,1.4125435423589887
4FGL J0701.5-4634,0.822000026702881,1.2784273523526921,1.231487695581957
4FGL J0710.4+5908,0.125,0.14063943325338213,0.13881588744000983
4FGL J0710.8-3851,0.12899999320507,0.3758107716604131,0.4144453878858356
4FGL J0710.9+4733,1.29200005531311,0.44882507793713977,0.4559935107693791
4FGL J0712.7+5033,0.501999974250793,0.5759529763137803,0.5253365252463174
4FGL J0713.8+1935,0.540000021457672,0.7378552314376898,0.9213585990324644
4FGL J0718.0+4536,0.939999997615814,1.4680638445997207,1.428729117020748
4FGL J0719.3+3307,0.778999984264374,0.8122899285562892,0.8293037588153589
4FGL J0721.9+7120,0.127000004053116,0.28869536401019325,0.2732830507779387
4FGL J0723.5+2900,0.966000020503998,1.239208154642579,1.2695123948529474
4FGL J0725.2+1425,1.03799998760223,1.1116775241909425,1.0887443281008782
4FGL J0726.4-4727,1.68599998950958,1.2515705812388749,1.428131399270069
4FGL J0729.1+5703,0.425999999046326,0.2935517718964949,0.26096127020564874
4FGL J0730.4+3308,0.112000003457069,0.36011157491909856,0.3745351660349494
4FGL J0731.9+2805,0.247999995946884,0.22714700622452133,0.2478533328865702
4FGL J0733.7+4110,0.670000016689301,0.2981714508018879,0.27763973411373044
4FGL J0733.8+0455,3.00999999046326,1.9219379293470404,2.805392660943026
4FGL J0734.0+5021,0.720000028610229,0.9000163837491102,0.7809075737440538
4FGL J0738.1+1742,0.42399999499321,0.39280637243168,0.5285583977424779
4FGL J0739.2+0137,0.188999995589256,0.3883909673952171,0.33518865746071125
4FGL J0740.9+3203,0.179000005125999,0.15495497058986812,0.16601034649933633
4FGL J0742.1+4902,2.31200003623962,0.8523225462998,0.9393741079449787
4FGL J0742.6+5443,0.720000028610229,1.2820505552599966,1.2218425007535303
4FGL J0743.0-5622,2.31900000572205,1.428384829299827,1.4243455746693185
4FGL J0744.1+7434,0.314999997615814,0.2533209241038612,0.2776587384868854
4FGL J0746.4+2546,2.98749804496765,2.8940824185375287,2.8848434719464606
4FGL J0746.5+2730,1.69000005722046,1.3108745665627888,1.4207555217671288
4FGL J0748.6+2400,0.409853994846344,0.6061315700593181,0.5016039884355143
4FGL J0749.2+2314,0.174999997019768,0.22424708781371833,0.16492146161398136
4FGL J0749.7+7450,0.60699999332428,0.3749031351934329,0.37419799006805365
4FGL J0749.9+1823,1.16100001335144,0.9905457804680389,0.9050409615847199
4FGL J0753.0+5353,0.200000002980232,0.7073372759270518,0.8191020867430852
4FGL J0754.7+4823,0.376709997653961,0.43580495608963604,0.4404737175064135
4FGL J0757.1+0956,0.266000002622604,0.437008057463264,0.4392632906101903
4FGL J0758.9+2703,0.0989999994635582,0.3115587018881563,0.16645927979765074
4FGL J0800.9+4401,1.07200002670288,0.7245733702231767,0.8062540883995344
4FGL J0803.2-0337,0.365000009536743,0.5062487313006061,0.56032029406317
4FGL J0805.2-0110,1.38800001144409,1.324175646453829,1.2909516999426027
4FGL J0805.4+6147,3.03299999237061,2.6865668646744774,2.755515047261801
4FGL J0805.4+7534,0.120999999344349,0.12018440159051597,0.11906303777637861
4FGL J0806.5+4503,2.10199999809265,1.4799777912470966,1.64013606007804
4FGL J0806.5+5930,0.300000011920929,0.2788938400041912,0.3741705613307269
4FGL J0808.2-0751,1.83700001239777,0.8014677694318986,0.7888692564536572
4FGL J0808.5+4950,1.43516099452972,1.3514051049416493,1.5534828465275234
4FGL J0809.3+4053,1.41799998283386,1.3534723406388782,1.253799041229632
4FGL J0809.5+5341,2.13299989700317,1.2935960251076695,1.399315246797606
4FGL J0809.6+3455,0.0825090035796165,0.0687515097612671,0.08299527359899761
4FGL J0809.8+5218,0.137999996542931,0.1459236925808236,0.15164625363645312
4FGL J0811.4+0146,1.14800000190735,0.7528286442785319,0.8242294186133226
4FGL J0812.9+5555,0.382999986410141,0.39163925474378475,0.44173530096274605
4FGL J0814.6+6430,0.238999992609024,0.21196736234580166,0.24073422914356035
4FGL J0816.1+4909,0.474999994039536,0.48774649760107164,0.44155617687538795
4FGL J0816.3+5739,0.0540000014007092,0.5077958175960037,0.4772531705032579
4FGL J0816.4-1311,0.0459779985249043,0.2500492264284284,0.33306973682296026
4FGL J0816.9+2050,0.0579999983310699,0.5722487140440176,0.5435852417628979
4FGL J0818.2+4222,0.529999971389771,0.9508697438894764,0.9088366865381241
4FGL J0818.4+2816,0.225999996066093,0.4474956521376427,0.4419708646309586
4FGL J0818.8+3229,0.64978700876236,0.5176460900081008,0.5211045880097969
4FGL J0819.0+2746,0.39292898774147,0.6347364505057203,0.6557751846397302
4FGL J0819.4-0756,0.449999988079071,0.4081766363392715,0.4277961052437962
4FGL J0819.4+4035,0.388999998569489,0.5122571817409445,0.5188774899820059
4FGL J0820.3+3639,0.39300000667572,0.47833820780518305,0.5403342880133006
4FGL J0820.9+2353,0.40200001001358,0.4336479909422022,0.441334484429031
4FGL J0823.1+4042,0.865499973297119,0.775718517612826,0.8615981821999199
4FGL J0824.4+2440,1.24199998378754,1.3133595036063226,1.2479543286289823
4FGL J0824.7+5552,1.41700005531311,1.433816560813673,1.4273836422689405
4FGL J0824.9+3915,1.21599996089935,1.3638668716398197,1.284816374144932
4FGL J0825.8+0309,0.505999982357025,0.3132076272755127,0.3131497071510445
4FGL J0827.0-0708,0.246999993920326,0.16023269938766588,0.16473082514456716
4FGL J0829.4+0857,0.86599999666214,0.6871281546650951,0.8158916422685141
4FGL J0830.8+2410,0.939000010490417,1.091987470510394,0.9660505440962062
4FGL J0831.8+0429,0.17399999499321,0.26504982825364426,0.26438495824257924
4FGL J0832.4+4912,0.547999978065491,0.4479571866175124,0.4147948604657199
4FGL J0833.4-0458,3.45000004768372,1.1903137505726473,1.277910207767997
4FGL J0833.9+4223,0.249072998762131,0.3288169139024493,0.3349380327699316
4FGL J0835.7+0936,0.349999994039536,0.3938445711279828,0.44002849657954757
4FGL J0836.5-2026,2.75200009346008,2.7614553761796374,2.773285621741515
4FGL J0836.9+5833,0.611000001430511,0.5794783259403566,0.5379899389829017
4FGL J0837.3+1458,0.277999997138977,0.14435098504413096,0.13906230945969456
4FGL J0839.7+3540,0.41499999165535,0.5229527796703379,0.5436055821683825
4FGL J0839.8+0105,1.12300002574921,1.4800301781167433,1.4291233386929165
4FGL J0841.3+7053,2.21799993515015,1.809971245491197,2.172028958803268
4FGL J0842.5+0251,0.425000011920929,0.5206581379452893,0.4401274473120844
4FGL J0842.7+6656,0.120999999344349,0.3394547624973754,0.375555489207255
4FGL J0844.2+5312,0.435000002384186,0.5606552475751493,0.5429421946562232
4FGL J0846.9+4608,1.21648001670837,1.1741338680244113,1.285004176248441
4FGL J0847.2+1134,0.19819900393486,0.2726876005435728,0.27767316161232425
4FGL J0848.0-0524,1.24199998378754,1.56059587769734,1.5605523945456765
4FGL J0849.5+0456,1.06958997249603,0.47168101725400474,0.5420732898641225
4FGL J0850.1-1212,0.565999984741211,0.7912473850855233,0.7660711229795722
4FGL J0850.5+3455,0.144999995827675,0.1470861120871041,0.1385281918803749
4FGL J0852.2+2834,1.28199994564056,1.0881988742409638,1.0171325797045982
4FGL J0854.3+4408,0.382158994674683,0.34827083045806134,0.33291728794711517
4FGL J0854.8+2006,0.305999994277954,0.3475334648954449,0.2696000087224262
4FGL J0855.9+7144,0.541999995708466,0.7158110195929116,0.6600921427974789
4FGL J0856.8+2056,0.180000007152557,0.6151972617176603,0.6196576899011543
4FGL J0857.7+0137,0.28099998831749,0.23683115562891788,0.24125329262085926
4FGL J0857.9-1949,0.658999979496002,0.9744017446227681,1.0416403664090876
4FGL J0902.4+2051,2.0550000667572,0.35604633772070654,0.33085433613458726
4FGL J0903.1+4652,1.46200001239777,1.4988197963580239,1.402963991614766
4FGL J0904.6+4238,1.34246003627777,0.9837754770952511,0.9542661602307805
4FGL J0908.9+2311,1.18439996242523,0.457281766515281,0.4421455225724884
4FGL J0909.1+0121,1.02400004863739,0.7663635118632761,0.7734702327786747
4FGL J0909.7-0230,0.957000017166138,0.6402414775436506,0.8207615497073419
4FGL J0910.6+3329,0.354000002145767,0.38321609592002037,0.37433181683099614
4FGL J0910.6+2247,2.66100001335144,1.9738985008085932,2.067146481760312
4FGL J0910.8+3859,0.198696002364159,0.3283466419423723,0.33120462088510316
4FGL J0911.7+3349,0.45610100030899,0.3387664014271607,0.37884900110710507
4FGL J0912.2+4127,2.56299996376038,1.7300632962975726,1.8810820825457624
4FGL J0912.5+1556,0.211999997496605,0.5180674877473264,0.513042723592515
4FGL J0912.9-2102,0.198017001152039,0.13977683034231286,0.13430803830770444
4FGL J0915.9+2933,0.189999997615814,0.27399699381376286,0.24530211030461646
4FGL J0916.7+3856,1.26754105091095,1.395601264083119,1.4207517932570517
4FGL J0916.7+5238,0.189999997615814,0.18589890270127185,0.16609997231674178
4FGL J0917.1-2131,0.847000002861023,0.7911291922389858,0.7660487616597262
4FGL J0917.3-0342,0.30799999833107,0.23407116539547235,0.2776890777044283
4FGL J0920.9+4441,2.186448097229,1.148866785062049,1.2283422390040344
4FGL J0921.6+6216,1.44599997997284,1.1730686260872116,1.2892402732401451
4FGL J0921.7+2336,1.06190001964569,0.39968015015867997,0.42770795945356044
4FGL J0922.4-0528,0.973999977111816,0.4703387008561889,0.3775427557505995
4FGL J0923.5+4125,1.73199999332428,0.8921492130125228,0.8993825357800327
4FGL J0924.0+2816,0.744199991226196,1.0578184350907707,0.9117308769260981
4FGL J0925.7+3126,0.259999990463257,0.5631477282890271,0.640535176698219
4FGL J0926.4+5412,0.850000023841858,0.517073390177773,0.5250281489366388
4FGL J0928.1-2035,0.34799998998642,0.38041548886189774,0.28777632434767186
4FGL J0930.5+4951,0.18674199283123,0.35133778820444894,0.3341240276866333
4FGL J0930.9+0033,1.77100002765656,1.3934582637080855,1.4218544996127704
4FGL J0932.6+5306,0.597190022468567,1.1311229261825715,1.0504887951822934
4FGL J0932.7+1041,0.361000001430511,0.2740105142073988,0.277445731624977
4FGL J0934.3+3926,0.0443990007042885,1.0283982311978288,0.9465052251694164
4FGL J0934.5-1720,0.249899998307228,0.35891034011518264,0.277900732199893
4FGL J0936.5+1847,0.831126987934113,0.5134214460941375,0.5427535531208794
4FGL J0937.1+5008,0.275999993085861,0.7047381400594084,0.6740120968581322
4FGL J0937.9-1434,0.287000000476837,0.3332634014523815,0.37415499902483407
4FGL J0940.4+6148,0.210999995470047,0.2828921589724219,0.2776610880784405
4FGL J0940.9-1335,0.550999999046326,0.5849779850529596,0.5016874410273495
4FGL J0945.2+5200,0.562979996204376,0.704693705818807,0.8927108019335983
4FGL J0945.7+5759,0.229003995656967,0.404564998978085,0.3315586192113571
4FGL J0946.0+4735,0.568867027759552,0.570918778539082,0.555802117691993
4FGL J0946.2+0104,0.577000021934509,0.4861666525864867,0.4405058760129035
4FGL J0946.6+1016,1.00699996948242,1.0373566659654967,1.0889510076554871
4FGL J0947.6+2215,0.41499999165535,0.513869760254456,0.5497054640373311
4FGL J0949.0+4038,1.24996399879456,1.2990913072833306,1.2851783669445807
4FGL J0950.2+0615,0.435000002384186,0.5950525222568526,0.6279100769015422
4FGL J0950.2+4553,0.399399995803833,0.5329797680622061,0.5408243260128025
4FGL J0952.8+0712,0.435000002384186,0.5227856883633333,0.5433314148013209
4FGL J0955.1+3551,0.833999991416931,0.4541677493945378,0.4761399811978164
4FGL J0956.0+3936,1.17300999164581,1.1492310903183225,1.2539188061795281
4FGL J0956.7+2516,0.708000004291534,0.8911962122513162,0.9120691817459978
4FGL J0957.3-1348,1.32299995422363,1.3480644426086956,1.420112364307918
4FGL J0957.6+5523,0.896000027656555,0.7728685028088753,0.8075533115612927
4FGL J0958.0+4728,1.88199996948242,1.780746930649821,2.0230314745593225
4FGL J0958.0+3222,0.530600011348724,0.5327974711744403,0.4030841581815996
4FGL J0958.4+5042,1.15400004386902,1.1073116026050718,1.039307195971432
4FGL J0958.7+6534,0.367000013589859,0.5661177334133992,0.30786245687084324
4FGL J0959.4+2120,0.365000009536743,0.37561902859545365,0.37486177989774405
4FGL J1001.1+2911,0.558000028133392,0.5688879435073124,0.6666501197422592
4FGL J1002.5+2215,0.550000011920929,0.5264243829369104,0.5237355705990867
4FGL J1003.6+2605,0.929499983787537,0.7835463794380493,0.7122804023057665
4FGL J1006.5+6440,0.560000002384186,0.5591681760655638,0.5381917420214424
4FGL J1006.7-2159,0.330000013113022,0.3564082135649998,0.3310371255927278
4FGL J1007.0+3455,0.611999988555908,0.5314364645829011,0.5438771708051764
4FGL J1007.6-3332,1.83700001239777,1.3760065292717565,1.4289021140157416
4FGL J1008.0+0620,0.649999976158142,0.35038255657863265,0.43594315425526786
4FGL J1008.8-3139,0.533999979496002,0.44162632190073003,0.4323349636313125
4FGL J1010.2-3119,0.142638996243477,0.11567293086806679,0.1513680425453443
4FGL J1010.8-0158,0.896000027656555,0.8962004191477484,1.0629487116212744
4FGL J1011.3-0427,1.58800005912781,1.11160012872952,1.0944694860889839
4FGL J1012.3+0629,0.726999998092651,0.5839843288233731,0.6277476492783187
4FGL J1012.7+2439,1.80499994754791,1.4796178332712748,1.561673695671295
4FGL J1013.7+3444,0.208000004291534,1.2432280914274805,1.2893459349638419
4FGL J1014.8+2257,0.565999984741211,0.38440917806585084,0.40166434424594044
4FGL J1015.0+4926,0.211999997496605,0.20926834548824852,0.2455976238832287
4FGL J1015.6+5553,0.676999986171722,0.8408331991857784,0.8960718081674082
4FGL J1018.3-3124,0.794000029563904,1.1614501149009862,1.2344165393945992
4FGL J1018.4+3540,1.22800004482269,1.2743155017487358,1.290702622363813
4FGL J1018.4+0528,1.94525504112244,1.0495415839313411,1.208343539938066
4FGL J1022.7-0112,0.360000014305115,0.36471589273650407,0.333583506804356
4FGL J1023.1+3949,1.33280003070831,1.382303834356772,1.2907223950327489
4FGL J1023.2+2859,0.667572021484375,0.7522223134369541,0.7528115955083985
4FGL J1023.8+3002,0.43299999833107,0.32133682070668645,0.37440279936899357
4FGL J1023.9-3236,1.567999958992,1.2424945907220453,1.2908469137276102
4FGL J1024.8+2332,0.16465300321579,0.2632188462614571,0.28029816071788827
4FGL J1026.9-1749,0.266887992620468,0.1948013899492863,0.24579964950223987
4FGL J1027.6+6317,0.582000017166138,0.5227433797183475,0.5427212536038779
4FGL J1028.3+3108,0.240299999713898,0.4410019751002342,0.43152412487076397
4FGL J1028.4-0234,0.476000010967255,0.3232346949404734,0.28206329907683325
4FGL J1031.1+7442,0.123000003397465,0.22189865479881782,0.16508288600961385
4FGL J1031.3+5053,0.360403001308441,0.25437026210822444,0.2774716186754902
4FGL J1031.6+6019,1.23117303848267,1.1223828974687913,1.0982983793079928
4FGL J1032.6+3737,0.527999997138977,0.5315697399646584,0.5432773803048965
4FGL J1033.1+4115,1.11699998378754,1.03983801625236,1.1001001576788454
4FGL J1033.9+6050,1.40100002288818,0.6479305971038131,0.6547917440924846
4FGL J1035.6+4409,0.443800002336502,0.6334081712004709,0.6008039766947753
4FGL J1036.2+2202,0.595133006572723,1.0383248418612026,0.9556431390376823
4FGL J1037.4-2933,0.312000006437302,0.4491809881777618,0.4149209016632476
4FGL J1037.7-2822,1.06599998474121,1.1383497744575424,1.0875148785022057
4FGL J1037.7+5711,0.830370008945465,0.4858198205096463,0.3745063542646816
4FGL J1043.2+2408,0.560000002384186,0.5354284225819317,0.5110109215901799
4FGL J1044.6+8053,1.25399994850159,0.6580990633742032,0.495872270218469
4FGL J1045.8-2928,2.12800002098083,1.27555584272792,1.427331127055122
4FGL J1048.0-1912,0.595000028610229,1.0015841723428707,1.0672449092401801
4FGL J1048.4+7143,1.14999997615814,1.1029877029828201,1.09940147988601
4FGL J1050.1+0432,1.21724998950958,1.180475544948894,1.2346391302082487
4FGL J1051.4+3942,0.497999995946884,0.5146460479901707,0.4406085375677251
4FGL J1051.9+0103,0.264999985694885,0.47349552370249864,0.5453390844829415
4FGL J1053.7+4930,0.140000000596046,0.10930024492472401,0.10951959805273392
4FGL J1054.5+2211,2.0550000667572,0.4063716520640296,0.3749739085531256
4FGL J1056.8+7012,2.49200010299683,1.9620416494940511,1.895618258402322
4FGL J1057.3-2341,1.125,1.22576305353186,1.2323060933689143
4FGL J1057.8-2754,0.0909060016274452,0.10681394464027039,0.10961670644209098
4FGL J1058.4+0133,0.889999985694885,0.438266330637596,0.45528171153058206
4FGL J1058.5+8115,0.705999970436096,0.8469181049410986,0.7697573096216339
4FGL J1058.6+2817,0.479299992322922,0.5763245121965493,0.6366143919558869
4FGL J1058.6-8003,0.569000005722046,0.7381571816908015,0.7942253898176501
4FGL J1058.6+5627,0.14300000667572,0.26173350698024334,0.24308614338410162
4FGL J1101.4+4108,0.579999983310699,0.6579379568979631,0.6231281587555622
4FGL J1102.6+5251,0.689840018749237,0.9119074922842894,0.8568090364276439
4FGL J1102.9+3014,0.38400000333786,0.6850819982718511,0.7718291619308866
4FGL J1103.0+1157,0.913941025733948,0.869336828011676,0.8757960696509559
4FGL J1103.6-2329,0.186000004410744,0.1375811226307183,0.1647134827470449
4FGL J1104.0+0020,0.275000005960464,0.2537622070056098,0.2643269512827022
4FGL J1104.4+0730,0.630348026752472,0.4804476260310494,0.3870652565155115
4FGL J1104.4+3812,0.0299999993294477,0.0702890310294636,0.038825912647118654
4FGL J1105.8+3944,0.0989999994635582,0.18246907845734595,0.12960417400874524
4FGL J1106.0+2813,0.843520998954773,1.0423647566022298,0.9542083060612456
4FGL J1107.0-4449,1.59800004959106,0.9998461216376439,0.9104406358159283
4FGL J1107.7-3042,0.740000009536743,1.1877056525883978,1.1922237295101201
4FGL J1107.8+1501,0.600000023841858,0.41492928780422395,0.4421752012426554
4FGL J1112.5+3448,1.94949996471405,1.2357303685926069,1.2320120164987731
4FGL J1114.7-0248,1.03999996185303,1.1212425578723826,1.0736718133104453
4FGL J1117.0+2013,0.139200001955032,0.1381725979166492,0.15138321294693924
4FGL J1117.2+0008,0.45100000500679,0.45631651244917715,0.4414470999371132
4FGL J1117.6+2550,0.360029011964798,0.28271280404353855,0.33020212625426826
4FGL J1118.2-4634,0.712999999523163,0.5279043307957014,0.6522011040695772
4FGL J1119.0+1235,2.12565088272095,1.6197492395891429,2.023340385322778
4FGL J1120.8+4212,0.123999997973442,0.3249730992917568,0.3745380858424181
4FGL J1121.4-0553,1.29700005054474,1.5061830033822114,1.5678294953219023
4FGL J1124.0+2336,1.54900002479553,1.275718372530436,1.3796869510552585
4FGL J1125.5-3557,0.284000009298325,0.3890014633165125,0.4277775224631162
4FGL J1125.9-0742,0.278600007295609,0.2728156794387443,0.27760086415334206
4FGL J1125.9+2005,0.132970005273819,0.2383123560753042,0.16578667072182363
4FGL J1127.0-1857,1.04799997806549,0.656426918457368,0.6977924884980526
4FGL J1127.4+5648,2.89000010490417,2.397277148868157,2.7763467685524192
4FGL J1127.8+3618,0.88400000333786,1.1930086705808427,1.2430240512177773
4FGL J1128.0+5924,1.79499995708466,1.1204363919001086,1.0965621224367
4FGL J1129.1+3703,0.444999992847443,0.6060587823672252,0.633809113154689
4FGL J1129.8-1447,1.18400001525879,1.1569946341025505,1.2275188561010761
4FGL J1131.0+3815,1.73300004005432,1.4063341777685041,1.4282215998204664
4FGL J1131.4+5809,0.359645992517471,0.48168489364406997,0.4277868855200222
4FGL J1132.7+0034,1.22300004959106,0.5744032421487497,0.621909808698627
4FGL J1135.7-0427,0.27318400144577,0.5127594554238256,0.4399050652925012
4FGL J1136.2+3407,1.33694994449615,1.5419339015807205,1.5554190972353208
4FGL J1136.4+6736,0.136000007390976,0.15278330736097773,0.13615912694270604
4FGL J1136.4+7009,0.0450000017881393,0.057586665264966086,0.03812812240515506
4FGL J1136.8+2550,0.156000003218651,0.20966862189820984,0.1360941963781046
4FGL J1138.4+4857,1.30400002002716,0.9836546164568727,0.8759824796753979
4FGL J1140.5+1528,0.244000002741814,0.22811723715405158,0.2456490310952837
4FGL J1142.0+1548,0.29899999499321,1.0435467029560084,1.230001456274083
4FGL J1143.1+6122,0.474999994039536,0.4948858712774234,0.42710414777326644
4FGL J1145.5+4423,0.299836009740829,0.42145295527115123,0.3980860146076597
4FGL J1146.6-2902,0.449999988079071,0.6834755247564679,0.6938130559728997
4FGL J1146.9+3958,1.08899998664856,0.9320029401732415,0.9055596418682972
4FGL J1147.0-3812,1.04799997806549,0.8636446693633516,0.8487238939970045
4FGL J1147.8-0724,1.34200000762939,1.2195865472232628,1.2282548061178824
4FGL J1148.5+2629,0.867224991321564,1.1264535194950116,1.101928012176156
4FGL J1148.6+1841,0.405000001192093,0.7330001389733511,0.6427782749427242
4FGL J1150.4+2418,0.200000002980232,0.21071925277469483,0.27172521882579725
4FGL J1150.6+4154,0.319999992847443,0.5275413679349429,0.5272986666974948
4FGL J1151.5-1347,0.837999999523163,0.5320749954288759,0.5410709246990546
4FGL J1151.5+5859,0.118000000715256,0.5067365093111798,0.4415683233231149
4FGL J1152.3-0839,2.36999988555908,1.5280696539524476,1.5636547861159307
4FGL J1152.8+3308,1.39759600162506,0.8329869066796707,0.9394123362925557
4FGL J1153.0+8056,1.25,1.5771329365168572,1.4279274600100544
4FGL J1153.4+4931,0.333999991416931,0.3884911278518562,0.4103190130486518
4FGL J1154.0-0010,0.254000008106232,0.4656841150449675,0.44198866475380094
4FGL J1154.0+4037,0.925125002861023,0.7643227249505093,0.7506144150334706
4FGL J1154.0+6018,1.12000000476837,1.1644066798025232,1.2836698986065804
4FGL J1158.5+4824,2.02800011634827,1.4807097906066624,1.526223962928039
4FGL J1159.3-2142,0.616999983787537,0.8635707646483729,1.0481344839563795
4FGL J1159.5+2914,0.728999972343445,0.6911357710495138,0.6435130676957137
4FGL J1202.4+4442,0.296999990940094,0.2992995885618631,0.28036944980531
4FGL J1202.5-0528,0.381000012159348,0.7242236707228719,0.6661023006069695
4FGL J1202.5+3852,0.805000007152557,0.37831895305053326,0.455871510109644
4FGL J1203.1+6031,0.0649999976158142,0.22980232127751926,0.07864008357302299
4FGL J1203.4-3925,0.226999998092651,0.3505902099241768,0.4278904762889135
4FGL J1204.2-0709,0.184000000357628,0.2023274769173774,0.15142750815930595
4FGL J1205.7-2635,0.788999974727631,0.8363864741690374,0.9065054628902496
4FGL J1207.7-0106,1.00600004196167,0.8416674878523267,0.8947467193869441
4FGL J1208.4+6121,0.275000005960464,0.2321471400661661,0.2754140317911631
4FGL J1208.9+5441,1.34512305259705,1.2705016216812859,1.4288147787812053
4FGL J1209.4+4118,1.33599996566772,0.5187182940236003,0.5408204493382227
4FGL J1209.7+2548,1.43499994277954,0.9853387324160726,1.1611661433204357
4FGL J1209.8+1810,0.845000028610229,0.8813128747152434,0.8674364055039236
4FGL J1213.0+5129,0.796000003814697,0.3928891544303243,0.44212956948258
4FGL J1213.3-2618,0.277999997138977,0.2442444787668841,0.2778998226692382
4FGL J1213.6+1306,1.14023995399475,0.8509772358514641,0.841652145680523
4FGL J1215.0+1656,1.13199996948242,1.1114512529964014,1.1990169237048436
4FGL J1215.1+5002,1.54499995708466,0.5136360221803291,0.5433896802371179
4FGL J1215.1+0731,0.13646499812603,0.10861767554942764,0.13422720265675303
4FGL J1216.1+0930,0.0935000032186508,0.08285922081716768,0.07709450763604142
4FGL J1217.9+3007,0.129999995231628,0.24685345414761328,0.24535923582180907
4FGL J1218.0-0028,0.418999999761581,0.26594543873339155,0.2643922413877533
4FGL J1219.7-0313,0.29899999499321,0.3066954604970805,0.2776143855761337
4FGL J1220.1+7105,0.45100000500679,1.5642561636439662,1.5505920484014415
4FGL J1221.3+3010,0.184000000357628,0.19187383577070083,0.16476859185045645
4FGL J1221.5+2814,0.101999998092651,0.2429069680627703,0.16494027576477288
4FGL J1222.5+0414,0.964200019836426,1.237032410463808,0.9663236393215846
4FGL J1223.9+5000,1.06395196914673,1.294517528008945,1.1926840024113399
4FGL J1224.1+2239,0.482100009918213,0.5517398408921022,0.5220926559517323
4FGL J1224.4+2436,0.218999996781349,0.3725443038400355,0.33204832004224927
4FGL J1224.9+2122,0.433999985456467,0.29794078812310193,0.38644280474912573
4FGL J1224.9+4334,0.948000013828278,0.8956890499534591,0.8755838728034699
4FGL J1225.0+0330,0.955999970436096,1.5016115568442405,1.5620677591477903
4FGL J1226.8-1329,0.456000000238419,0.7295995870388193,0.8191323279978691
4FGL J1227.1-4437,0.109999999403954,0.8635094022810728,0.7764053738709524
4FGL J1228.7+4858,1.71605598926544,1.829540756917071,1.8869446715584992
4FGL J1229.0+0202,0.158000007271767,0.3100693209312015,0.1640984247375099
4FGL J1230.2+2517,0.135000005364418,0.22894840792506982,0.276094425355051
4FGL J1230.9+3711,0.217999994754791,0.3175792889953674,0.31343778537464684
4FGL J1231.5+1421,0.256000012159348,0.3445269137051293,0.334057926390829
4FGL J1231.6+6415,0.162939995527267,0.11567392933175463,0.1189781665034102
4FGL J1231.7+2847,0.236450999975204,0.31850806069264237,0.3335912537827499
4FGL J1233.6+5027,0.206796005368233,0.3126955371788411,0.3536323387604343
4FGL J1236.3+3858,0.389999985694885,0.4305373536837435,0.3743489397882396
4FGL J1239.4+0728,0.400000005960464,0.6824617563873643,0.6769269932092994
4FGL J1239.5+0443,1.7610000371933,1.5606441509787592,1.4232755368385117
4FGL J1241.8-1456,0.531000018119812,0.2756526711140133,0.3332561633453852
4FGL J1243.2+3627,1.06500005722046,0.30113331534149285,0.2775663231670733
4FGL J1245.1+5709,1.54487001895905,0.4879254954620006,0.4416465021900424
4FGL J1246.3+0112,0.386000007390976,0.639492302449042,0.5945812221096132
4FGL J1246.7-2548,0.634999990463257,0.9277406732830797,0.9019377651842386
4FGL J1248.7+5127,0.350852996110916,0.45668184940772627,0.44171881284723136
4FGL J1250.6+0217,0.953508019447327,0.7801926852323022,0.806814701266305
4FGL J1251.2+1039,0.245399996638298,0.31766722947146037,0.3743140224140513
4FGL J1253.8+0327,0.0656860023736954,0.08908090679212832,0.06803326135318466
4FGL J1253.8+6242,0.866999983787537,0.4062050508699667,0.4771630507286113
4FGL J1254.5+2210,0.50900000333786,0.5023246391877632,0.427848093463038
4FGL J1254.9-4426,0.0410000011324883,0.06318173874678923,0.05555802534446164
4FGL J1254.9+1138,0.871999979019165,1.1529025724622992,1.2301891935536227
4FGL J1256.1-0547,0.53600001335144,0.9119391466811619,0.9230611533824202
4FGL J1256.2-1146,0.0579000003635883,0.07034615365085545,0.072910953894054
4FGL J1257.2+3646,0.530687987804413,0.5021924247432692,0.427877581249934
4FGL J1257.8+3228,0.805999994277954,0.6689612035347177,0.7093951078645699
4FGL J1258.6-1759,1.9559999704361,1.3435873929867768,1.2819247463858425
4FGL J1258.8-2219,1.30299997329712,1.3557567952116223,1.4296640246124723
4FGL J1259.1-2311,0.481000006198883,0.3790041575352147,0.37657989449130724
4FGL J1259.7-3223,0.0137499999254942,0.6646825855672179,0.5016896770720893
4FGL J1300.4+1416,1.10855197906494,1.20309696412152,1.2533740985384112
4FGL J1301.5+4413,0.435000002384186,0.5128119433463059,0.5419359889786632
4FGL J1301.6+4056,0.65200001001358,0.49564400555469373,0.4387309901392358
4FGL J1301.6+3336,1.00839996337891,1.617796800732373,1.5152307485785452
4FGL J1302.8+5748,1.08800005912781,1.1137707993338166,1.200036562452048
4FGL J1303.0+2434,0.992999970912933,1.0070724514255276,1.05066015378355
4FGL J1303.6-4622,1.66400003433228,1.14267412293366,1.1461055043642836
4FGL J1304.0+3704,0.425000011920929,0.44423750322278804,0.4631808232580119
4FGL J1304.6-0348,1.25,0.8463639807768859,1.0121222940954753
4FGL J1308.5+3547,1.05499994754791,1.3764249471436536,1.223710940169899
4FGL J1309.4+4305,0.690999984741211,0.5213285179676066,0.5434517304335111
4FGL J1310.2-1158,0.140000000596046,0.17746903807408027,0.16474917168670622
4FGL J1310.5+3221,0.996999979019165,0.8061662002962187,0.8678549848331574
4FGL J1311.0+0034,0.0023070001043379,0.49738330737754777,0.4418110233295518
4FGL J1311.0+3233,1.63900005817413,1.0808764853091701,1.1989944998227862
4FGL J1312.4-2156,1.49100005626678,0.4839632978263997,0.4413125169155385
4FGL J1312.8-2350,0.46000000834465,0.4858490360163114,0.4423142759500651
4FGL J1312.8-0425,0.824899971485138,1.3478459249539334,1.4281084895595022
4FGL J1315.5+1135,0.730000019073486,0.45239173580239844,0.42744123157043856
4FGL J1316.1-3338,1.21000003814697,1.057341644088632,0.9637863093034806
4FGL J1317.6+3428,1.04999995231628,1.0476933775023525,0.911945141843812
4FGL J1319.5+1404,0.573000013828278,0.32681267286276305,0.3329296071848393
4FGL J1320.7+3314,0.923783004283905,0.6145142188869257,0.6444670131506003
4FGL J1321.1+2216,0.943000018596649,1.3033466077905014,1.2884794207705768
4FGL J1321.3-2641,2.02699995040894,1.554124159396997,1.5590628216980909
4FGL J1322.2+0842,0.32548999786377,0.7735094396994648,0.6594986786348029
4FGL J1322.6-0936,1.8639999628067,1.5538386841956784,1.5686844571964604
4FGL J1322.9+0437,0.224000006914139,0.28945306817316874,0.329123852749756
4FGL J1323.9+1405,0.469999998807907,0.4569019242265835,0.44174383209138046
4FGL J1326.1+1232,0.204153001308441,0.274635048023483,0.2753684495275077
4FGL J1326.7-0503,1.88199996948242,0.830932504179384,0.8881464734686404
4FGL J1326.9+2210,1.39800000190735,1.1501298977706256,1.2506080931835721
4FGL J1331.2-1325,0.25,0.5257149802648295,0.51322736810606
4FGL J1331.7-0343,1.35199999809265,1.4077706455604115,1.3658541528880392
4FGL J1332.0-0509,2.15000009536743,1.2937311929739357,1.2882367136481236
4FGL J1332.2+4722,0.668699979782104,0.8351678373331586,0.7744709247837898
4FGL J1332.6-1256,1.49199998378754,1.9769460650585398,1.972075323784459
4FGL J1333.2+2725,0.731000006198883,0.8143231224698513,0.870041227744405
4FGL J1333.7+5056,1.36199998855591,1.0718793805371125,1.2199673252551455
4FGL J1334.5+5634,0.342577993869781,0.5132419534597545,0.5192025894478218
4FGL J1337.4+5502,1.09957599639893,1.1543466004066778,1.220832924298041
4FGL J1337.6-1257,0.538999974727631,0.89262338453631,0.9056723042162669
4FGL J1338.0+6534,0.945999979972839,1.178817806820852,1.2337286292392138
4FGL J1339.1-2620,1.50999999046326,1.0043045601831615,1.0774843397914093
4FGL J1339.9-0138,1.62000000476837,1.0084820688970002,0.9216339604709158
4FGL J1340.5+4409,0.546000003814697,0.2574597220536655,0.24554057660143624
4FGL J1340.8-0409,0.223000004887581,0.4345971999012972,0.44204087485407584
4FGL J1341.2+3958,0.172000005841255,0.19135243301940463,0.16471440368154444
4FGL J1341.8-2053,1.58200001716614,1.720283961383554,1.566891162147452
4FGL J1343.6+5755,0.933000028133392,0.8971439729049828,0.963273311773565
4FGL J1344.0+6605,1.35099995136261,1.310901500883065,1.399841174695812
4FGL J1344.2-1723,2.49000000953674,1.3639354335040617,1.3171562435896114
4FGL J1345.5+4453,2.53399991989136,1.45903455802191,1.4979483260431485
4FGL J1345.8+0706,1.09329998493195,0.8451213988282112,0.9000837404297166
4FGL J1347.6-3751,1.29999995231628,0.934891549389524,0.9110138244462396
4FGL J1349.5-1131,0.340000003576279,0.474753259753428,0.4454783527144759
4FGL J1350.8+3033,0.711515009403229,0.989653245860713,0.910600443963089
4FGL J1351.0+0029,2.08400011062622,1.3417135663600124,1.2886747745526552
4FGL J1351.4-1529,0.284999996423721,0.400060380165943,0.42787990876427906
4FGL J1353.2+3740,0.216000005602837,0.2646409187087328,0.24593113329997807
4FGL J1353.3+1434,0.405000001192093,0.5992761692206701,0.590357717912634
4FGL J1354.3-0206,3.71600008010864,2.765651892275305,2.6531009315213576
4FGL J1354.8-1041,0.330000013113022,0.8149892484015495,0.7700513103691788
4FGL J1357.5+0127,0.218700006604195,0.4963876729592891,0.5417423904217553
4FGL J1359.1+5544,1.01400005817413,1.0020781759461537,0.9636627917503717
4FGL J1359.4+0202,1.32565402984619,1.0971026810557174,1.2135359830910315
4FGL J1359.7+4012,0.407000005245209,0.6089047776361836,0.443549638125494
4FGL J1359.8-3746,0.333999991416931,0.4020581736244039,0.42775188780418083
4FGL J1401.2-0915,0.666999995708466,0.6644657874768333,0.6513326130860011
4FGL J1402.6+1600,0.244200006127357,0.3547605552167895,0.3793479423000934
4FGL J1403.4+4319,0.493248999118805,0.5369081123702009,0.5387406719749879
4FGL J1404.8+0402,0.34400001168251,0.34754878630418456,0.374188404119997
4FGL J1408.9-0751,1.49300003051758,1.1938026595586515,1.2294840055198395
4FGL J1410.4+2820,0.522090971469879,0.41040868577116285,0.441740241506581
4FGL J1411.8+5249,0.0764899998903275,0.08180121798479723,0.07109347790096288
4FGL J1412.1+7427,0.46000000834465,0.522638911384034,0.5426039056550092
4FGL J1415.5+4830,0.496167004108429,0.49683864608944234,0.44166680423001714
4FGL J1416.1-2417,0.136000007390976,0.207711994692655,0.16475474036404902
4FGL J1417.9+2543,0.237000003457069,0.2721131341682758,0.2776801388604384
4FGL J1418.4-0233,0.356000006198883,0.496867110209397,0.37430933170330194
4FGL J1418.7-3504,1.5440000295639,1.3605842896735667,1.2899515969265245
4FGL J1418.9+7731,0.270000010728836,0.35738112303283404,0.44196935923596214
4FGL J1419.4-0838,0.902999997138977,0.8263573716960462,0.8556177663812357
4FGL J1419.5+3821,1.8309999704361,1.452116671120133,1.4115944043232815
4FGL J1419.8+5423,0.152999997138977,0.12698397178813609,0.1397001074722577
4FGL J1422.3+3223,0.681999981403351,0.79165957297024,0.7170196603171364
4FGL J1422.6+5801,0.634999990463257,0.49706678723234676,0.44160979474127515
4FGL J1423.5-7829,0.787999987602234,1.4821562957148275,1.4170929389380817
4FGL J1424.1-1750,0.0822440013289452,0.09955026992446253,0.07746326595164654
4FGL J1424.2+0433,0.66540002822876,0.5161115792604996,0.46070217808550984
4FGL J1426.4+3625,1.09099996089935,1.208379817812686,1.2245572675767473
4FGL J1427.0+2348,0.603500008583069,0.20539987157986922,0.1647609943417434
4FGL J1427.9-4206,1.52199995517731,0.6569815124601834,0.7620592829426331
4FGL J1428.5+4240,0.12899999320507,0.14746266905697347,0.1647126503634333
4FGL J1428.9+5406,3.01300001144409,2.440783318425935,2.7214007838144023
4FGL J1433.0-1801,2.33100008964539,2.0777816714721835,2.281525118766566
4FGL J1434.2+4204,1.24000000953674,0.9207257879395474,0.933800187796185
4FGL J1434.7+1950,1.38199996948242,1.272841119678267,1.4023529672113288
4FGL J1435.5+2021,0.748000025749207,0.49824089086668283,0.46549548168095667
4FGL J1436.9+2321,1.54743802547455,1.2825137698456297,1.407729652576311
4FGL J1438.9+3710,2.40100002288818,1.4880628161317009,1.5593910199042318
4FGL J1439.3+3932,0.34400001168251,0.21847635739982102,0.277469513318396
4FGL J1439.9-3953,0.300000011920929,0.2737854828371263,0.27749819568267386
4FGL J1440.9+0609,0.435000002384186,0.29699363231556586,0.33404285569972325
4FGL J1441.6-1522,2.63800001144409,1.53976410272129,1.4561807531776552
4FGL J1442.0+4348,0.672500014305115,0.5217485404580036,0.5428502363484804
4FGL J1442.7+1200,0.163000002503395,0.20585270818476104,0.16475073248999128
4FGL J1443.9-3908,0.0653999969363213,0.18559047428644598,0.16486293342436587
4FGL J1443.9+2501,0.939000010490417,0.8925337584109079,0.9398240917875091
4FGL J1446.7+1719,1.02400004863739,1.400472933847275,1.414525491965116
4FGL J1450.4+0910,2.61100006103516,1.628766814440272,1.5584167016915371
4FGL J1450.8+5201,2.47099995613098,0.6602815114280625,0.7689479643893906
4FGL J1453.5+3505,0.721000015735626,0.8959429833059106,0.8526324966321703
4FGL J1454.1+1622,1.27629995346069,1.1416998199134822,1.2170298292284527
4FGL J1454.4-3744,0.314000010490417,0.3657940046538696,0.4027990692058083
4FGL J1457.4-3539,1.42400002479553,1.1178253002131333,1.0912099899739176
4FGL J1458.6+3722,0.333000004291534,0.739230919842623,0.7686418942385198
4FGL J1459.5+1527,0.371100008487701,0.4076925907869836,0.4397064376855313
4FGL J1500.7+4752,1.05900001525879,0.7432337108139182,0.7053763422035553
4FGL J1501.0+2238,0.234999999403954,0.42003439891089905,0.3328357514719327
4FGL J1503.5+4759,0.344500005245209,0.39180913101840775,0.269123531117873
4FGL J1503.7-1540,0.379999995231628,0.26479548508272766,0.33409062508640774
4FGL J1504.4+1029,1.83899998664856,1.2469583960820243,1.2183866356299924
4FGL J1506.4+4331,0.469999998807907,0.562473632902653,0.5361741559077837
4FGL J1506.6+0813,0.375999987125397,0.3648230813615088,0.333440693392256
4FGL J1507.2+1721,0.565280020236969,0.49320282095263657,0.43955653807324047
4FGL J1508.8+2708,0.270000010728836,0.24254981191380848,0.24592728436166222
4FGL J1509.7+5556,1.67999994754791,0.4573775652913838,0.4421607708756945
4FGL J1510.8-0542,1.19099998474121,1.0822350219320662,1.0476705995220637
4FGL J1512.2+0202,0.219915002584457,0.5105535577490683,0.5353119339840735
4FGL J1512.8-0906,0.360000014305115,0.5972980432815456,0.5019273605878993
4FGL J1513.4-3231,1.15299999713898,0.8569301103468224,0.8933076255176737
4FGL J1517.7-2422,0.0480000004172325,0.19818376719612063,0.14076854589337096
4FGL J1517.7+6525,0.702000021934509,0.3649030131299862,0.3333112177966775
4FGL J1518.6+4044,0.0652280002832413,0.1334530914915435,0.07677184527028902
4FGL J1521.8+4338,2.16770005226135,1.836002293568965,2.160547201547854
4FGL J1522.1+3144,1.4889999628067,1.4945982121696515,1.5652496448571895
4FGL J1522.6-2730,1.29700005054474,1.1658606214010478,1.2766333236706258
4FGL J1523.2+0533,0.175931006669998,0.2513242347887077,0.15387884231218307
4FGL J1529.2+3812,1.06225001811981,0.4030530765809484,0.44193436970584243
4FGL J1530.9+5736,1.10000002384186,0.6313494603545078,0.6149768129921243
4FGL J1532.0+3016,0.0649999976158142,0.09013916852246823,0.07673305211956616
4FGL J1533.2+1855,0.307000011205673,0.3875495207713955,0.33316499129757937
4FGL J1533.2+3416,0.810500025749207,0.4731376460875595,0.44229060565388
4FGL J1534.8+3716,0.14300000667572,0.27918597568567416,0.2775604366456652
4FGL J1534.8+0131,1.42799997329712,1.5411211765727557,1.4242203263791682
4FGL J1539.6+2743,2.19600009918213,1.139133600229263,1.2672957036114236
4FGL J1540.7+1449,0.605000019073486,0.4680182402141553,0.49465974667384494
4FGL J1541.7+1413,0.223000004887581,0.43931513250102394,0.43766295463608396
4FGL J1543.0+6130,0.116999998688698,0.3824919797275588,0.3752124640348169
4FGL J1546.0+0819,0.349999994039536,0.42055163580542243,0.44169867763303805
4FGL J1546.5+1816,1.00499999523163,0.3256100448868542,0.3857236007800926
4FGL J1548.8-2250,0.19200000166893,0.19506803250187538,0.24581965794160876
4FGL J1549.3+6310,0.268999993801117,0.5065536898716274,0.5202271113748898
4FGL J1549.5+0236,0.414000004529953,0.535310150686871,0.4550497282773265
4FGL J1550.7+0528,1.42200005054474,1.054587114970217,1.08514005282326
4FGL J1552.0+0850,1.01499998569489,0.45147326152576595,0.5359127742566725
4FGL J1553.6+1257,1.28999996185303,1.469444885703929,1.4300697921135992
4FGL J1554.9+2143,0.387593001127243,0.4163425885290966,0.35059041441068395
4FGL J1555.7+1111,0.360000014305115,0.25341439157753215,0.24441879069714845
4FGL J1557.9-0001,1.76999998092651,1.0556008784167372,1.0142782875405194
4FGL J1558.8+5625,0.300000011920929,0.53829209302345,0.5602138343306802
4FGL J1602.2+3051,0.469999998807907,0.45760582485920626,0.541386394285817
4FGL J1603.8+1104,0.14300000667572,0.36001344980279865,0.35843101378233766
4FGL J1603.8+5009,0.620999991893768,0.531824023463801,0.5419606382713378
4FGL J1604.6+5714,0.720000028610229,0.9131206518311283,0.9124529868053184
4FGL J1606.9+5919,0.131999999284744,0.19855629832537963,0.15306975267051537
4FGL J1607.0+1550,0.495999991893768,0.8333795374974873,0.8514032921476449
4FGL J1608.3+4012,0.628143012523651,0.8659811632678797,0.8679534663929007
4FGL J1608.7+1029,1.22599995136261,1.1360094528351263,1.2290260003984312
4FGL J1610.6+2414,1.44900000095367,1.308366283791167,1.4112118108544456
4FGL J1613.6+3411,1.39900004863739,1.1935868218484829,1.2288431034343246
4FGL J1615.6+4712,0.198630005121231,0.39231479791344814,0.27701333045345966
4FGL J1616.6+4630,0.952059984207153,1.0995952750703468,1.0888039637180458
4FGL J1616.7+4107,0.266999989748001,0.43867611491982256,0.2729584957523339
4FGL J1617.9-7718,1.71000003814697,1.050755770085953,1.1026073528764533
4FGL J1618.0+5139,2.5560200214386,1.958428870923536,1.9527311061207837
4FGL J1625.7-2527,0.78600001335144,1.2369540083569,1.2637044816209988
4FGL J1626.0-2950,0.814999997615814,1.3293769415619376,1.2331782107135232
4FGL J1626.3+3514,0.497379988431931,0.4840069889656148,0.44140057947819367
4FGL J1626.6-7639,0.104999996721745,0.2053019555056398,0.16488574397726707
4FGL J1628.6+7706,0.400000005960464,0.5388722622356159,0.5563063869249736
4FGL J1635.2+3808,1.81400001049042,1.0985106351971898,1.2308950292850032
4FGL J1635.6+3628,3.64776301383972,1.0867500670879493,1.208534721296345
4FGL J1637.1+1316,0.559000015258789,0.5637225459188255,0.6217844451999481
4FGL J1637.7+4717,0.735000014305115,1.0748485011644489,1.2259365118632566
4FGL J1638.1+5721,0.750999987125397,0.8004357608374286,0.6784500697757843
4FGL J1639.2+4129,0.690559983253479,1.0664862343227233,0.9058150322771787
4FGL J1640.4+3945,1.6599999666214,1.2272287251367953,1.2589020604552252
4FGL J1640.9+1143,0.0798999965190887,0.07983185997528519,0.08240298563264914
4FGL J1642.9+3948,0.592999994754791,0.651414133816395,0.7394206293610033
4FGL J1643.0+3223,1.02799999713898,0.6016536620884181,0.5100631351970804
4FGL J1645.6+6329,2.37899994850159,1.7799608634391828,1.9060093742789115
4FGL J1647.1+6149,0.347000002861023,0.39329429604391364,0.43839920948224287
4FGL J1647.5+2911,0.131999999284744,0.1538936152228068,0.16524782842698382
4FGL J1647.5+4950,0.0489999987185001,0.14595839109724523,0.14723182984787409
4FGL J1653.8+3945,0.0329999998211861,0.059844952140626406,0.03561118317584633
4FGL J1657.0+6010,0.623000025749207,0.7780094876201314,0.7541369409510135
4FGL J1657.7+4808,1.6690000295639,1.6725748975154362,1.8970286156706386
4FGL J1659.0+2627,0.793133974075317,0.6431757290620481,0.6589587406802164
4FGL J1700.0+6830,0.300999999046326,0.45413054703871564,0.5007575116208747
4FGL J1703.6-6213,1.75499999523163,0.6878555904165651,0.668962816492968
4FGL J1704.2+1234,0.449999988079071,0.3155752414985411,0.2763002916197077
4FGL J1705.0+7134,0.349999994039536,0.3591427827316872,0.3787006188559938
4FGL J1706.8+3004,0.425000011920929,0.4393397206264767,0.37563025816329554
4FGL J1707.5+1649,0.291000008583069,0.5007745912331325,0.43336627794742455
4FGL J1709.7+4318,1.02699995040894,1.193841381588702,1.2864655112111056
4FGL J1715.8+2151,0.358000010251999,0.5565570507643107,0.5197835453336728
4FGL J1719.2+1745,0.136999994516373,0.5871367877030453,0.6550247850971722
4FGL J1722.6+6104,2.05800008773804,1.9551274220733674,2.0259271907328347
4FGL J1722.7+1014,0.73199999332428,0.7694816697906756,0.8212020829489588
4FGL J1724.1+3304,0.547999978065491,0.5236222849272542,0.4230544686018296
4FGL J1724.2+4005,1.04900002479553,1.3853764790690144,1.4295203194499253
4FGL J1724.9+7654,0.680000007152557,0.7484765033732059,0.498012438681358
4FGL J1725.0+1152,0.180000007152557,0.35736828843221696,0.27752063409769256
4FGL J1725.5+5851,0.297399997711182,0.4985175655573867,0.4394059825812351
4FGL J1727.4+4530,0.717000007629395,0.9703226233450744,0.9022635750406032
4FGL J1728.0+1216,0.583000004291534,0.9843067854355089,1.0942157224780353
4FGL J1728.3+5013,0.0549999997019768,0.15155675654331208,0.13452923186212007
4FGL J1728.4+0427,0.293000012636185,0.3255003139153808,0.2824154858115373
4FGL J1730.6+0024,1.33500003814697,0.851682155300332,0.8881853839634801
4FGL J1730.8+3715,0.203999996185303,0.37593623266633475,0.3742877687155839
4FGL J1733.0-1305,0.90200001001358,0.8277018713431334,0.8974649728888184
4FGL J1734.3+3858,0.976000010967255,1.1817383184051518,1.2298947657902763
4FGL J1738.3+3228,0.126000002026558,0.1265143867319573,0.16726169814270664
4FGL J1739.5+4955,1.54499995708466,0.8991392613760786,0.9591131430064164
4FGL J1740.0+4737,0.951900005340576,0.7224575317060864,0.6987495734883478
4FGL J1740.5+5211,1.38100004196167,0.7384276906439151,0.7145227942457237
4FGL J1741.1+7226,0.219999998807907,0.20933031148248216,0.2435385510546617
4FGL J1742.5+5944,0.400000005960464,0.4496767704229131,0.4387267682446987
4FGL J1744.0+1935,0.0839999988675117,0.0679627351060007,0.07751321471267003
4FGL J1744.2-0353,1.057000041008,0.7787873599883992,0.9468087227585149
4FGL J1748.0+3403,2.76300001144409,0.658761986998345,0.6560575944884515
4FGL J1748.6+7005,0.769999980926514,0.3481444851241729,0.4367294760028688
4FGL J1751.5+0938,0.321999996900558,0.7965154842522794,0.6695722287277857
4FGL J1753.7+2847,1.11800003051758,1.2367972801553395,1.3544981449963096
4FGL J1800.6+7828,0.680000007152557,0.32259539744712556,0.4223187965487101
4FGL J1801.5+4404,0.662999987602234,0.7991623441073857,0.7173539550066823
4FGL J1803.4-6510,1.19910001754761,0.8290453751053521,0.8924940180815577
4FGL J1806.8+6949,0.0500000007450581,0.14408070257995104,0.10104708533675111
4FGL J1807.9-6412,1.01600003242493,1.0535342522426092,1.0126047371985178
4FGL J1808.1-5013,1.60599994659424,1.2636379069985653,1.4176902222318963
4FGL J1813.5+3144,0.116999998688698,0.27408497523346914,0.27692156704503423
4FGL J1816.9-4942,1.70000004768372,1.1783961488688772,1.2773921560512962
4FGL J1818.6+0903,0.354000002145767,1.0936603512124718,1.0287550136601413
4FGL J1824.1+5651,0.662999987602234,0.6442264267329347,0.40938714130305254
4FGL J1834.2+3136,0.593999981880188,0.5462749159959699,0.5308431012471921
4FGL J1838.8+4802,0.300000011920929,0.29810184755471447,0.2770664950131001
4FGL J1842.3+6810,0.472000002861023,0.6793828554982491,0.5002087611453474
4FGL J1848.4+3217,0.797999978065491,0.8493855465095265,0.8849069808248813
4FGL J1848.5+3243,0.981000006198883,1.0087232029282793,1.0149823956087243
4FGL J1849.2+6705,0.657000005245209,0.6935667637706042,0.6597270868688874
4FGL J1852.4+4856,1.25,1.314103662225385,1.2542938444208342
4FGL J1858.3+4321,0.135600000619888,0.18120165884515066,0.1262852755238335
4FGL J1902.9-6748,0.254999995231628,0.8904888843819212,0.9113262891164247
4FGL J1911.2-2006,1.11899995803833,1.0038059654398455,1.4736137665654114
4FGL J1913.0-8009,1.75600004196167,1.4601412016215436,1.4293081322521872
4FGL J1917.7-1921,0.136999994516373,0.18576026085477632,0.16480087377969288
4FGL J1923.5-2104,0.874000012874603,0.7284512351781054,0.6993946429290159
4FGL J1924.8-2914,0.352999985218048,0.7791184329570906,0.7514424381853311
4FGL J1929.4+6146,0.21170000731945,0.34019792438533614,0.35493013823755204
4FGL J1933.2-4539,0.65200001001358,1.32984450798511,1.4293625306217113
4FGL J1934.3+6541,1.68700003623962,1.8888443819799852,1.9078285960778159
4FGL J1937.2-3958,0.964999973773956,1.2205096892928995,1.1037614242566471
4FGL J1939.5-1525,1.65699994564056,1.4153833560172835,1.419556473433433
4FGL J1951.8-0511,1.08299994468689,1.8854120739110696,1.6047664510816233
4FGL J1954.6-1122,0.683000028133392,1.1995261167383249,1.2873463644371368
4FGL J1954.9-5640,0.221000000834465,0.2706795515651889,0.2778652713871479
4FGL J1955.4+5132,1.21399998664856,1.157287317901999,1.2278671135059138
4FGL J1957.1-3231,1.24199998378754,1.3459488668595343,1.2869263813937248
4FGL J1958.0-3845,0.629999995231628,1.0019204306163962,0.8875943030889126
4FGL J1959.1-4247,2.17400002479553,1.1399411300275122,1.0916707737955065
4FGL J2000.0+6508,0.0469999983906746,0.0905432280216727,0.0774982644950144
4FGL J2000.6-1328,0.222000002861023,0.43308913008015226,0.2931884819992667
4FGL J2000.9-1748,0.65200001001358,0.8893280452028599,0.9017350679511238
4FGL J2001.7+7040,0.254000008106232,0.5918666985421097,0.6274940069243926
4FGL J2005.2-1822,0.867999970912933,0.848085321839189,0.868188331009734
4FGL J2005.5+7752,0.342000007629395,0.4122053151252773,0.42328955268083623
4FGL J2005.8+6424,1.57400000095367,1.6040556989424546,1.4901871055041616
4FGL J2005.9-2309,0.829999983310699,1.4386968732579932,1.5684240640453306
4FGL J2007.2+6607,1.32500004768372,1.2547479327550501,1.2313031643761914
4FGL J2009.4-4849,0.0710000023245811,0.11252718176058546,0.07708759187211278
4FGL J2010.0+0726,0.762000024318695,0.8082774847398808,0.8645585742214987
4FGL J2011.6-1546,1.17799997329712,0.9840908398765348,1.0939356756278635
4FGL J2014.5+0648,0.340999990701675,0.25506067896625756,0.27760020024007637
4FGL J2015.4+6556,2.84500002861023,1.7620351645022323,1.8834333581881695
4FGL J2016.3-0903,0.367000013589859,0.4744027245966324,0.44187686045501895
4FGL J2017.5-3753,0.59799998998642,1.0413097203384345,1.1279284662177673
4FGL J2022.5+7612,0.593999981880188,0.4787735015047972,0.5252792136350752
4FGL J2024.6-3252,1.4650000333786,1.093559822097307,1.051584906694886
4FGL J2025.2+0317,2.21000003814697,1.6008642514450593,1.4346414772177774
4FGL J2025.6-0735,1.38800001144409,1.2350863709619517,1.2313769472783012
4FGL J2026.0-2845,0.88400000333786,1.1689440077414135,1.2548173803375509
4FGL J2030.4-0502,0.542999982833862,0.4551589916443341,0.5284741210552248
4FGL J2032.0+1219,1.2150000333786,1.3308309788038732,1.2706050778398699
4FGL J2034.6+1154,0.60699999332428,0.4080486238224884,0.3793935158659749
4FGL J2035.4+1056,0.601000010967255,0.9313495111263457,0.9032499634355553
4FGL J2041.9-3735,0.0985549986362457,0.1024361101551376,0.1096739346587361
4FGL J2042.1+2427,0.104000002145767,0.08100491927723347,0.07674873888548439
4FGL J2050.4-2627,1.63300001621246,1.3156700253419373,1.2061703940173922
4FGL J2054.8+0015,0.150999993085861,0.24475882105479196,0.23949665886511728
4FGL J2055.4-0020,0.439999997615814,0.4820644988580151,0.4268051047003145
4FGL J2055.4-0504,0.342000007629395,0.41198331262551346,0.37776464633978213
4FGL J2056.2-4714,1.4889999628067,1.4298667326033625,1.232933720022395
4FGL J2108.5+1434,2.01699995994568,1.842346072387445,1.5538589430242595
4FGL J2108.7-0250,0.149000003933907,0.1485836422914515,0.15144301731835763
4FGL J2110.3+0808,1.58000004291534,1.3750519046596041,1.386783853453279
4FGL J2114.8+2831,2.34500002861023,1.987020917306494,2.1700328352753258
4FGL J2115.4+2932,1.51400005817413,1.6687151549159434,1.4219128512418724
4FGL J2115.9-0113,0.305000007152557,0.5130101184496709,0.46859780933683814
4FGL J2116.2+3339,0.349999994039536,0.4970326672084305,0.44126962324323604
4FGL J2117.8-3243,0.215276002883911,0.2549661887346722,0.27725490661284136
4FGL J2118.0+0019,0.462999999523163,1.1551658281959893,1.2313106518959018
4FGL J2121.0+1901,2.1800000667572,1.340425014777664,1.3875850744796683
4FGL J2123.6+0535,1.94099998474121,0.7793776962308365,0.7553813730537347
4FGL J2126.3-4605,1.66999995708466,1.1061520969154803,1.102096821752112
4FGL J2131.0-2746,0.379999995231628,0.4290025753714006,0.4421086053452783
4FGL J2131.5-0916,0.449000000953674,0.3519581988378666,0.3343568801328103
4FGL J2134.2-0154,1.28299999237061,0.8262051205141975,0.8959345334726341
4FGL J2135.3-5006,2.18099999427795,2.0384788463780152,2.158799830341259
4FGL J2141.8-3727,0.423000007867813,0.7804773413772927,0.6746121952802409
4FGL J2142.7-0437,0.34400001168251,0.3410935134547184,0.3854061364332635
4FGL J2143.5+1743,0.210999995470047,0.4549757928318357,0.434686112164655
4FGL J2144.3-7802,0.73199999332428,0.9420111758704153,0.9114538041937934
4FGL J2145.0-3356,1.36000001430511,1.1419731161628777,1.2730930009038648
4FGL J2145.5+1006,2.82631993293762,0.5098042204717401,0.5410402317228538
4FGL J2145.7+0718,0.237000003457069,0.30711677745179417,0.3336043776880564
4FGL J2146.4-1528,0.698000013828278,0.7957576898217865,0.6752205655925021
4FGL J2147.1+0931,1.11300003528595,1.57119631950349,1.4165507044583663
4FGL J2147.3-7536,1.13800001144409,0.9873926204713905,0.8993961936019577
4FGL J2148.6+0652,0.990000009536743,0.8457090872941931,0.9000150920493586
4FGL J2150.1-1410,0.229000002145767,0.27756584606944784,0.27763563982281125
4FGL J2150.7-1750,0.185499995946884,0.29010644253379003,0.2648889627817368
4FGL J2150.7-2810,0.865000009536743,0.697680562950747,0.8133274561630865
4FGL J2151.8-3027,2.34500002861023,1.9951182160873515,2.583638143686639
4FGL J2152.0-1205,0.120999999344349,0.40297075843040064,0.4422431800947244
4FGL J2152.5+1737,0.874000012874603,0.6052257575589468,0.6836951467606116
4FGL J2153.1-0041,0.340999990701675,0.4026327549323869,0.33377153921086533
4FGL J2153.8-1137,1.58200001716614,1.050665967616239,1.214796492004488
4FGL J2156.3-0036,0.495000004768372,0.9069350407225252,0.8962737983609943
4FGL J2156.9-0854,1.01699995994568,0.5513351215209019,0.5428860398798905
4FGL J2157.5+3127,1.48599994182587,1.227728638036961,1.2811702046325384
4FGL J2158.1-1501,0.671999990940094,0.671940070526716,0.6048520998006406
4FGL J2158.8-3013,0.11599999666214,0.09661183497674752,0.07790255702221272
4FGL J2159.1-2840,0.270000010728836,0.37506671383532686,0.3741811081504094
4FGL J2200.3+1029,0.172000005841255,1.0698779261976807,1.0568775406731388
4FGL J2201.5-8339,1.86500000953674,1.3488724612876848,1.4175620514616334
4FGL J2202.7+4216,0.0689999982714653,0.26483191474812773,0.16987703690652722
4FGL J2203.4+1725,1.07599997520447,0.7939017002673044,0.8845367866760827
4FGL J2204.3+0438,0.0270000007003546,0.08601672036597968,0.06237367644312908
4FGL J2206.8-0032,1.05299997329712,0.7805795967519051,0.8448635206687902
4FGL J2207.5-5346,1.2150000333786,1.047523065814027,0.906856226609009
4FGL J2211.0-0003,0.361999988555908,0.5046073515877569,0.4689217688765781
4FGL J2212.0+2356,1.125,1.1326948708930973,1.289337169388752
4FGL J2212.8+0647,1.12000000476837,1.2705391868525342,1.2222556556383322
4FGL J2212.9-2526,1.83299994468689,1.3579343952051388,1.3692225813644479
4FGL J2216.9+2421,0.504999995231628,0.494122108511123,0.5103816351087029
4FGL J2219.2+1806,1.07099997997284,1.4873811658962417,1.7268081107831397
4FGL J2220.5+2813,0.148000001907349,0.1775785243772372,0.1648076619895562
4FGL J2224.0-1127,0.115000002086163,0.5803414695139737,0.5854786415577748
4FGL J2225.5-1114,0.996999979019165,0.7177949401950363,0.8125369796353608
4FGL J2225.6+2120,1.95899999141693,1.6117375383257353,1.5620603947785088
4FGL J2225.7-0457,1.40400004386902,1.0424058795702724,1.0376388282141438
4FGL J2226.8+0051,2.26200008392334,1.4164480189745317,1.4237496771040892
4FGL J2227.9+0036,2.14499998092651,0.6582406756046233,0.762459861583145
4FGL J2228.6-1636,0.524999976158142,0.4759274837792415,0.5431968336828306
4FGL J2229.7-0832,1.55999994277954,1.1103639625536665,1.0424022585270367
4FGL J2231.0-4416,1.32599997520447,0.9396405006185807,0.9096323396178172
4FGL J2232.6+1143,1.03699994087219,1.2934522373835202,1.2707764369336267
4FGL J2235.3-4836,0.509999990463257,0.7995780646247013,0.6778720618715679
4FGL J2236.2-1706,0.647000014781952,0.5179469530390117,0.5374216715471727
4FGL J2236.3+2828,0.790000021457672,0.8142638735324781,0.8409909265835853
4FGL J2237.0-3921,0.296999990940094,0.7444584580134787,0.6571540996109224
4FGL J2241.2+4120,0.519999980926514,0.48459239460782993,0.424732697566931
4FGL J2243.4-2544,0.773999989032745,0.42298037447475184,0.5400157270271464
4FGL J2244.2+4057,1.1710000038147,0.8789134501858519,0.8896353083316293
4FGL J2244.6+2502,0.649999976158142,0.563914478268438,0.5414009015120336
4FGL J2245.9+1544,0.596499979496002,0.4971497502459928,0.44184702859395975
4FGL J2247.4-0001,0.949000000953674,0.7360253725099553,0.6577421339501892
4FGL J2248.7-3235,2.26799988746643,1.6373860949177943,1.5626554991751402
4FGL J2248.9+2106,1.27400004863739,1.2241310542788444,1.0593246947369557
4FGL J2250.0+3825,0.119000002741814,0.12021266986984691,0.13852219636752428
4FGL J2250.4-4206,0.119000002741814,0.5443359040347879,0.5484520336091525
4FGL J2250.7-2806,0.524999976158142,1.0893211647929069,1.0280553034192028
4FGL J2252.6+1245,0.496475994586945,0.3963817228955524,0.4417128588991026
4FGL J2253.9+1609,0.859000027179718,0.45546277909394034,0.4349319028304752
4FGL J2254.8-2725,0.333000004291534,0.28808994577935426,0.3329338986874062
4FGL J2255.2+2411,1.37024199962616,0.5167458715516464,0.5234374993821611
4FGL J2256.0-2740,1.75100004673004,1.2909081825506945,1.5333004142244606
4FGL J2257.5+0748,0.189999997615814,0.3137042400784489,0.21599530761389474
4FGL J2258.1-2759,0.925999999046326,0.8425992005784104,0.8952215440131857
4FGL J2258.4-5524,0.479000002145767,0.29646572021729173,0.37544417040277156
4FGL J2259.7-3549,0.753000020980835,0.7991089479356777,0.6567076271192265
4FGL J2301.0-0158,0.777999997138977,1.1971815269997435,1.2335043619122765
4FGL J2307.4-1206,0.469999998807907,0.45801883271649946,0.43948194742090996
4FGL J2307.6+1451,0.503000020980835,0.6690853496864076,0.7353218558189372
4FGL J2311.0+3425,1.81700003147125,1.082084892249425,1.0920685454571837
4FGL J2311.8+4541,1.44700002670288,1.5420053441282517,1.5554986945663551
4FGL J2314.0+1445,0.164000004529953,0.1775797276969041,0.16471150371005705
4FGL J2315.6-5018,0.810999989509583,0.7665383035768638,0.7033742438319077
4FGL J2319.1-4207,0.0545409992337227,0.06236451324539294,0.05578797013402981
4FGL J2321.9+3204,1.4889999628067,1.0585375256835572,1.1691652214179067
4FGL J2321.9+2734,1.25300002098083,0.572776643961826,0.5332221855238466
4FGL J2322.7+3436,0.0979999974370003,0.08532805033615093,0.08771329506516312
4FGL J2323.5-0317,1.39300000667572,1.2813630526571316,1.1848421326254108
4FGL J2323.6-0617,2.14400005340576,1.99656850136809,1.871816375730925
4FGL J2323.8+4210,0.0590000003576279,0.34241812052500675,0.44126071074215467
4FGL J2324.7-4041,0.173586994409561,0.23908173686957607,0.2459320353757053
4FGL J2325.4-4800,0.221000000834465,0.32253414738079655,0.3749566074150261
4FGL J2327.5+0939,1.84300005435944,1.9220628873460515,1.9086630727127574
4FGL J2328.3-4036,1.97200000286102,0.9305254311380349,0.9036568777356411
4FGL J2329.0+0832,0.948000013828278,0.9289216204090469,0.8985004590377761
4FGL J2329.2+3755,0.263999998569489,0.3520055237365824,0.4278888162906511
4FGL J2329.3-4955,0.51800000667572,1.3509521489616083,1.3918183746007817
4FGL J2329.3-4733,1.30200004577637,1.0167704781660514,0.9025419944989777
4FGL J2330.3-2948,0.297100007534027,0.31236234728620876,0.2770993260936254
4FGL J2330.5+1102,1.4889999628067,1.5411437276369147,1.56603295942038
4FGL J2330.6-3726,0.279000014066696,0.22444178632021294,0.28074427739277374
4FGL J2331.0-2147,0.563000023365021,0.9798446353449414,1.059056783901378
4FGL J2331.3-1558,1.15299999713898,1.533621132627613,1.4167632242433181
4FGL J2332.1-4118,0.671000003814697,0.5244552400303537,0.5258707115473817
4FGL J2334.2+0736,0.400999993085861,0.8062215688935082,0.7161213863906981
4FGL J2334.8+1432,0.41499999165535,0.6689940543718693,0.6181510792582543
4FGL J2335.4-0128,1.182000041008,1.3554417287102574,1.4907569749821712
4FGL J2336.6-4115,1.40600001811981,1.166791191249706,1.2202573967318204
4FGL J2338.0-0230,1.07099997997284,0.9639478211689708,1.0315983170360492
4FGL J2338.9+2124,0.291000008583069,0.43329105912042076,0.44162974972967106
4FGL J2340.8+8015,0.273999989032745,0.33959700559303796,0.4420250612226104
4FGL J2343.6+3438,0.36599999666214,0.3073732455902253,0.33462708531665175
4FGL J2345.2-1555,0.620999991893768,0.4802113318501366,0.45867902027492424
4FGL J2346.7+0705,0.170000001788139,0.2336099276846927,0.27726070564363425
4FGL J2348.0-1630,0.575999975204468,0.7903489095520772,0.7649708954876888
4FGL J2349.4+0534,0.418999999761581,0.6457613679028316,0.5011577702942949
4FGL J2350.6-3005,0.223680004477501,0.23282836576446114,0.27748218164935023
4FGL J2353.7-3037,0.736999988555908,0.6612831037167232,0.6461121774206566
4FGL J2354.1+2720,0.149471998214722,0.7254216591939857,0.768435011334178
4FGL J2354.6+4554,1.99199998378754,1.4767532158798224,1.4696782494061331
4FGL J2354.9+8151,1.34399998188019,0.9115951138511784,0.9707209662949641
4FGL J2356.2+4036,0.130999997258186,0.12332454603008158,0.11342082056177905
4FGL J2357.4-0152,0.811999976634979,0.7626472682827137,0.7471073101191266
4FGL J2357.8-5311,1.00600004196167,0.6121083791071688,0.49807900437507113
4FGL J2358.3-1021,1.63800001144409,1.546373808612554,1.568723711174596
4FGL J2358.5-1808,0.0575530007481575,0.4405208629217515,0.46908020713836485
4FGL J2359.0+3922,1.19799995422363,1.1433841786023726,1.0693987904444957
4FGL J2359.0-3038,0.165000006556511,0.2721277912386448,0.27761343344760436
4FGL J2359.3-2049,0.096000000834465,0.2647761059874109,0.2404915788183426
