Source_Name,DataRelease,RAJ2000,DEJ2000,GLON,GLAT,Signif_Avg,Flux1000,Unc_Flux1000,Energy_Flux100,Unc_Energy_Flux100,SpectrumType,PL_Index,Unc_PL_Index,Pivot_Energy,LP_Index,Unc_LP_Index,LP_beta,Unc_LP_beta,Flags,CLASS,ASSOC1,ASSOC_PROB_BAY,ASSOC_PROB_LR,Counterpart_Catalog,RA_Counterpart,DEC_Counterpart,Unc_Counterpart,VLBI_Counterpart,Redshift,SED_class,HE_EPeak,Unc_HE_EPeak,HE_nuFnuPeak,Unc_HE_nuFnuPeak,nu_syn,nuFnu_syn,Variability_Index,Frac_Variability,Unc_Frac_Variability,Highest_energy,LogFlux,LogEnergy_Flux,LogSignificance,LogVariability_Index,Lognu_syn,LognuFnu_syn,LogPivot_Energy,InvRedshift,LabelNo,AGN_Type,Gaia_G_Magnitude,W1mag,W2mag,W3mag,W4mag,S1.4,CR0,W1_W2,W2_W3,W3_W4,LogRadioFlux,LogXrayFlux,Is_New_DR3
4FGL J0001.4-0010,3,0.3717,-0.1699,96.89199,-60.49133,4.900018,1.0822458e-10,2.9144395e-11,1.2313846e-12,3.138318e-13,PowerLaw,1.9391596,0.19264403,4307.0825,1.6612232,0.6733028,0.13243835,0.3014198,0,BLL,FBQS J0001-0011,0.9916035,0.81771594,bzcat,0.3395400047302246,-0.1944199949502945,0.0045000000000000005,nan,0.461516,LSP,15475.513,18471.715,1.4949298e-07,8.294155e-08,3.6099391e+12,2.4732557e-13,9.272764,0.0,10.0,30.0562,-9.965674,-11.909606,0.6901977,0.9672092,12.5575,-12.606731,3.6341832,0.684221,0,bll,19.975194931030277,14.97700023651123,14.458999633789062,12.097000122070312,8.449999809265137,110.6,,0.518000602722168,2.36199951171875,3.647000312805176,2.0437551269686796,-1.443697517928135,True
4FGL J0006.4-5621,3,1.6103,-56.3635,315.2886,-59.672195,4.604296,8.951057e-11,2.0917573e-11,1.2930864e-12,2.865618e-13,PowerLaw,2.4835656,0.15804005,994.70245,2.4229586,0.24696884,0.17632642,0.22924806,0,BLL,PKS 0003-56,0.82544386,0.9662905,sumss,1.490208387374878,-56.47541809082031,0.0045000000000000005,nan,0.2912,LSP,299.78958,550.66626,2.0875434e-07,9.0120444e-08,2.0773043e+12,4.1813932e-13,11.135396,0.0,10.0,-inf,-10.048125,-11.888372,0.66316324,1.0467057,12.3175,-12.378679,2.9976933,0.7744733,0,bll,21.480867385864254,13.887999534606934,13.560999870300291,11.961999893188477,8.486000061035156,,,0.3269996643066424,1.5989999771118146,3.4759998321533203,2.1684974835230326,-1.443697517928135,True
4FGL J0013.0+3355,3,3.2636,33.9201,113.89489,-28.277208,6.5038724,1.5181205e-10,2.7713184e-11,1.7927968e-12,3.4264968e-13,PowerLaw,2.2591548,0.13564682,1856.102,2.1887255,0.20014702,0.09959833,0.108181156,0,FSRQ,GB6 J0012+3353,0.98568934,0.0,cgrabs,3.197425603866577,33.894020080566406,1.3e-07,RFC J0012+3353,1.682,LSP,719.6761,1232.4292,2.0280709e-07,5.6225055e-08,3.1622777e+12,4.956339e-13,59.59149,1.2553804,0.3307244,-inf,-9.818694,-11.746469,0.813172,1.7751843,12.5,-12.304839,3.268602,0.37285605,1,fsrq,20.232973098754883,15.125,13.989999771118164,11.244999885559082,8.324000358581543,81.2,,1.135000228881836,2.744999885559082,2.920999526977539,1.9095560292411753,-1.443697517928135,True
4FGL J0018.8+2611,3,4.719,26.1896,113.882996,-36.109356,5.6888976,1.0069916e-10,3.0016392e-11,2.0651857e-12,4.8812885e-13,LogParabola,2.794101,0.13187656,428.1747,2.5621738,0.25950274,0.30577433,0.21687254,0,FSRQ,4C +25.01,0.81710255,0.0,bzcat,4.915750026702881,26.047889709472656,0.0045000000000000005,nan,0.28,LSP,170.76161,170.59494,6.073832e-07,2.481107e-07,2.0892946e+13,9.415145e-12,27.890223,0.57802415,0.23811322,-inf,-9.996974,-11.68504,0.7550281,1.445452,13.32,-11.026173,2.6316211,0.78125,1,fsrq,15.697011947631836,11.473999977111816,10.513999938964844,7.770999908447266,5.098999977111816,,0.1129999980330467,0.9600000381469727,2.743000030517578,2.671999931335449,2.1684974835230326,-0.9469215640761995,True
4FGL J0028.5+2001,3,7.1262,20.017,115.61435,-42.52867,69.64748,3.375403e-09,9.257409e-11,3.131582e-11,8.673011e-13,LogParabola,2.2213824,0.016678857,645.1572,2.0915904,0.025744159,0.10807994,0.014125433,0,FSRQ,TXS 0025+197,0.99961346,0.97664165,bzcat,7.12424373626709,20.007429122924805,9.8e-08,RFC J0028+2000,1.552007,LSP,422.32614,69.2158,4.8801157e-06,1.3360761e-07,2.5703948e+12,6.5810015e-13,5813.5693,2.0663962,0.44101533,32.9426,-8.471674,-10.504236,1.8429054,3.764443,12.41,-12.181708,2.8096657,0.39184847,1,fsrq,20.03690719604492,15.267000198364258,14.13599967956543,11.392999649047852,8.732000350952148,286.5,,1.1310005187988281,2.743000030517578,2.660999298095703,2.457124626303409,-1.443697517928135,True
4FGL J0121.8+1147,3,20.4673,11.7961,134.65796,-50.38151,4.161526,8.3320566e-11,2.5923833e-11,9.310867e-13,2.8009992e-13,PowerLaw,2.0005605,0.21665849,4037.1003,1.8749702,0.3466366,0.11392455,0.21612246,0,FSRQ,PKS 0119+11,0.9942908,0.9551009,cgrabs,20.42331314086914,11.830670356750488,9.5e-08,RFC J0121+1149,0.571315,LSP,6988.502,8694.86,1.0104797e-07,4.1835804e-08,3.9810753e+12,1.7944651e-12,11.730234,0.0,10.0,20.2562,-10.079247,-12.03101,0.6192526,1.0693067,12.6,-11.746065,3.6060696,0.63640964,1,fsrq,19.521705627441406,13.496999740600586,12.42099952697754,9.342000007629396,6.861999988555908,1184.2,0.0340999998152256,1.076000213623045,3.0789995193481445,2.480000019073488,3.0734250567459815,-1.4672456233607722,True
4FGL J0125.3-5112,3,21.3296,-51.2115,290.28384,-65.07666,4.691641,8.3038215e-11,2.0491607e-11,1.484427e-12,3.529674e-13,PowerLaw,2.6466014,0.17658515,848.2324,2.5964491,0.24556206,0.08488244,0.15401848,0,FSRQ,PKS 0122-514,0.9958389,0.99102515,bzcat,21.239131927490234,-51.22115707397461,1.5e-07,RFC J0124-5113,1.104,LSP,25.273884,180.05545,4.74815e-07,1.0931078e-06,5.308849e+12,7.1749025e-13,8.366133,0.0,10.0,-inf,-10.080722,-11.828442,0.67132473,0.92252475,12.725,-12.144184,2.928515,0.47528514,1,fsrq,20.45726203918457,14.861000061035156,13.82800006866455,10.755000114440918,8.194000244140625,,,1.0329999923706055,3.072999954223633,2.560999870300293,2.1684974835230326,-1.443697517928135,True
4FGL J0127.3-0148,3,21.8421,-1.8001,143.2172,-63.247948,4.268115,1.0100371e-10,2.7188368e-11,1.1533336e-12,3.225909e-13,PowerLaw,2.193519,0.17322351,2320.4116,2.1904716,0.21244381,0.074665256,0.11449453,0,BLL,FBQS J0127-0151,0.927687,0.0,bzcat,21.796119689941406,-1.8649400472640991,0.0045000000000000005,nan,-inf,ISP,648.0682,1541.3086,1.3443186e-07,5.0910753e-08,2.2387232e+14,4.4182065e-13,9.669441,0.0,10.0,-inf,-9.995663,-11.9380455,0.6302361,0.9854014,14.35,-12.354754,3.365565,,0,bll,19.18535423278809,14.496000289916992,13.69200038909912,11.0649995803833,8.432000160217285,15.9,,0.8039999008178729,2.6270008087158185,2.6329994201660156,1.2013971243204515,-1.443697517928135,True
4FGL J0202.1+3939,3,30.5335,39.6635,137.4503,-21.206856,4.6982317,1.3992721e-10,3.5717127e-11,1.0471963e-12,3.5813155e-13,LogParabola,2.5231397,0.15290883,781.89154,2.13855,0.38844275,0.6915564,0.5218046,0,FSRQ,B3 0158+394,0.98598856,0.0,bzcat,30.506900787353516,39.722652435302734,1.2e-07,RFC J0202+3943,0.78,LSP,707.3626,267.36575,3.1002233e-07,7.776486e-08,7.2443536e+12,6.233486e-13,36.682507,0.94384855,0.27915266,-inf,-9.854097,-11.979972,0.6719344,1.564459,12.86,-12.205269,2.8931465,0.56179774,1,fsrq,18.692148208618164,14.119000434875488,13.210000038146973,10.604000091552734,8.263999938964844,93.4,0.0200999993830919,0.9090003967285156,2.6059999465942383,2.3400001525878906,1.9703468762300933,-1.696803955908854,True
4FGL J0316.6-2216,3,49.1542,-22.2736,212.64316,-56.785294,4.058286,6.58446e-11,2.1546912e-11,7.3594754e-13,2.3208123e-13,PowerLaw,1.9995288,0.21991025,4270.647,1.7879332,0.4144399,0.21407592,0.27281874,0,BLL,1RXS J031634.6-221612,0.9988949,0.91528094,bllac,49.14039993286133,-22.269699096679688,0.0045000000000000005,nan,0.228,HSP,7008.143,5437.6064,9.0638835e-08,3.8106503e-08,1.4454392e+16,9.714535e-13,5.3653035,0.0,10.0,32.419,-10.181479,-12.133153,0.60834265,0.7295943,16.16,-12.012578,3.6304936,0.81433225,0,bll,20.352672576904297,14.31999969482422,13.960000038146973,12.36400032043457,9.42199993133545,3.9,,0.35999965667724787,1.5959997177124023,2.942000389099121,0.5910646070264992,-1.443697517928135,True
4FGL J0321.7-7500,3,50.4345,-75.0041,291.29504,-38.533207,6.3120027,1.5381561e-10,2.7102e-11,2.0662907e-12,3.7993756e-13,PowerLaw,2.4166832,0.12974147,1313.8236,2.3912184,0.15472777,0.039617773,0.07773893,0,BLL,PMN J0320-7500,0.9931028,0.0,bzcat,50.217498779296875,-75.01058197021484,0.0045000000000000005,nan,-inf,HSP,9.42425,98.02459,5.412662e-07,1.1638432e-06,1e+17,1.1337727e-11,13.300089,0.30029032,0.35342976,-inf,-9.813,-11.684809,0.80016714,1.1238545,17.0,-10.945474,3.118537,,0,bll,20.640552520751957,12.583999633789062,12.305999755859377,10.060999870300291,8.20199966430664,,,0.2779998779296857,2.2449998855590856,1.8590002059936506,2.1684974835230326,-1.443697517928135,True
4FGL J0336.7-1305,3,54.1963,-13.0987,201.35628,-48.954727,4.901271,1.0944894e-10,2.7201881e-11,2.2485926e-12,4.7013316e-13,PowerLaw,2.7390304,0.15290979,633.55273,2.7077644,0.20015033,0.06658905,0.096847944,0,FSRQ,PKS 0334-131,0.99119973,0.9834244,cgrabs,54.14598083496094,-13.034627914428711,1.1e-07,RFC J0336-1302,1.303,LSP,3.1171606,25.625536,1.8940459e-06,5.8625983e-06,5.7544026e+12,2.3920596e-12,33.415012,0.9832486,0.3077515,-inf,-9.960789,-11.648089,0.6903087,1.5239416,12.76,-11.621228,2.8017828,0.43421623,1,fsrq,20.44169807434082,14.722999572753906,13.44499969482422,9.696000099182127,6.9679999351501465,377.3,0.0116999996826052,1.2779998779296857,3.7489995956420934,2.7280001640319806,2.5766868052009957,-1.9318141500352752,True
4FGL J0348.6-2749,3,57.1538,-27.8215,224.52711,-50.913956,193.12997,1.616439e-08,1.8435674e-10,1.4822212e-10,1.8479135e-12,LogParabola,2.0830617,0.0064962376,616.4116,1.977229,0.009754861,0.07419861,0.0045592096,0,FSRQ,PKS 0346-27,0.9999429,0.99999994,at20g,57.158935546875,-27.8204345703125,9.5e-08,RFC J0348-2749,0.991,LSP,718.6403,44.162518,1.901869e-05,1.992826e-07,4.7863043e+12,1.1989001e-12,19059.176,1.8233527,0.38881102,103.55,-7.7914405,-9.829087,2.2858496,4.280104,12.68,-11.921217,2.7898707,0.5022602,1,fsrq,19.00093078613281,14.1850004196167,13.052000045776367,9.822999954223633,7.421000003814697,839.6,0.0790999978780746,1.133000373840332,3.2290000915527344,2.4019999504089355,2.9240724299103626,-1.1018235281526458,True
4FGL J0352.0-3702,3,58.0082,-37.0485,239.22314,-50.86804,4.9708767,4.532912e-11,1.6019271e-11,5.6035667e-13,2.0119506e-13,LogParabola,1.6833818,0.18205333,7746.0605,1.5365771,0.4384769,0.6751048,0.41823578,0,BLL,1E 0350.0-3712,0.9987832,0.0,bllac,57.977298736572266,-37.062286376953125,2.2e-05,RFC J0351-3703,0.165,HSP,10917.941,4217.2695,1.6297207e-07,5.929234e-08,3.467376e+17,1.1326246e-12,12.6710005,0.0,10.0,-inf,-10.343623,-12.251535,0.696433,1.1028109,17.54,-11.945914,3.889081,0.8583691,0,bll,18.8631649017334,13.654000282287598,13.277999877929688,12.053999900817873,9.45699977874756,34.7,,0.37600040435791016,1.2239999771118146,2.5970001220703125,1.5403294747908738,-1.443697517928135,True
4FGL J0359.6+3213,3,59.9206,32.2286,162.9565,-15.645793,4.870836,4.253654e-10,8.6285985e-11,5.122805e-12,1.6211785e-12,LogParabola,2.606406,0.11333711,1323.062,2.931234,0.24905175,0.36108282,0.1346636,16,FSRQ,B2 0356+32,0.91088504,0.0,bzcat,59.93711853027344,32.346439361572266,0.0045000000000000005,nan,1.331,LSP,364.38184,190.06093,1.2547492e-06,4.4985055e-07,5.7544026e+12,8.1406296e-13,17.509706,0.20513923,0.29591542,-inf,-9.371238,-11.290492,0.6876035,1.2432789,12.76,-12.089342,3.1215801,0.42900047,1,fsrq,19.87800025939941,14.475000381469728,13.130999565124512,10.147000312805176,8.074000358581543,651.2,,1.3440008163452166,2.983999252319336,2.072999954223633,2.813714391881145,-1.443697517928135,True
4FGL J0401.2+8153,3,60.3224,81.8881,129.34811,21.501068,4.7038555,7.916171e-11,2.1828131e-11,9.158507e-13,2.3419501e-13,PowerLaw,1.9018623,0.16223113,5416.9585,1.6356641,0.41586083,0.30274278,0.2621774,0,BLL,WN B0352.3+8144,0.9995114,0.937561,bzcat,60.36967086791992,81.88664245605469,0.0045000000000000005,nan,0.215,HSP,9887.385,5273.4463,1.3529312e-07,4.561859e-08,7.943276e+16,1.3987754e-12,17.80154,0.49972597,0.5938883,-inf,-10.101485,-12.038176,0.672454,1.2504575,16.9,-11.854252,3.7337556,0.82304525,0,bll,19.890424728393555,13.947999954223633,13.539999961853027,11.878000259399414,8.656000137329102,12.8,,0.40799999237060547,1.6619997024536133,3.2220001220703125,1.1072099696478683,-1.443697517928135,True
4FGL J0440.3-4332,3,70.0829,-43.5448,248.4007,-41.55731,40.167065,9.911486e-10,5.0593522e-11,1.4978432e-11,8.310849e-13,LogParabola,2.6207523,0.02852056,629.6197,2.571365,0.051531974,0.24488063,0.039671607,0,FSRQ,PKS 0438-43,0.9994662,0.99999994,at20g,70.07158660888672,-43.552391052246094,1.1e-07,RFC J0440-4333,2.863,LSP,196.07484,47.43178,3.831963e-06,3.414765e-07,2.440618e+11,5.1626894e-13,1275.9585,1.3062931,0.28031424,11.5553,-9.003861,-10.824533,1.6038702,3.1058366,11.3875,-12.287124,2.7990782,0.25886616,1,fsrq,18.965288162231445,14.854999542236328,13.96500015258789,10.984000205993652,8.347999572753906,,0.0720999985933303,0.8899993896484375,2.9809999465942383,2.636000633239746,2.1684974835230326,-1.1420647437536486,True
4FGL J0441.2-2953,3,70.3216,-29.896,230.47029,-39.96078,4.7228165,9.966461e-11,2.365294e-11,1.3598724e-12,3.2524282e-13,PowerLaw,2.4318051,0.19263427,1196.3894,2.429733,0.2261047,-0.005538914,0.11512987,0,BLL,PKS 0439-299,0.99873304,0.0,bllac,70.331298828125,-29.876768112182617,3.7e-07,RFC J0441-2952,-inf,LSP,,,-inf,-inf,1.7377999e+13,4.430564e-13,15.64108,0.33872047,0.51406956,-inf,-10.001459,-11.866502,0.6742011,1.1942667,13.24,-12.353541,3.0778725,,0,bll,20.11439323425293,14.065999984741213,13.53600025177002,10.930999755859377,8.1850004196167,575.8,,0.5299997329711932,2.6050004959106428,2.7459993362426776,2.760271660542063,-1.443697517928135,True
4FGL J0554.4-2757,3,88.6104,-27.9564,233.31409,-24.032915,4.851151,5.5783447e-11,2.062863e-11,8.239725e-13,2.574369e-13,PowerLaw,1.6218294,0.18535152,11046.484,1.5024667,0.33594206,0.13758588,0.16937043,0,BLL,2MASS J05541110-2757300,0.8784657,0.0,whsp2,88.54624938964844,-27.95827865600586,0.0045000000000000005,nan,0.230523,HSP,67369.67,124212.305,1.8274572e-07,1.006511e-07,2.2387232e+17,7.789669e-13,14.941489,0.0,10.0,138.744,-10.253494,-12.084087,0.6858448,1.1743939,17.35,-12.108481,4.043224,0.8126626,0,bll,19.447851181030277,14.550999641418455,14.168999671936035,12.227999687194824,8.842000007629395,15.4,0.0050599998794496,0.3819999694824201,1.940999984741211,3.3859996795654297,1.187520720836463,-2.2958494935069154,True
4FGL J0613.6+7108,3,93.4141,71.1355,143.14255,22.598265,6.657226,1.2690789e-10,2.8500584e-11,1.4106356e-12,3.1116784e-13,PowerLaw,2.0410213,0.15304019,4636.4404,2.044361,0.15114813,-0.0028273012,0.06366945,0,BLL,MS 0607.9+7108,0.9997011,0.832614,bllac,93.43209838867188,71.12470245361328,0.0045000000000000005,nan,0.267,ISP,,,-inf,-inf,3.9810753e+14,6.8374473e-13,29.013716,0.65900177,0.317243,78.3772,-9.896511,-11.850585,0.8232933,1.4626033,14.6,-12.165106,3.6661847,0.789266,0,bll,19.36186408996582,13.28600025177002,12.996999740600586,11.251999855041504,7.889999866485596,25.2,0.0209999997168779,0.2890005111694336,1.744999885559082,3.361999988555908,1.4014005407815442,-1.677780711121241,True
4FGL J0656.0+2420,3,104.0198,24.3448,191.45079,11.793705,4.5129166,1.4815457e-10,3.4192555e-11,2.5290432e-12,5.62758e-13,PowerLaw,2.61403,0.14180104,863.6318,2.6689403,0.25901023,0.25029436,0.25053242,0,FSRQ,B2 0654+24,0.88801926,0.0,bzcat,104.27366638183594,24.398719787597656,0.0045000000000000005,nan,1.925,LSP,226.97491,281.70175,5.4220715e-07,2.2121475e-07,6.3095764e+12,3.2100958e-13,26.50355,0.6517966,0.24785443,-inf,-9.829285,-11.597044,0.65445733,1.4233041,12.8,-12.493482,2.9363286,0.34188035,1,fsrq,19.779809951782227,15.107000350952148,14.038000106811523,10.569000244140623,7.644000053405762,325.3,0.0070899999700486,1.069000244140625,3.4689998626709,2.9250001907348615,2.5122840632818537,-2.1493537666515916,True
4FGL J0733.5+3517,3,113.3761,35.2938,183.85272,23.330729,5.6926703,1.3233546e-10,2.7325869e-11,1.5131621e-12,3.2269028e-13,PowerLaw,2.1967642,0.14437056,2145.9895,2.0180278,0.28610843,0.19272955,0.1680639,0,BLL,RX J0733.4+3515,0.99599504,0.8999644,crates,113.37325286865234,35.26186752319336,5.3e-07,RFC J0733+3515,0.177,HSP,2047.9337,1572.629,1.7206904e-07,4.0969397e-08,9.549916e+15,2.9005277e-12,12.789018,0.103392705,1.28658,-inf,-9.878324,-11.820114,0.755316,1.1068372,15.98,-11.537523,3.3316276,0.84961766,0,bll,18.616886138916016,13.368000030517578,12.878999710083008,10.996000289916992,8.204999923706055,99.0,0.0603000000119209,0.4890003204345703,1.8829994201660156,2.7910003662109375,1.99563519459755,-1.2196826877739917,True
4FGL J0738.9-6736,3,114.7427,-67.6038,279.46,-20.59526,6.9501095,2.9346256e-10,3.6326366e-11,4.878855e-12,5.3247706e-13,PowerLaw,2.5948298,0.086650394,799.45526,2.6013923,0.07962041,-0.02700828,0.045386475,0,FSRQ,PKS 0738-674,0.99955225,0.99454176,bzcat,114.73539733886719,-67.59745025634766,1.2e-07,RFC J0738-6735,1.663,LSP,,,-inf,-inf,3.0199484e+12,3.3685888e-13,52.725586,0.65013474,0.17643753,-inf,-9.532447,-11.311682,0.84199166,1.7220215,12.48,-12.472552,2.9027941,0.37551633,1,fsrq,19.660276412963867,15.616000175476074,14.406000137329102,11.550999641418455,8.644000053405762,,,1.2100000381469727,2.8550004959106463,2.9069995880126935,2.1684974835230326,-1.443697517928135,True
4FGL J0749.5+1026,3,117.3871,10.449,209.98999,17.592531,4.6532326,1.1092249e-10,3.944013e-11,2.9004427e-12,6.3528805e-13,LogParabola,2.7952473,0.13014296,641.5618,2.9649787,0.26962772,0.28390756,0.18132508,16,FSRQ,TXS 0747+104,0.8779641,0.0,cgrabs,117.63700103759766,10.357444763183594,0.0045000000000000005,nan,1.285,LSP,117.26618,106.007195,9.936393e-07,4.1565212e-07,1.7782794e+13,2.9725351e-13,13.84646,0.30931628,0.2741872,-inf,-9.954981,-11.537536,0.66775477,1.1413388,13.25,-12.526873,2.8072386,0.4376368,1,fsrq,19.859983444213867,15.097999572753906,14.097999572753906,11.24899959564209,8.956000328063965,153.1,,1.0,2.8489999771118164,2.292999267578125,2.184975190698261,-1.443697517928135,True
4FGL J0751.9+3314,3,117.9826,33.2361,187.24977,26.367731,43.31975,1.2708513e-09,5.7606496e-11,1.5059736e-11,5.781418e-13,LogParabola,2.4304526,0.026487058,508.05914,2.308749,0.03955423,0.12248693,0.023877518,0,FSRQ,OI 380,0.99907005,0.978252,cgrabs,117.97364044189453,33.222171783447266,1.1e-07,RFC J0751+3313,1.935716,LSP,144.06483,52.851154,3.2502737e-06,2.621605e-07,2.2490558e+12,5.034774e-13,2179.3171,1.5918385,0.34071875,32.438,-8.8959055,-10.822183,1.636686,3.3383205,12.352,-12.29802,2.7059143,0.34063238,1,fsrq,19.114730834960938,15.8149995803833,15.032999992370604,11.418999671936035,8.314000129699707,567.0,0.0993999987840652,0.7819995880126971,3.6140003204345685,3.104999542236328,2.7535830588929064,-1.0026136209153,True
4FGL J0809.3+3121,3,122.348,31.3533,190.45013,29.394068,4.0869107,9.861515e-11,2.4862855e-11,1.1445486e-12,2.937271e-13,PowerLaw,2.2283802,0.15962653,1866.1525,2.1777108,0.26528165,0.19888003,0.18511124,0,BLL,B2 0806+31,0.9898794,0.0,rfc,122.30601501464844,31.373031616210938,3e-07,RFC J0809+3122,0.29558,LSP,1193.7502,1009.26294,1.4547122e-07,4.1947747e-08,2.2646419e+13,4.1239747e-13,13.241632,0.0,10.0,-inf,-10.006057,-11.941366,0.6113952,1.1219416,13.355,-12.384684,3.2709472,0.77185506,0,bll,19.48000907897949,14.43000030517578,13.645999908447266,11.145000457763672,8.128000259399414,196.1,,0.7840003967285138,2.5009994506835938,3.017000198364258,2.292477593667784,-1.443697517928135,True
4FGL J0835.8+1517,3,128.9613,15.2955,210.2045,29.866665,4.7065163,1.2732682e-10,2.8660773e-11,1.7387196e-12,3.8043597e-13,PowerLaw,2.4325798,0.14664902,1110.287,2.4269986,0.20483907,0.15751177,0.13980792,16,BLL,MG1 J083550+1517,0.9932034,0.0,rfc,128.95059204101562,15.288066864013672,9.2e-07,RFC J0835+1517,0.16838,ISP,286.2668,396.00977,2.8881362e-07,1.0737903e-07,1.0715187e+14,1.2084008e-12,18.782637,0.50269395,0.32741916,-inf,-9.895081,-11.75977,0.6726996,1.2737565,14.03,-11.917789,3.0454352,0.8558859,0,bll,19.219860076904297,13.08899974822998,12.383999824523926,9.810999870300291,7.842999935150146,50.4,,0.7049999237060547,2.5729999542236346,1.9679999351501456,1.7024305364455252,-1.443697517928135,True
4FGL J0837.4+2454,3,129.3682,24.9004,199.74915,33.52454,4.183852,8.977214e-11,2.6420692e-11,1.9091425e-12,4.759231e-13,PowerLaw,2.760912,0.20501481,661.97327,2.7693253,0.20209035,-0.0102022495,0.097979315,0,FSRQ,OJ 259,0.982831,0.0,cgrabs,129.41769409179688,24.906423568725586,9.6e-08,RFC J0837+2454,1.125311,LSP,,,-inf,-inf,2.6302685e+12,6.196522e-13,17.319075,0.5872149,0.28973776,-inf,-10.046859,-11.719162,0.6215763,1.2385247,12.42,-12.207852,2.8208404,0.4705194,1,fsrq,17.901796340942383,15.041999816894531,14.04599952697754,10.98900032043457,8.258999824523926,521.9,0.0320000015199184,0.9960002899169904,3.0569992065429705,2.7300004959106445,2.71758729685546,-1.494850001052214,True
4FGL J0859.2+0047,3,134.8184,0.7865,228.04553,28.5089,4.703262,8.080592e-11,3.0521075e-11,9.793233e-13,3.1960028e-13,PowerLaw,1.8262253,0.21012184,7648.517,1.7315577,0.37445775,0.06963548,0.17198059,0,BLL,RGB J0859+007,0.99816084,0.94712585,whsp2,134.83566284179688,0.7866944670677185,0.0045000000000000005,nan,0.569829,HSP,52562.01,185011.52,1.4249713e-07,8.2207855e-08,7.9432754e+17,1.2137829e-12,10.814475,0.0,10.0,61.0615,-10.092557,-12.009074,0.67239916,1.0340054,17.9,-11.915859,3.8835773,0.63701206,0,bll,19.10220718383789,14.611000061035156,14.085000038146973,12.04599952697754,8.977999687194824,38.5,,0.5260000228881836,2.039000511169432,3.0679998397827166,1.5854607295085006,-1.443697517928135,True
4FGL J0903.5+2847,3,135.8936,28.7935,196.92072,40.151268,4.096639,9.765277e-11,2.4673185e-11,1.4757797e-12,3.7593236e-13,PowerLaw,2.5213113,0.18653692,1050.5381,1.5809755,0.8564514,0.6271979,0.52574897,0,BLL,7C 0900+2905,0.8513197,0.0,bzcat,135.89279174804688,28.8997802734375,0.0045000000000000005,nan,0.52757,ISP,1467.1876,666.6215,1.8298937e-07,5.041254e-08,1.3182564e+14,5.0071546e-13,14.540881,0.33192462,0.42262048,-inf,-10.010316,-11.830978,0.6124277,1.1625907,14.12,-12.300409,3.021412,0.6546345,0,bll,19.459970474243164,14.480999946594238,13.645999908447266,10.996000289916992,8.861000061035156,78.1,,0.8350000381469727,2.6499996185302734,2.135000228881836,1.8926510338773004,-1.443697517928135,True
4FGL J1002.7+1218,3,150.6805,12.3055,225.01746,47.86406,5.5032835,1.1457641e-10,2.7889469e-11,2.331072e-12,4.50926e-13,PowerLaw,2.732779,0.15528609,609.887,2.7622209,0.12309579,-0.06740679,0.050960097,0,FSRQ,TXS 1000+125,0.99456733,0.8239229,cgrabs,150.72018432617188,12.27071762084961,1.2e-07,RFC J1002+1216,0.6038,LSP,,,-inf,-inf,1.3182564e+13,9.838367e-13,25.30123,0.56854546,0.22893512,-inf,-9.940905,-11.632444,0.74062186,1.4031416,13.12,-12.007077,2.7852495,0.6235191,1,fsrq,19.527097702026367,13.95199966430664,12.975000381469728,9.918999671936035,7.651999950408935,200.7,,0.9769992828369123,3.056000709533693,2.2669997215271005,2.3025473724874854,-1.443697517928135,True
4FGL J1010.2+8251,3,152.566,82.8641,128.39565,32.464603,4.127831,8.3373954e-11,2.0159712e-11,1.0316777e-12,2.981839e-13,PowerLaw,2.325847,0.21280316,2010.3206,1.9974303,0.38101512,0.39879945,0.36642396,16,FSRQ,S5 1003+83,0.9949323,0.93654776,cgrabs,152.56576538085938,82.83732604980469,1.1e-07,RFC J1010+8250,0.322,LSP,2016.8077,961.1305,1.15965285e-07,3.47538e-08,2.4547108e+13,5.899606e-13,7.7888002,0.0,10.0,-inf,-10.07897,-11.986456,0.6157219,0.89147055,13.39,-12.229177,3.3032653,0.7564296,1,fsrq,19.36509895324707,13.644000053405762,12.82900047302246,10.496999740600586,8.032999992370605,503.4,0.0364000014960765,0.8149995803833026,2.3320007324218732,2.4639997482299805,2.701913211212344,-1.4388985985010057,True
4FGL J1018.6+3126,3,154.6541,31.443,196.20616,56.566143,4.184266,4.542529e-11,2.0391563e-11,6.2295053e-13,2.2096359e-13,PowerLaw,1.6882191,0.23440172,11379.253,1.5873967,0.35507813,0.09623701,0.18761608,0,BLL,RX J1018.5+3128,0.9955096,0.0,bllac,154.64169311523438,31.475799560546875,0.0045000000000000005,nan,0.16138,HSP,97074.12,346391.38,1.2691045e-07,9.251453e-08,6.486348e+15,1.6475098e-12,8.191252,0.0,10.0,143.182,-10.342702,-12.205546,0.6216193,0.9133503,15.812,-11.783172,4.0561137,0.8610446,0,bll,19.57686233520508,13.647000312805176,13.416999816894531,11.68299961090088,8.88700008392334,4.4,,0.23000049591064453,1.7340002059936506,2.795999526977541,0.6434526764861874,-1.443697517928135,True
4FGL J1040.5+0947,3,160.1301,9.7947,235.97182,54.621586,4.706209,5.6966706e-11,2.1276644e-11,6.9381165e-13,2.4299844e-13,LogParabola,1.7429695,0.18788576,6418.5405,1.3572948,0.43043712,0.56234473,0.36908785,0,BLL,2MASS J10402901+0947544,0.9987689,0.0,bllac,160.1208038330078,9.798299789428711,0.0045000000000000005,nan,0.303451,HSP,11366.178,4692.015,1.851934e-07,7.0209204e-08,1.2589265e+16,7.978606e-13,7.8346596,0.0,10.0,-inf,-10.244379,-12.158758,0.6726712,0.89402014,16.1,-12.098073,3.8074362,0.76719415,0,bll,19.57892227172852,14.197999954223633,13.788000106811523,11.968999862670898,8.73799991607666,27.9,0.0891000032424926,0.4099998474121094,1.819000244140625,3.2309999465942383,1.4456042032735976,-1.0501222801584493,True
4FGL J1041.5+0607,3,160.3816,6.1257,241.23363,52.670753,4.8683105,2.854798e-10,5.993493e-11,4.956408e-12,1.1227829e-12,PowerLaw,2.6261106,0.10843125,1132.7849,2.719706,0.15894306,0.07943332,0.0668625,16,FSRQ,4C +06.41,0.9805966,0.9369652,cgrabs,160.32151794433594,6.171367645263672,9.6e-08,RFC J1041+0610,1.265,LSP,12.209092,41.870605,2.5218917e-06,2.906586e-06,5.248078e+12,2.2769527e-12,85.671265,1.0564352,0.25104132,-inf,-9.544425,-11.304833,0.6873783,1.9328352,12.72,-11.642646,3.0541475,0.44150114,1,fsrq,16.725366592407227,13.755999565124512,12.30799961090088,9.029999732971191,6.513000011444092,1405.2,0.0557000003755092,1.447999954223631,3.2779998779296893,2.5169997215270996,3.147738141119988,-1.2541448018984152,True
4FGL J1050.6+2027,3,162.664,20.4617,219.96376,61.654335,4.3506684,7.724368e-11,2.3161953e-11,2.0809298e-12,4.339295e-13,PowerLaw,2.9028704,0.15385108,403.01804,2.854066,0.20157462,0.11060945,0.131841,0,FSRQ,MG2 J105100+2027,0.96644443,0.0,cgrabs,162.75572204589844,20.455547332763672,1.4e-07,RFC J1051+2027,1.03789,LSP,8.484609,41.47996,2.01029e-06,4.3484233e-06,3.3113147e+12,7.6426327e-13,31.234278,0.7060063,0.22227693,-inf,-10.112137,-11.681743,0.638556,1.4946314,12.52,-12.116757,2.6053245,0.49070364,1,fsrq,19.071928024291992,14.85200023651123,13.753000259399414,10.133999824523926,7.675000190734863,104.9,,1.0989999771118164,3.6190004348754883,2.4589996337890625,2.020775488193558,-1.443697517928135,True
4FGL J1105.7+6037,3,166.4393,60.6216,143.71297,52.031452,4.4915576,7.414879e-11,1.7524574e-11,1.0009086e-12,2.3077436e-13,PowerLaw,2.421429,0.17227174,1150.1715,2.3091788,0.2763944,0.165405,0.2221943,256,FSRQ,7C 1101+6054,0.92378736,0.0,bzcat,166.22372436523438,60.64869689941406,1.2e-07,RFC J1104+6038,1.364966,LSP,451.71658,823.97504,1.3711384e-07,5.025551e-08,3.2734094e+12,3.3757402e-13,19.43852,0.58432823,0.3854496,-inf,-10.129896,-11.999605,0.652397,1.2886631,12.515,-12.471631,3.0607626,0.42283908,1,fsrq,19.2840633392334,15.753000259399414,14.53600025177002,11.574000358581545,8.63700008392334,150.6,,1.2170000076293945,2.961999893188475,2.937000274658205,2.177824971864682,-1.443697517928135,True
4FGL J1112.0+2607,3,168.0122,26.1284,209.82965,67.80165,4.6259155,8.818543e-11,2.3459219e-11,9.795489e-13,2.6045076e-13,PowerLaw,2.0599008,0.19200619,3171.971,2.009258,0.248794,0.070742056,0.15632716,0,BLL,2MASS J11120793+2608036,0.99578184,0.0,bzcat,168.0331268310547,26.13435935974121,0.0045000000000000005,nan,0.450096,HSP,2971.0583,5396.04,9.685027e-08,3.1907238e-08,4.466832e+15,5.974657e-13,9.699935,0.0,10.0,15.2937,-10.054604,-12.008974,0.6651977,0.98676884,15.65,-12.223687,3.5013292,0.6896095,0,bll,19.46979522705078,14.541000366210938,14.08199977874756,11.833999633789062,8.92300033569336,8.3,,0.45900058746337713,2.248000144958498,2.910999298095703,0.919078092376074,-1.443697517928135,True
4FGL J1134.7+6612,3,173.6776,66.2107,134.62022,49.139797,4.884736,7.43879e-11,1.6999072e-11,1.05469e-12,2.414601e-13,PowerLaw,2.467149,0.17094965,1123.9948,1.837797,0.636796,0.43183804,0.3833716,0,BLL,NVSS J113523+660940,0.9664421,0.0,bzcat,173.84878540039062,66.16139221191406,0.0045000000000000005,nan,0.859818,ISP,1356.2106,810.7756,1.2688929e-07,3.207062e-08,2.5118843e+14,3.6888925e-13,12.273838,0.24042426,0.42544752,-inf,-10.128498,-11.976875,0.6888411,1.0889804,14.4,-12.433104,3.0507643,0.537687,0,bll,19.688209533691406,14.562000274658203,13.779000282287598,11.406999588012695,9.234999656677246,62.4,,0.7829999923706055,2.3720006942749023,2.171999931335449,1.795184589682424,-1.443697517928135,True
4FGL J1155.2+4320,3,178.8135,43.3409,154.33673,70.199776,4.0540705,7.408543e-11,2.2064801e-11,1.3470685e-12,3.371659e-13,PowerLaw,2.6583164,0.21415718,723.51953,2.6629577,0.16821823,-0.065661184,0.08341866,0,FSRQ,NVSS J115506+431613,0.89318746,0.0,wise,178.78057861328125,43.27260208129883,0.0045000000000000005,nan,1.175617,LSP,,,-inf,-inf,2.04174e+13,3.8345463e-13,8.092324,0.0,10.0,-inf,-10.130267,-11.87061,0.6078913,0.9080733,13.31,-12.416286,2.8594503,0.45963973,1,fsrq,18.40957260131836,14.92099952697754,13.734999656677246,11.041999816894531,8.491999626159668,28.4,,1.1859998703002947,2.692999839782715,2.5500001907348633,1.4533183400470377,-1.443697517928135,True
4FGL J1203.7+5821,3,180.9378,58.3638,134.6211,57.66913,9.320817,1.5633524e-10,2.2440832e-11,2.1076114e-12,2.8365645e-13,PowerLaw,2.4201753,0.11275563,1094.6555,2.4436476,0.098923646,-0.04282867,0.04324175,0,BLL,GB6 J1203+5819,0.9907196,0.0,bllac,180.98056030273438,58.3293342590332,1.2e-06,RFC J1203+5819,-inf,LSP,,,-inf,-inf,8.7096274e+13,4.0804025e-13,44.92143,0.84292513,0.2418564,-inf,-9.8059435,-11.676209,0.969454,1.6524535,13.94,-12.389297,3.0392776,,0,bll,19.91529655456543,14.637999534606934,13.86299991607666,11.097000122070312,8.57800006866455,46.1,,0.7749996185302734,2.7659997940063477,2.5190000534057617,1.6637009253896482,-1.443697517928135,True
4FGL J1215.0+5351,3,183.7663,53.8528,134.55833,62.44675,5.1009116,6.89727e-11,2.0406104e-11,7.6870926e-13,2.187967e-13,PowerLaw,2.0160286,0.21422786,4487.8364,2.017507,0.2320429,0.0069119586,0.101233475,0,BLL,GB6 J1215+5349,0.0,0.8400547,nvss,183.77597045898438,53.83122253417969,0.0045000000000000005,nan,0.338008,ISP,1264.824,36293.594,7.045003e-08,2.8013606e-08,1.7378e+14,3.5241306e-13,14.208546,0.0,10.0,22.5628,-10.161323,-12.114238,0.7076478,1.1525496,14.24,-12.452948,3.652037,0.7473797,0,bll,19.646787643432617,14.402999877929688,13.74899959564209,11.711000442504885,8.814000129699707,54.8,0.001410000026226,0.6540002822875977,2.0379991531372053,2.8970003128051776,1.7387805584843692,-2.850780879266743,True
4FGL J1221.9+3543,3,185.4895,35.7262,157.24947,79.355675,4.249411,9.217552e-11,2.3198173e-11,1.0427755e-12,2.722778e-13,PowerLaw,2.1688437,0.19196074,2355.0786,2.1581728,0.21673778,0.03195482,0.101292215,0,BLL,SDSS J122211.42+354058.3,0.9733796,0.0,bllac,185.5478973388672,35.682498931884766,0.0045000000000000005,nan,1.789017,HSP,198.22166,1763.4069,1.1968146e-07,9.63185e-08,2.3988335e+15,6.413026e-13,10.959778,0.0,10.0,-inf,-10.035384,-11.98181,0.62832874,1.0398017,15.38,-12.192937,3.3720055,0.35854927,0,bll,19.35012435913086,15.140999794006348,14.4399995803833,11.880000114440918,8.501999855041504,6.1,,0.7010002136230469,2.559999465942383,3.378000259399414,0.785329835010767,-1.443697517928135,True
4FGL J1235.1-1405,3,188.7953,-14.0893,296.9661,48.594048,6.035251,4.993873e-11,1.8165648e-11,1.1448341e-12,3.6696996e-13,LogParabola,1.5623314,0.16531527,12155.953,1.2762429,0.39894193,0.46093273,0.27664256,0,BLL,1RXS J123511.1-140332,0.99800533,0.8754671,bllac,188.79580688476562,-14.056099891662598,0.0045000000000000005,nan,0.4,HSP,26653.477,13193.977,3.048936e-07,1.1320331e-07,3.467376e+17,1.0341059e-12,19.536228,0.22617011,1.1145005,53.1875,-10.301562,-11.941257,0.7806953,1.2908407,17.54,-11.985435,4.084789,0.71428573,0,bll,19.556262969970703,14.737000465393066,14.307000160217283,11.833999633789062,8.881999969482422,3.9,0.0997999981045723,0.430000305175783,2.473000526428221,2.9519996643066406,0.5910646070264992,-1.0008694669608633,True
4FGL J1250.2+3157,3,192.5535,31.9582,126.01197,85.16273,4.1616344,5.7434047e-11,1.9781371e-11,7.6920366e-13,2.3725683e-13,PowerLaw,1.7112075,0.19081648,7757.89,1.505395,0.3271178,0.30398232,0.2395835,0,BLL,RX J1250.2+3156,0.99645454,0.8475667,bzcat,192.56478881835938,31.933170318603516,0.0045000000000000005,nan,-inf,HSP,17500.908,13771.577,1.4663806e-07,5.781363e-08,3.7153498e+17,8.177e-13,13.978886,0.0,10.0,-inf,-10.24083,-12.113958,0.61926395,1.1454725,17.57,-12.087406,3.8897436,,0,bll,19.33749389648437,15.175000190734863,14.484000205993652,12.10200023651123,8.58899974822998,5.4,,0.6909999847412109,2.381999969482422,3.51300048828125,0.7323937598229685,-1.443697517928135,True
4FGL J1300.3+5353,3,195.0868,53.899,120.02284,63.178898,5.2260647,1.1595686e-10,2.5392629e-11,6.0511356e-13,2.4169235e-13,LogParabola,2.4931495,0.17296562,1298.6741,2.0623496,0.6038201,0.61205506,0.49067944,0,BLL,NVSS J130032+535112,0.9791022,0.0,bzcat,195.13658142089844,53.85350036621094,0.0045000000000000005,nan,0.643511,ISP,1234.1831,587.28845,1.671786e-07,4.1647887e-08,1e+14,5.824049e-13,15.133654,0.2540464,0.69604194,-inf,-9.935703,-12.2181635,0.71817476,1.1799438,14.0,-12.234775,3.1135,0.60845345,0,bll,20.181123733520508,14.343000411987305,13.34000015258789,10.435999870300291,8.12600040435791,31.7,,1.003000259399414,2.9040002822875994,2.309999465942381,1.5010592622177514,-1.443697517928135,True
4FGL J1325.3+6621,3,201.3416,66.3574,117.60519,50.41849,4.139078,6.096259e-11,1.9496406e-11,6.7716075e-13,2.1697065e-13,PowerLaw,2.0631251,0.2463892,4433.058,2.1084626,0.20655441,-0.042998474,0.07834819,0,BLL,1REX J132532+6621.0,0.997569,0.0,bllac,201.38330078125,66.3499984741211,0.0045000000000000005,nan,0.21,HSP,,,-inf,-inf,9.120089e+16,2.7938624e-13,8.403669,0.0,10.0,41.5334,-10.214936,-12.169309,0.6169036,0.92446893,16.96,-12.553795,3.6467035,0.82644624,0,bll,19.88971900939941,14.878999710083008,14.489999771118164,13.02299976348877,9.406000137329102,4.7,,0.38899993896484375,1.4670000076293945,3.616999626159668,0.6720978579357175,-1.443697517928135,True
4FGL J1326.1+2933,3,201.538,29.5529,52.5736,81.98867,6.622521,1.4448537e-10,3.0710087e-11,1.6347436e-12,3.8314274e-13,PowerLaw,2.1691866,0.17597958,3080.22,2.1752903,0.18751308,0.0024710065,0.07867936,0,BLL,TXS 1323+298,0.9982603,0.9209669,bllac,201.5625,29.558300018310547,0.0045000000000000005,nan,0.431,HSP,,,-inf,-inf,9.120089e+17,1.9691328e-12,16.177794,0.29754242,0.44741404,19.4275,-9.840177,-11.7865505,0.82102334,1.2089193,17.96,-11.705725,3.4885817,0.698812,0,bll,18.652610778808597,14.342000007629396,13.704999923706056,11.756999969482422,8.694999694824219,,0.1070000007748603,0.6370000839233398,1.9479999542236346,3.062000274658203,2.1684974835230326,-0.9706162191697665,True
4FGL J1326.2+4115,3,201.559,41.2593,98.309074,74.16316,6.311223,1.0555643e-10,2.19102e-11,1.6156435e-12,2.9580442e-13,PowerLaw,2.5315619,0.1536287,870.3863,2.5284743,0.14610615,-0.019303994,0.11394273,0,BLL,B3 1323+415,0.98832875,0.0,bzcat,201.49559020996094,41.25008010864258,3.2e-07,RFC J1325+4115,0.3096,LSP,,,-inf,-inf,5.188002e+13,8.333856e-13,3.4389088,0.0,10.0,-inf,-9.976516,-11.791655,0.8001135,0.53642064,13.715,-12.079154,2.939712,0.76359195,0,bll,18.741670608520508,14.178000450134276,13.253999710083008,10.486000061035156,8.293999671936035,146.1,0.0097700003534555,0.9240007400512678,2.7679996490478516,2.192000389099121,2.1646502159342966,-2.0101054205694795,True
4FGL J1406.5-0054,3,211.6411,-0.9007,338.77554,56.649857,4.7405133,1.1801612e-10,2.7675796e-11,1.7978259e-12,4.4265066e-13,PowerLaw,2.5277677,0.16949986,1113.0107,2.5333683,0.15405406,-0.029898843,0.0721527,4,BLL,1RXS J140636.1-005535,0.9877298,0.0,whsp2,211.6493377685547,-0.93022221326828,0.0045000000000000005,nan,0.25526,HSP,,,-inf,-inf,1.56675e+16,3.2548278e-13,6.7316732,0.0,10.0,-inf,-9.928059,-11.745253,0.67582536,0.82812303,16.195,-12.487472,3.0464993,0.7966477,0,bll,19.854570388793945,14.333999633789062,13.859999656677246,11.923999786376951,8.62600040435791,10.1,,0.4739999771118164,1.9359998703002947,3.297999382019041,1.0043213737826426,-1.443697517928135,True
4FGL J1409.7+5940,3,212.4382,59.672,105.86792,54.78536,5.7826524,8.9472825e-11,1.8301447e-11,1.0732594e-12,2.3492642e-13,PowerLaw,2.2834911,0.16885875,1795.3337,2.2221591,0.29848486,0.044174105,0.16155227,4,BLL,MS 1407.9+5954,0.98897076,0.0,bzcat,212.34786987304688,59.66128158569336,0.0045000000000000005,nan,0.496089,ISP,145.23625,1739.4438,1.3580416e-07,2.089507e-07,5.821037e+14,4.2841335e-13,14.57066,0.29970607,0.38944906,26.1547,-10.048309,-11.9692955,0.7621271,1.1634792,14.765,-12.368137,3.2541451,0.66840947,0,bll,19.44864273071289,14.42300033569336,13.93299961090088,12.020000457763672,8.779000282287598,35.7,0.0031600000802427,0.4900007247924787,1.9129991531372088,3.241000175476074,1.5526682161121932,-2.500312906353444,True
4FGL J1422.5+3223,3,215.6371,32.385,53.341194,69.5837,120.190605,4.9192743e-09,9.635626e-11,5.0197107e-11,1.0012191e-12,LogParabola,2.2072682,0.011888969,579.01245,2.1367557,0.016168771,0.052046355,0.007909285,0,FSRQ,OQ 334,0.9997607,0.9819942,crates,215.62657165527344,32.386234283447266,1.2e-07,RFC J1422+3223,0.681889,LSP,155.63867,50.67655,7.492975e-06,2.5570023e-07,3.1622777e+13,1.0074952e-12,9817.706,2.0407574,0.43529674,78.8451,-8.308099,-10.299321,2.0798705,3.99201,13.5,-11.996757,2.762688,0.59456956,1,fsrq,18.21600914001465,13.892000198364258,12.857999801635742,9.697999954223633,7.256999969482422,395.4,0.1220000013709068,1.0340003967285156,3.1599998474121094,2.440999984741211,2.5970366649776535,-0.9136401644451103,True
4FGL J1424.5+3705,3,216.1447,37.0954,65.6682,67.98504,4.5610747,4.5419876e-11,1.7910081e-11,6.9930487e-13,2.2234155e-13,PowerLaw,1.587459,0.20042254,12655.435,1.4586804,0.32817796,0.13744408,0.17426592,0,BLL,TXS 1422+373,0.97811294,0.0,whsp2,216.0883331298828,37.098026275634766,0.0045000000000000005,nan,0.289567,ISP,90678.71,196112.47,1.7624279e-07,1.1141904e-07,1.3182564e+14,2.0784089e-13,5.3397517,0.0,10.0,20.9034,-10.342754,-12.1553335,0.6590672,0.72752106,14.12,-12.682269,4.1022773,0.7754541,0,bll,19.992401123046875,13.973999977111816,13.581000328063965,12.019000053405762,9.017000198364258,78.6,0.0430000014603138,0.39299964904785156,1.5620002746582031,3.001999855041504,1.8954225460394079,-1.3665315296714318,True
4FGL J1425.8+1423,3,216.4644,14.3863,7.6007824,64.587494,4.863016,1.551038e-10,3.375441e-11,1.966857e-12,4.55664e-13,PowerLaw,2.355404,0.16097821,1545.7614,2.107129,0.49158186,0.24304043,0.30532983,0,FSRQ,TXS 1423+146,0.9936207,0.926734,cgrabs,216.45423889160156,14.41580581665039,1e-07,RFC J1425+1424,0.78,LSP,1240.0145,1548.8156,2.194725e-07,5.7409743e-08,7.943275e+13,8.3937685e-13,17.390806,0.32404593,0.41648275,-inf,-9.809378,-11.706227,0.6869057,1.2403197,13.9,-12.076043,3.1891425,0.56179774,1,fsrq,18.85758399963379,14.131999969482422,13.04300022125244,10.048999786376951,7.559000015258789,482.9,,1.0889997482299822,2.9940004348754883,2.4899997711181623,2.6838572054003462,-1.443697517928135,True
4FGL J1430.5+3647,3,217.6397,36.7963,63.918335,66.95178,5.465232,1.0966389e-10,2.2976777e-11,1.733043e-12,4.1629281e-13,PowerLaw,2.5566707,0.1701647,1190.5963,2.537414,0.20121908,0.03325064,0.10700532,0,FSRQ,TXS 1428+370,0.99058604,0.0,cgrabs,217.66909790039062,36.817745208740234,9.8e-08,RFC J1430+3649,0.567,LSP,0.36822873,9.968161,1.4059415e-06,1.0601709e-05,1.0115797e+13,5.0646564e-13,22.87361,0.52996,0.27998188,-inf,-9.959936,-11.76119,0.7376086,1.3593347,13.005,-12.29545,3.0757644,0.63816214,1,fsrq,19.884485244750977,14.079999923706056,13.130000114440918,10.968999862670898,8.713000297546387,161.5,,0.9499998092651385,2.1610002517700195,2.2559995651245117,2.2081725266671217,-1.443697517928135,True
4FGL J1431.0-4458,3,217.7661,-44.98,320.84393,14.398811,4.1958256,1.7879587e-10,3.8765022e-11,2.6823541e-12,6.5952983e-13,PowerLaw,2.5153399,0.14512756,1359.1018,2.5220451,0.22996326,0.21617521,0.22657292,16,BLL,PKS 1427-448,0.9994561,0.98743284,bllac,217.75209045410156,-45.01708221435547,8.3e-07,RFC J1431-4501,-inf,LSP,406.3119,538.5859,4.148864e-07,1.5135284e-07,2.5118842e+13,8.2258354e-13,23.321735,0.5295234,0.26312688,-inf,-9.7476425,-11.571484,0.6228174,1.3677609,13.4,-12.08482,3.133252,,0,bll,20.045467376708984,13.975000381469728,12.979999542236328,10.303000450134276,7.864999771118164,,,0.9950008392334002,2.6769990921020526,2.4380006790161115,2.1684974835230326,-1.443697517928135,True
4FGL J1438.1-2201,3,219.5402,-22.0305,333.25928,34.48017,4.8509774,1.4000147e-10,3.2974925e-11,2.44453e-12,4.9271226e-13,PowerLaw,2.630136,0.1448324,706.14185,2.534807,0.23056792,0.13797866,0.14124078,0,FSRQ,PKS 1435-218,0.99174494,0.99999917,at20g,219.53945922851562,-22.08187484741211,9.7e-08,RFC J1438-2204,1.187,LSP,101.67788,250.97177,5.622464e-07,4.3883622e-07,2.7542262e+12,1.4636492e-12,21.579609,0.49662775,0.29508248,-inf,-9.853868,-11.611805,0.6858293,1.3340436,12.44,-11.834563,2.848892,0.45724738,1,fsrq,18.341197967529297,13.680500030517578,12.827500343322754,10.302000045776365,8.005999565124512,769.7,0.0166999995708465,0.9179992675781259,2.5210001468658447,2.3809995651245135,2.8863214865594795,-1.777283540012836,True
4FGL J1507.2-1651,3,226.8071,-16.8609,343.68625,35.05012,4.173389,1.3887716e-10,3.4617437e-11,1.7419473e-12,5.269474e-13,PowerLaw,2.3425474,0.19946136,2139.575,2.3369975,0.14900282,-0.0598635,0.056224998,0,FSRQ,PKS 1504-167,0.99447185,0.99999946,at20g,226.7699432373047,-16.87507438659668,9.9e-08,RFC J1507-1652,0.876,LSP,,,-inf,-inf,4.216965e+12,1.0484145e-12,7.8602858,0.0,10.0,-inf,-9.857369,-11.758965,0.6204889,0.8954383,12.625,-11.979467,3.3303275,0.53304905,1,fsrq,20.638002395629883,14.08899974822998,13.112000465393066,9.949000358581545,7.163000106811523,2711.0,0.0110999997705221,0.9769992828369141,3.1630001068115217,2.7860002517700213,3.4331295175804857,-1.9546770301918097,True
4FGL J1516.0+2424,3,229.0096,24.408,36.392357,57.441383,5.3158793,6.179608e-11,2.180803e-11,9.0024955e-13,2.625569e-13,PowerLaw,1.6336614,0.1710256,11905.705,1.5031509,0.37557557,0.18942289,0.2019192,0,BLL,RX J1515.9+2426,0.9959066,0.0,bzcat,228.98411560058594,24.438919067382812,0.0045000000000000005,nan,0.228,HSP,44190.008,49466.75,1.9306671e-07,8.7706475e-08,3.5686156e+15,1.2407863e-12,8.486535,0.0,10.0,120.853,-10.209039,-12.045637,0.7255751,0.9287304,15.5525,-11.906303,4.075755,0.81433225,0,bll,19.5938663482666,14.14900016784668,13.720000267028809,12.642000198364258,9.392000198364258,33.9,,0.4289999008178711,1.0780000686645508,3.25,1.530199698203082,-1.443697517928135,True
4FGL J1516.4-1523,3,229.1084,-15.3853,346.91672,34.822666,4.4354386,9.7970715e-11,3.403229e-11,1.1818781e-12,3.5754226e-13,PowerLaw,1.8327116,0.179563,8119.8525,1.7473744,0.320517,0.14928919,0.1717788,0,BLL,RBS 1478,0.9991742,0.95079505,bllac,229.0771026611328,-15.39579963684082,0.0045000000000000005,nan,-inf,HSP,18923.537,20550.375,1.6887049e-07,6.723388e-08,3.5892217e+17,2.1005014e-12,14.053747,0.0,10.0,87.5502,-10.0089035,-11.927427,0.6469366,1.1477921,17.555,-11.677677,3.909548,,0,bll,19.28706741333008,15.16800022125244,14.503000259399414,11.968000411987305,8.696999549865723,6.8,0.2329999953508377,0.6649999618530256,2.5349998474121094,3.271000862121582,0.8325089127062363,-0.6326440876396701,True
4FGL J1540.1+4142,3,235.0281,41.7113,67.07804,52.73308,4.1035814,4.3636077e-11,1.9035006e-11,5.629203e-13,2.0292248e-13,PowerLaw,1.75017,0.2428735,9020.136,1.6025081,0.45412135,0.19030248,0.28373677,0,BLL,RX J1539.8+4143,0.9857765,0.0,rfc,234.964111328125,41.72371292114258,2.2e-06,RFC J1539+4143,0.12,HSP,25631.662,37587.133,9.304885e-08,4.9535817e-08,1.12201893e+15,4.0667456e-13,7.2322206,0.0,10.0,18.1137,-10.360154,-12.249553,0.61316305,0.85927165,15.05,-12.390753,3.955213,0.89285713,0,bll,18.975704193115234,12.362000465393066,12.190999984741213,10.41100025177002,8.967000007629395,23.2,,0.1710004806518537,1.7799997329711932,1.444000244140625,1.3654879848908996,-1.443697517928135,True
4FGL J1544.7+5017,3,236.1828,50.2871,80.08729,49.858734,7.9875984,1.4534428e-10,2.3775914e-11,1.7214513e-12,3.0153167e-13,PowerLaw,2.263919,0.1251956,1948.6329,2.2591321,0.13572004,0.0057783267,0.06461376,0,BLL,NVSS J154442+501711,0.99718714,0.82072145,rfc,236.17898559570312,50.286495208740234,5.7e-06,RFC J1544+5017,-inf,LSP,,,-inf,-inf,3.0199486e+13,3.1103912e-13,25.223774,0.57051986,0.3383529,16.9015,-9.837602,-11.764105,0.9024162,1.40181,13.48,-12.507185,3.28973,,0,bll,20.23250389099121,14.61400032043457,13.918999671936035,11.32800006866455,9.347000122070312,29.2,,0.6950006484985352,2.5909996032714844,1.9809999465942383,1.4653828514484182,-1.443697517928135,True
4FGL J1621.3-0030,3,245.3455,-0.5091,13.1312475,32.5401,4.977447,1.0516934e-10,3.629295e-11,1.3931157e-12,3.8815357e-13,PowerLaw,1.7222745,0.18033879,10521.871,1.4935256,0.3537199,0.27554974,0.27496013,0,BLL,NVSS J162115-003137,0.99895865,0.8675812,bllac,245.31329345703125,-0.5278000235557556,0.0045000000000000005,nan,0.413542,HSP,26376.709,23863.914,2.7712397e-07,1.0570081e-07,5.6885306e+15,6.3078595e-13,13.12312,0.0,10.0,40.2488,-9.978111,-11.856013,0.69700664,1.1180371,15.755,-12.200118,4.022093,0.7074427,0,bll,19.436681747436523,14.810999870300291,14.154000282287598,11.902999877929688,8.567000389099121,12.7,,0.6569995880126935,2.25100040435791,3.3359994888305664,1.1038037209559568,-1.443697517928135,True
4FGL J1657.7+0738,3,254.4417,7.6334,26.591648,28.708899,4.6076026,1.6122192e-10,3.7722773e-11,2.8861043e-12,6.211234e-13,PowerLaw,2.6475708,0.15162584,783.18054,2.544655,0.25985104,0.17669287,0.16799438,0,FSRQ,OS 092,0.98520094,0.0,bzcat,254.5375518798828,7.690983295440674,9.6e-08,RFC J1658+0741,0.621,LSP,167.68973,325.2305,5.6957015e-07,3.698914e-07,4.492625e+12,1.8284118e-12,25.747412,0.7832288,0.30144998,-inf,-9.792576,-11.539688,0.66347504,1.4107336,12.6525,-11.737926,2.8938618,0.6169031,1,fsrq,20.08071517944336,13.824999809265137,12.684000015258787,9.95300006866455,7.353000164031982,1412.5,0.0625,1.1409997940063494,2.7309999465942365,2.5999999046325684,3.149988456491476,-1.2041199826559248,True
4FGL J1750.2+4704,3,267.551,47.0777,73.86974,29.598787,4.88518,9.637326e-11,2.7625572e-11,1.0789733e-12,2.915281e-13,PowerLaw,1.991637,0.18998219,5153.986,1.9866359,0.19741489,0.0031927363,0.07678017,0,BLL,B3 1748+470,0.89495075,0.0,bllac,267.52081298828125,47.01219940185547,0.0045000000000000005,nan,0.172974,ISP,41790.18,2.285721e+06,9.9707826e-08,4.9502702e-08,3.3496514e+14,2.3093672e-13,10.344665,0.0,10.0,32.5921,-10.016044,-11.9669895,0.68888056,1.0147164,14.525,-12.636507,3.7121432,0.8525338,0,bll,19.47032356262207,13.579999923706056,13.260000228881836,11.730999946594238,9.508000373840332,,,0.3199996948242205,1.5290002822875977,2.2229995727539062,2.1684974835230326,-1.443697517928135,True
4FGL J1803.9+0342,3,270.9939,3.7053,30.818047,12.244352,4.2158356,1.8403214e-10,4.4025075e-11,2.1767536e-12,5.7807855e-13,PowerLaw,2.2617552,0.1535707,2529.1123,2.1676137,0.2937855,0.22980738,0.17919713,0,FSRQ,TXS 1801+036,0.999052,0.93918407,bzcat,270.9844970703125,3.6854465007781982,1.3e-07,RFC J1803+0341,1.42,LSP,1756.258,1399.1543,2.5387286e-07,6.90884e-08,7.2443536e+12,2.6974909e-12,48.66923,1.2589157,0.364252,-inf,-9.735106,-11.66219,0.62488365,1.6872544,12.86,-11.56904,3.4029682,0.41322312,1,fsrq,20.31661796569824,13.279999732971191,12.267999649047852,9.20400047302246,6.828999996185303,273.4,0.0043399999849498,1.0120000839233398,3.0639991760253924,2.3750004768371564,2.4367985102318035,-2.3625102719935303,True
4FGL J1855.4+7350,3,283.8528,73.8402,104.94332,25.700912,10.76298,2.4332908e-10,3.127455e-11,4.387443e-12,5.343647e-13,LogParabola,2.719513,0.06861299,519.0293,2.6153436,0.113376245,0.19921544,0.08168897,0,FSRQ,S5 1856+73,0.9961286,0.93665206,bzcat,283.7387390136719,73.85552978515625,1e-07,RFC J1854+7351,0.461,ISP,110.77963,88.63816,1.3117694e-06,3.958382e-07,4.4157092e+14,4.0530504e-12,146.85997,1.1294711,0.260505,-inf,-9.613806,-11.357788,1.0319326,2.1669035,14.645,-11.392218,2.7151918,0.6844627,1,fsrq,16.6395263671875,12.21500015258789,11.071000099182127,8.315999984741211,5.8979997634887695,464.0,,1.1440000534057635,2.755000114440916,2.4180002212524414,2.6665179805548807,-1.443697517928135,True
4FGL J1902.8+3201,3,285.7152,32.0189,63.044468,11.780759,9.922981,3.1087805e-10,3.8126592e-11,4.2174584e-12,5.2453967e-13,PowerLaw,2.4262836,0.08600757,1226.8955,2.3963141,0.11478302,0.108729154,0.07012942,0,FSRQ,3C 395,0.9989615,0.9916014,bzcat,285.73309326171875,31.994916915893555,9.7e-08,RFC J1902+3159,0.635,ISP,198.29562,267.78802,6.7468056e-07,2.0840207e-07,3.2359384e+14,3.3556682e-12,157.43208,1.5557113,0.3523843,-inf,-9.50741,-11.374949,0.9966422,2.1970932,14.51,-11.474221,3.0888076,0.6116208,1,fsrq,17.365140914916992,12.27400016784668,11.781999588012695,9.380999565124512,6.38700008392334,3203.8,0.034800000488758,0.4920005798339844,2.4010000228881836,2.993999481201172,3.505665397047829,-1.458420749953853,True
4FGL J1919.4-4550,3,289.8547,-45.844,351.9894,-23.743864,5.995119,1.09777624e-10,2.8605746e-11,3.5457444e-12,5.547603e-13,PowerLaw,3.005123,0.13188723,333.5767,2.9501739,0.1792882,0.11680908,0.13472143,0,FSRQ,PKS 1915-458,0.96920145,0.0,bzcat,289.8195495605469,-45.72738265991211,6.4e-07,RFC J1919-4543,2.47,HSP,5.712539,28.297068,5.1676493e-06,1.2582519e-05,4.3251351e+15,3.5000076e-13,18.064371,0.3676873,0.19214468,-inf,-9.959486,-11.450293,0.7777978,1.2568228,15.636,-12.455931,2.5231957,0.28818443,1,fsrq,18.980918884277344,15.765000343322754,14.866999626159668,11.387999534606934,7.88100004196167,,0.0337000004947185,0.8980007171630859,3.4790000915527344,3.5069994926452637,2.1684974835230326,-1.4723700927531862,True
4FGL J2109.7-4109,3,317.4435,-41.1575,0.69798976,-42.878128,4.2516665,1.1649746e-10,2.995815e-11,1.3010035e-12,3.45588e-13,PowerLaw,2.1196322,0.18099785,3113.5686,2.0155032,0.32423696,0.09302975,0.15683259,0,FSRQ,PKS 2106-413,0.99799037,0.99999976,at20g,317.3882751464844,-41.17238998413086,1e-07,RFC J2109-4110,1.058,LSP,2864.648,5266.2964,1.2976449e-07,3.763674e-08,1.8836474e+12,5.350089e-13,8.891693,0.0,10.0,-inf,-9.933683,-11.885721,0.6285592,0.94898444,12.275,-12.271639,3.4932585,0.48590863,1,fsrq,20.080909729003903,14.798999786376951,13.772000312805176,10.88700008392334,8.336000442504883,,0.0233999993652105,1.0269994735717756,2.885000228881836,2.550999641418457,2.1684974835230326,-1.6307841543712922,True
4FGL J2200.6+0232,3,330.1565,2.5362,61.84026,-39.287766,6.9114623,1.8365374e-10,3.3614465e-11,2.9376321e-12,4.5885496e-13,PowerLaw,2.5659447,0.11724322,760.4331,2.5815985,0.16758633,0.12927254,0.14915377,0,FSRQ,MG1 J220046+0234,0.98636234,0.0,cgrabs,330.20587158203125,2.575023889541626,8.2e-07,RFC J2200+0234,1.323,LSP,80.1887,199.3179,7.4972706e-07,4.8550106e-07,1.2161862e+13,4.518986e-13,29.703196,0.6404509,0.22578612,-inf,-9.736,-11.532002,0.8395699,1.4728031,13.085,-12.344959,2.881061,0.43047783,1,fsrq,19.85015869140625,15.093000411987305,13.951000213623049,10.803999900817873,8.32699966430664,86.7,,1.142000198364256,3.147000312805176,2.4770002365112322,1.9380190974762104,-1.443697517928135,True
4FGL J2246.5-1204,3,341.6311,-12.0807,53.9721,-57.099377,7.209391,2.2322154e-10,3.8760356e-11,4.9294926e-12,8.3613547e-13,PowerLaw,2.7844036,0.114340656,753.6838,2.6959684,0.21676777,0.1667424,0.17762862,16,FSRQ,PKS 2243-123,0.9920847,0.9999999,at20g,341.5759582519531,-12.114243507385254,9.5e-08,RFC J2246-1206,0.632,LSP,93.505104,250.14287,1.2152257e-06,1.2553248e-06,3.5318344e+12,2.4410855e-12,50.028404,1.0447882,0.27598888,-inf,-9.651264,-11.307198,0.8578986,1.6992166,12.548,-11.612417,2.8771892,0.6127451,1,fsrq,16.868350982666016,13.14799976348877,11.961000442504885,9.30799961090088,7.086999893188477,1881.8,0.0740000009536743,1.186999320983885,2.653000831604004,2.220999717712404,3.2745734641964708,-1.1307682746720578,True
4FGL J2248.9+2107,3,342.2469,21.1214,88.261475,-33.379482,52.971603,2.2152982e-09,8.043385e-11,1.9980437e-11,8.972311e-13,LogParabola,2.2045329,0.024800533,893.4218,2.0813017,0.039127503,0.09496091,0.02054631,0,FSRQ,PKS 2246+208,0.9998709,0.9929008,cgrabs,342.2523498535156,21.117454528808594,1.1e-07,RFC J2249+2107,1.274,LSP,582.2961,164.80054,2.830031e-06,1.1164464e-07,2.290866e+12,6.1352323e-13,2321.2166,1.9168322,0.40978673,34.6207,-8.654568,-10.699395,1.7240431,3.3657157,12.36,-12.212169,2.9510565,0.4397537,1,fsrq,19.92385482788086,15.050000190734863,14.083000183105469,11.034000396728516,8.142000198364258,773.4,,0.9670000076293945,3.048999786376953,2.892000198364258,2.8884041677370464,-1.443697517928135,True
4FGL J2255.8-6543,3,343.9736,-65.7304,319.9868,-47.39043,5.1390886,7.0323074e-11,2.1758357e-11,1.9579958e-12,3.5498912e-13,PowerLaw,2.9218042,0.17054279,377.66043,2.9220033,0.17895852,-0.005147835,0.09207102,0,FSRQ,PMN J2256-6533,0.98307663,0.0,bzcat,344.1036376953125,-65.55712127685547,7.8e-07,RFC J2256-6533,0.2477,LSP,,,-inf,-inf,2.304094e+13,4.552637e-12,8.142016,0.0,10.0,-inf,-10.152903,-11.708188,0.7108861,0.910732,13.3625,-11.341737,2.5771015,0.80147475,1,fsrq,16.814571380615234,12.503000259399414,11.380000114440918,8.246999740600586,5.559000015258789,,0.0436999984085559,1.123000144958496,3.133000373840332,2.687999725341797,2.1684974835230326,-1.3595185788454913,True
4FGL J2343.9+1539,3,355.983,15.6645,99.99171,-44.179626,5.929029,1.3214897e-10,2.7532908e-11,2.2319388e-12,4.0381156e-13,PowerLaw,2.6063473,0.13157395,745.14514,2.5942132,0.16035911,0.075115785,0.0992691,0,FSRQ,MG1 J234342+1542,0.9878326,0.0,cgrabs,355.9281311035156,15.717494010925293,1.4e-07,RFC J2343+1543,1.444784,ISP,14.271494,76.11272,9.12863e-07,1.4493202e-06,1.0715187e+14,6.45623e-13,16.794779,0.05131929,1.5208514,-inf,-9.878936,-11.651318,0.77298355,1.2251743,14.03,-12.190021,2.8722408,0.40903407,1,fsrq,19.74224090576172,14.795000076293944,13.730999946594238,11.413999557495115,8.458999633789062,148.4,,1.0640001296997053,2.317000389099123,2.954999923706053,2.171433900943008,-1.443697517928135,True
4FGL J2348.6-0426,3,357.1508,-4.4394,86.726654,-62.807034,4.290513,1.0195109e-10,2.8359152e-11,1.7828059e-12,4.0177575e-13,PowerLaw,2.631191,0.17604962,669.201,2.6157923,0.19433588,0.02488941,0.12632766,0,FSRQ,PMN J2348-0425,0.9871327,0.9779004,cgrabs,357.0489807128906,-4.432328224182129,1.3e-07,RFC J2348-0425,1.106,LSP,,,-inf,-inf,3.5481356e+12,7.6466286e-13,26.448143,0.76176465,0.33848986,-inf,-9.991608,-11.748896,0.63250923,1.4223952,12.55,-12.11653,2.8255565,0.47483382,1,fsrq,18.882753372192383,14.79800033569336,13.536999702453612,10.501999855041504,8.015000343322754,162.2,,1.2610006332397479,3.0349998474121076,2.48699951171875,2.2100508498751372,-1.443697517928135,True
4FGL J2350.4-0559,3,357.6025,-5.9923,85.716515,-64.36011,4.93272,6.3579586e-11,3.3103287e-11,7.24225e-13,2.7641761e-13,LogParabola,1.7960865,0.18232155,6209.341,1.4271462,0.6350315,0.5225745,0.46913168,0,BLL,RBS 2051,0.997646,0.9333835,bllac,357.5745849609375,-5.991099834442139,0.0045000000000000005,nan,0.515,LSP,10742.009,4888.253,1.8648747e-07,7.550222e-08,3.0902938e+13,2.672674e-13,8.309386,0.0,10.0,-inf,-10.196682,-12.140126,0.6930865,0.91956896,13.49,-12.573054,3.7930455,0.660066,0,bll,19.97610092163086,14.779999732971191,14.529000282287598,11.732999801635742,8.37600040435791,24.5,0.101000003516674,0.25099945068359375,2.7960004806518555,3.356999397277832,1.3891660843645324,-0.9956786110958517,True
