Source_Name,RAJ2000,DEJ2000,P_FSRQ,OOD_Score,Epistemic_Uncertainty_z,Active_Learning_Score
4FGL J0756.6-7723,119.1718,-77.3895,0.49430812653511946,0.9285460447742352,0.8712643558331868,2.5600543079137186
4FGL J0848.7-6942,132.1811,-69.7133,0.49810111407429275,0.8357154637434167,0.4584339322079091,0.637907619064539
4FGL J0158.5-5005,29.6263,-50.088,0.9357841843778978,0.5149187480079226,0.444616125588256,0.3697046936276242
4FGL J1437.3-3239,219.3259,-32.6569,0.9727847176132474,0.5016700281064055,0.42662811473246415,0.33163697038238865
4FGL J0517.9-6930,79.4848,-69.5093,0.40103659569525174,0.6859942241756992,0.3316586486544954,0.2740620820287378
4FGL J1840.5+3707,280.1475,37.1172,0.9665264124550426,0.44719285631739786,0.40413308447984314,0.2652708373299491
4FGL J1523.2+2818,230.8247,28.3127,0.935817640852489,0.29225882745322657,0.31266510212852905,0.10377011509570674
4FGL J1633.5+2806,248.3896,28.106,0.9455394174435428,0.24051570853043225,0.30948748985614577,0.08367110090666002
4FGL J0446.3-1729,71.5979,-17.4886,0.6357920032551835,0.34080503749626595,0.25432905650042625,0.08006520236201078
4FGL J2252.0+8149,343.0064,81.8194,0.8557665078632101,0.3134273755637277,0.2638373837460687,0.07924200025568628
4FGL J1608.0-1625,242.0209,-16.4185,0.9933361190773811,0.549469431472353,0.17913418682349894,0.06403926362990002
4FGL J0824.7-1035,126.1901,-10.5985,0.9547680264331289,0.19285481021601647,0.28835812178407105,0.05824259163061041
4FGL J1143.7-1014,175.9465,-10.2402,0.5826336500374202,0.5187352048146067,0.1673629342539159,0.0527727985874988
4FGL J1510.4-3017,227.6063,-30.2936,0.9627708139141969,0.20187166021147782,0.25222085259643445,0.04664264533298217
4FGL J1326.1-6800,201.5352,-68.0014,0.5819307227463295,0.6498214174637568,0.1402553657099828,0.04642787760441049
4FGL J0937.0-2044,144.2608,-20.7357,0.7442542216601887,0.5680065256011609,0.14072650262861883,0.0408555399206075
4FGL J0009.8-6358,2.4743,-63.9696,0.9633878637549951,0.3574900373322323,0.1765555909831242,0.04047368365601035
4FGL J0750.0+8238,117.5109,82.6382,0.9615818670036784,0.2455998984789244,0.20711866160878598,0.038265948694750924
4FGL J0215.9+0521,33.986,5.3519,0.9318693822697909,0.2455799774229631,0.19847883338660863,0.035137203356350795
4FGL J0820.7-5758,125.182,-57.9806,0.9920136243029719,0.4876891615329734,0.1405319870882614,0.034981571685264425
4FGL J2359.7-5041,359.9365,-50.6853,0.9604814560551188,0.47862809022515335,0.14080513112458123,0.03446521451393354
4FGL J1559.8-0425,239.9645,-4.4309,0.8571081054118046,0.46235429683295554,0.13068169166668173,0.02867809066391384
4FGL J1327.0+3154,201.7683,31.9013,0.6656168567088313,0.39425818703639415,0.13505672982403652,0.026119148822520123
4FGL J1951.2-0951,297.8161,-9.8568,0.7010962325964281,0.7027831068169613,0.09711119240158426,0.024071642613198017
4FGL J0909.1+6647,137.2797,66.7864,0.5464068319824678,0.40444857120426486,0.1267131310350855,0.023585896584500606
4FGL J0822.9+0538,125.7327,5.6428,0.6969029848045356,0.3982497755636581,0.12703340985586184,0.02334195840935998
4FGL J1635.3+0911,248.8298,9.1844,0.6181346865788789,0.2567590184698265,0.15353157882953866,0.021981988615438274
4FGL J1525.7-4334,231.4281,-43.5747,0.5501503693024533,0.8622649282109819,0.0816785262425321,0.020893074256987592
4FGL J0524.1-5659,81.0328,-56.9863,0.9318840448095085,0.25023916460994594,0.14854613570028263,0.020055054123827198
4FGL J1047.9-4642,161.991,-46.715,0.7760325254109409,0.3397833684551626,0.12346537227797313,0.01881214414394396
4FGL J2322.4-2906,350.6197,-29.1077,0.9149654260991955,0.18270076613033479,0.16543933287963292,0.01816200323435797
4FGL J0024.5-0810,6.1376,-8.1809,0.981264574588755,0.2744053679671499,0.12575977222411244,0.015762384850236292
4FGL J2139.1+3724,324.7882,37.4131,0.8560153244327107,0.616141305379739,0.08312859834941923,0.01546418654107673
4FGL J2042.1+4209,310.546,42.1578,0.4098362295950529,1.0,0.06267326720252114,0.01426627234811784
4FGL J1931.5+5229,292.894,52.4838,0.8743766385204242,0.16797700111614589,0.14860871984203353,0.01347361859949132
4FGL J1145.7-1528,176.4459,-15.4828,0.9467086887012768,0.2976610818531054,0.1116196586955412,0.013469431815770434
4FGL J2059.1-4103,314.7811,-41.0644,0.6544259891230725,0.42187980217088134,0.09325745987303243,0.01332605918150043
4FGL J2024.8+2734,306.2059,27.5705,0.8366376101183167,0.3025291737410177,0.10962687400006574,0.01320526624639314
4FGL J0458.6+5509,74.6735,55.1651,0.9575082547967615,0.14298273883797916,0.1514500188510777,0.011911545528088215
4FGL J1158.9+0956,179.7309,9.9487,0.9230556064546871,0.3609096594154851,0.09445523083319238,0.011694896239199337
4FGL J1204.4+3750,181.1076,37.8406,0.9442413476914804,0.22333733481044707,0.11921756584750022,0.011528894621678066
4FGL J0154.5-6604,28.6461,-66.0793,0.8921957661848074,0.29818521427455863,0.10271729579127627,0.011426654585428547
4FGL J1028.7-6431,157.182,-64.5306,0.9685645629555277,0.5515692906711217,0.07348654173253019,0.010818362712589133
4FGL J1050.6-5248,162.6699,-52.8102,0.832200572017454,0.2892980066366971,0.09972541993649729,0.010449680898231258
4FGL J0138.6+2923,24.6637,29.3855,0.994893282574674,0.13847600649478298,0.1403853716910516,0.009912063661221136
4FGL J1950.6-5547,297.6608,-55.793,0.6500710238536734,0.37198127625424443,0.08398734287016867,0.009530037359683744
4FGL J1733.4+1521,263.3507,15.3547,0.9671786173618024,0.17933402913604615,0.12047638486705951,0.009453930389191513
4FGL J2351.7-3416,357.928,-34.2676,0.5161043378401425,0.4012549577596422,0.07873763125313435,0.009035057939121759
4FGL J0325.2+4705,51.3103,47.0882,0.9297583653584831,0.5511872987795415,0.06483785313971581,0.008415933478145761
4FGL J0434.3-2517,68.5914,-25.2865,0.9683971434067951,0.1710489864744871,0.11590132291536583,0.008345322631249636
4FGL J2307.5+8629,346.8949,86.4961,0.9596456220391381,0.21197078016321994,0.10388448937357345,0.008308512104907684
4FGL J0459.7-4529,74.9281,-45.4994,0.9381224579840565,0.20804665713032022,0.10452363515528494,0.008255351936383559
4FGL J2211.9+0821,332.9864,8.3509,0.886122901572327,0.1638147707587361,0.11633160720844625,0.008051825509187746
4FGL J2158.5-7550,329.6348,-75.8359,0.9273795290007941,0.2752447761286365,0.08889918571040939,0.00790060757927664
4FGL J2358.4+6547,359.6119,65.7837,0.3677481297533643,0.3543247059269022,0.07753016524912211,0.00773550541483597
4FGL J0532.7+5749,83.1939,57.8238,0.7670295384627479,0.3327190067743404,0.07968329359683739,0.007672872900011589
4FGL J1554.0-0243,238.5185,-2.7314,0.8607505726708404,0.31106314919295247,0.08092693473532461,0.007399128780974213
4FGL J0935.4-6911,143.854,-69.1845,0.4538859360970292,0.4950259838318618,0.06411926696203496,0.007391812341697795
4FGL J0603.0-2936,90.7622,-29.6108,0.9373951360198906,0.13564034097896627,0.12212667306115896,0.0073477735838784345
4FGL J1543.3+1026,235.8495,10.443,0.9789917254373546,0.1958344465694668,0.09866977299516262,0.006924735394464643
4FGL J0133.7-5527,23.445,-55.4502,0.7940533049101651,0.3297537965308831,0.0756905185169892,0.006861492689794334
4FGL J0250.3-3422,42.5813,-34.3746,0.7712174104616876,0.21918572385003213,0.09170983791242858,0.006695607013065096
4FGL J0524.5-2614,81.1471,-26.2389,0.12226933993522808,0.28469152852917684,0.07967728023226553,0.006564314592046254
4FGL J0627.0+2623,96.752,26.3959,0.42048571274281427,0.5434120419440507,0.0572080134809457,0.00645935022698526
4FGL J0036.8+1431,9.2162,14.53,0.7732438664731696,0.20809521832074163,0.09165073902475737,0.006348628045471584
4FGL J1546.4-2903,236.6231,-29.0558,0.30342690683239437,0.23696886504710582,0.08567391722121746,0.006317341829651188
4FGL J0416.4-2059,64.1224,-20.9869,0.9702785693256666,0.18612700521622746,0.0955610908356336,0.006173300626048486
4FGL J0953.1-3005,148.2779,-30.0979,0.9849482600403894,0.268860226366536,0.07733749389069151,0.005840534440710916
4FGL J1053.3-1134,163.3303,-11.5726,0.9228825490712976,0.19801889144309395,0.08837401616658129,0.00561696410767932
4FGL J2331.2-3839,352.8239,-38.6649,0.082562179230597,0.42078508089314187,0.06056523954125681,0.005605999460806097
4FGL J2113.9+1120,318.4977,11.3378,0.9813422608415173,0.15246256437755465,0.10046913496956333,0.00558951834848943
4FGL J0143.3-0119,25.8474,-1.3274,0.8597967863566656,0.29415662154705546,0.07151433329576475,0.005463999578813353
4FGL J0332.2-1737,53.052,-17.6272,0.8945601619237509,0.5234401133219407,0.05314039360889065,0.0053686164149381885
4FGL J1556.6+1417,239.1532,14.2857,0.7379602466019711,0.3963918698981613,0.061013525267471884,0.0053594819846701025
4FGL J0136.8+2032,24.2019,20.5381,0.8079345350572588,0.21214467091681286,0.08299427930634633,0.005307307887386075
4FGL J0225.5-5618,36.3842,-56.3049,0.3780263891419417,0.4197092960804083,0.05813177763506656,0.0051513568468515075
4FGL J0535.7-6604,83.9471,-66.0792,0.4623293560762939,0.6575021024180304,0.04618491728201114,0.005093816853188061
4FGL J1648.1-2920,252.0402,-29.3402,0.9801055676860364,0.2370835783561327,0.0766041629424105,0.005053032088056438
4FGL J1346.3+7227,206.5988,72.4612,0.8539334194035344,0.25129237481354677,0.07440345201436208,0.005052558160755094
4FGL J0852.9-3824,133.2476,-38.4025,0.8297626804128992,0.5337391045942279,0.05066339566242232,0.004975806140477494
4FGL J2021.4-2048,305.3693,-20.8019,0.7612287330600263,0.5153096950643525,0.05108473105601046,0.004884233025477552
4FGL J2334.0-2528,353.515,-25.4767,0.2604785985507543,0.5426725363630437,0.04814752685433975,0.004569110395494249
4FGL J0744.1-6211,116.0302,-62.1954,0.30142080282699907,0.6797283186957673,0.042784938178204814,0.004519215187287701
4FGL J0218.7+2640,34.6851,26.6812,0.49738107882768856,0.5983079522771982,0.04523155832899858,0.00444583884281576
4FGL J1747.6-4211,266.9087,-42.1929,0.823292437148484,0.23280243559521915,0.07147626537238803,0.004319734596059836
4FGL J0539.7-1030,84.9266,-10.5109,0.4360560358643164,0.36218097245982345,0.05700640199326848,0.004274828856415602
4FGL J1116.3-4000,169.0942,-40.0046,0.8033649080533061,0.22030930573456,0.07238198388745512,0.004192177342320744
4FGL J0209.7+6437,32.4275,64.6314,0.8416557549671082,0.6595199761538083,0.04143389646672293,0.004112305279241337
4FGL J2040.0+1237,310.0205,12.6179,0.011450252198572767,0.27462506596139996,0.06392121233743037,0.004075454234965728
4FGL J0636.7+7139,99.1828,71.6615,0.8901259413437704,0.14444034333848088,0.08748977711398499,0.0040155863770514975
4FGL J0440.2+4246,70.0696,42.7667,0.5786406784061113,0.6100871820895134,0.04226114357369584,0.00395749367954113
4FGL J1310.1-0450,197.5428,-4.8433,0.8254862927538683,0.16414699376027928,0.08104666367400452,0.003916057467626602
4FGL J0840.9-7044,130.2395,-70.7487,0.8726864393473094,0.26846224241462746,0.0631043598794638,0.0038828247089328174
4FGL J0922.6-2116,140.6748,-21.2789,0.8737216440926007,0.20455472298739993,0.07184313205945392,0.0038346511966050423
4FGL J0254.5-7511,43.6356,-75.1938,0.9635123829346416,0.23950676151448982,0.06544140332736992,0.0037253649646820466
4FGL J0521.8+5658,80.4529,56.9669,0.8974332385111193,0.23318956270856217,0.06630951115174005,0.0037239736579604593
4FGL J2003.6+2333,300.9025,23.5634,0.8079225226228077,0.5707705113240679,0.04180235062892051,0.003622503173317038
4FGL J0626.8-2603,96.7166,-26.0581,0.9368385941693469,0.1809907921686977,0.07418310307840308,0.0036175314256414555
4FGL J0426.5+2007,66.6405,20.1326,0.7471689928094232,0.6223214230145429,0.03854813410081074,0.003358669834039294
4FGL J0001.8-2153,0.4647,-21.8865,0.6319986023489573,0.22942772841857803,0.06281625719530655,0.0032880306497413987
4FGL J1132.8-5328,173.2227,-53.4682,0.7685924856215328,0.4727042088633775,0.04376155242515563,0.0032879162687839045
4FGL J1901.0-1739,285.2623,-17.6506,0.832912462614668,0.09167878168079686,0.09716354118108242,0.003143557019631335
4FGL J2247.1+4658,341.7781,46.9755,0.28987683949875975,0.294086502756648,0.054105306657592285,0.003126803996674305
4FGL J2112.9-4818,318.2342,-48.3068,0.8128864938786404,0.1931031290361461,0.0647212420751433,0.002937844721178696
4FGL J2127.5-5744,321.8986,-57.7406,0.08172617938508488,0.5594091434958393,0.037954169545381285,0.0029268090352359147
4FGL J2321.0+2836,350.258,28.6031,0.6749390452280285,0.17573125435535597,0.06640495235035755,0.0028144645813875636
4FGL J0128.2-1722,22.0504,-17.3752,0.9686075608136626,0.056572931157473506,0.11612697227378209,0.002770899197567416
4FGL J0240.6+3528,40.1581,35.476,0.41229109653212137,0.5833145230866383,0.035836090780645605,0.002720757815874435
4FGL J0003.5+0717,0.8796,7.295,0.19474612432676688,0.2376706385773396,0.055694523750628375,0.002677604086135607
4FGL J1705.3-6946,256.3427,-69.7753,0.9122053516127642,0.215695201910759,0.058143025399250946,0.0026483877857090546
4FGL J1949.9-6134,297.4908,-61.5678,0.5491924776029067,0.20162187917515642,0.05775637106779664,0.002442774028399438
4FGL J2119.5-4541,319.8817,-45.6947,0.4856224915860835,0.20787161498738124,0.05646642735758282,0.002407252527842425
4FGL J0921.2-8211,140.3211,-82.1859,0.4240045820983148,0.42792778952784555,0.03934741472129179,0.0024062942639780766
4FGL J2352.1-4301,358.0493,-43.0168,0.9019245199618087,0.26450338653615857,0.049438326545383424,0.0023480351834789938
4FGL J0520.4+3607,80.1028,36.1198,0.9813249505278069,0.2059705198297469,0.05567510597733288,0.0023188518872078612
4FGL J0620.0+5733,95.018,57.5595,0.3294420573494692,0.496949506908907,0.03564159002965289,0.0022928320543243574
4FGL J1737.6-1503,264.4203,-15.0589,0.8722455751057222,0.5550132688749897,0.03293732373559871,0.0021868843808199694
4FGL J1840.3-3037,280.0891,-30.6171,0.7559402867668278,0.25973129045235893,0.047619356389962335,0.0021391298879936717
4FGL J0412.7-3927,63.1872,-39.4623,0.5074775436598075,0.3746237788588003,0.038708530857910615,0.0020387057932714616
4FGL J0851.9+4845,132.9934,48.7566,0.9528850412433487,0.19657036091823207,0.05288038295088052,0.0019964252686224433
4FGL J2336.2-3136,354.0502,-31.6081,0.6740775997883502,0.5254088560411171,0.03230874388883271,0.0019919726719024853
4FGL J1901.0+6208,285.2614,62.1436,0.24883345860580847,0.24582841346821013,0.047123363650806646,0.0019826702202625597
4FGL J0841.0-2744,130.263,-27.7468,0.9479069671831045,0.3653303274524618,0.03798330913902507,0.0019143315734759972
4FGL J0952.3-4342,148.0918,-43.7103,0.7896519572851124,0.21943531598925428,0.04847615834100518,0.0018728748379293384
4FGL J1950.0-7321,297.5093,-73.3641,0.5089620910002141,0.2988918227467359,0.040554256999459797,0.0017853886577270898
4FGL J2335.9-5811,353.981,-58.1865,0.34586021956230645,0.5897908082129124,0.028656773532650042,0.0017591319758371638
4FGL J1611.3-0930,242.8388,-9.5078,0.3700491960271856,0.2888035072918073,0.04011018139737013,0.0016875535196675196
4FGL J0543.2+8238,85.8059,82.6344,0.9924796603708154,0.14257165451842055,0.05702980702749481,0.0016841580035424663
4FGL J0809.9-7028,122.4803,-70.467,0.34595915934540034,0.4798786363807204,0.029903689247219138,0.0015585717418498068
4FGL J0203.9+5411,30.9799,54.1873,0.9108437243710794,0.14127552897145787,0.054834458966872994,0.0015428365098612395
4FGL J1943.6-0533,295.9249,-5.5665,0.29315851935504983,0.2589912986749305,0.03986026668074777,0.0014945533183047296
4FGL J0928.3+7444,142.0867,74.7477,0.2849711903420136,0.4851936598400068,0.029001343983101627,0.0014821672265974773
4FGL J1949.2+7250,297.3178,72.8435,0.9751520486119557,0.1428147166495633,0.052904617098285596,0.0014517971963799153
4FGL J0147.6-6028,26.9157,-60.4752,0.27057911953111613,0.40882288273902084,0.030140188166852364,0.0013488788798160277
4FGL J2108.7+7532,317.189,75.5361,0.3369291663990834,0.5377615726541959,0.02617986569037821,0.0013386604525121185
4FGL J0423.7+0831,65.928,8.5293,0.3337970585793102,0.5584688468493112,0.025558461954719683,0.0013249949488706601
4FGL J0747.6+7209,116.9239,72.1649,0.8131415006475808,0.08825226880781438,0.06356412837677898,0.001295077956121426
4FGL J0516.7+2743,79.1759,27.7194,0.22937585214378747,0.2631459435920565,0.035880902979725904,0.0012304649507649595
4FGL J1943.9-2705,295.9981,-27.0903,0.3389177154853519,0.531637324233572,0.024511017624593984,0.0011600694443346623
4FGL J1649.3+8252,252.3422,82.8755,0.217668075534133,0.1571729323034664,0.04505651964482827,0.0011588810982400613
4FGL J2031.9+2403,307.9785,24.0631,0.1586516290887697,0.19081510638581978,0.04062539646610624,0.0011438098134132946
4FGL J0624.1-6330,96.0406,-63.5097,0.1593243533998449,0.32280101215455087,0.030361050442489917,0.0010807228012310183
4FGL J1017.2-1549,154.3184,-15.8274,0.3531539578785694,0.40801941940406317,0.02671426119923513,0.0010575794645219891
4FGL J1753.4-5913,268.3596,-59.2257,0.18815160226071023,0.26023945560879824,0.03335861989148043,0.0010518047581792194
4FGL J2333.9-2343,353.4912,-23.7197,0.4958623828490595,0.21651499311996666,0.03559447373037732,0.0009963202739826287
4FGL J1127.3+3755,171.8378,37.9236,0.6510789926447851,0.1798827460116673,0.03816096081865989,0.0009514236665982752
4FGL J2248.7-4302,342.1937,-43.0496,0.1910635873381935,0.24467141641275356,0.032666972397371916,0.0009483023943468433
4FGL J0836.0-8015,129.0037,-80.2565,0.12664167189599612,0.37726569834262563,0.02613066983897505,0.0009356086866511937
4FGL J1532.7+2342,233.1866,23.708,0.945207805062787,0.05362446208135727,0.06799271656672033,0.0009003960374009368
4FGL J2239.5-2440,339.8896,-24.6705,0.33090877860859064,0.6647225747575751,0.019175630952606094,0.0008877396010226495
4FGL J2308.6-4555,347.1577,-45.9254,0.8395851318562928,0.19054972298636397,0.035533173161489885,0.0008738203332185764
4FGL J1558.1+6239,239.5386,62.6538,0.5535163082889311,0.12022814613904642,0.04467119212321988,0.0008713789719236016
4FGL J1711.1+0242,257.7765,2.7005,0.015235982714171422,0.24842118602092159,0.030711232276973012,0.0008509988165405289
4FGL J1747.4+2759,266.8689,27.9949,0.9714657844969965,0.11103104433958294,0.04578722233270692,0.0008454323475015966
4FGL J0230.0-5236,37.5205,-52.6054,0.4548420026701331,0.28893983627234116,0.028341897809049447,0.0008429680565753178
4FGL J1229.1+5521,187.2977,55.352,0.9500219622047973,0.09172180206179391,0.04981648430516432,0.0008267316578633218
4FGL J1212.1+6412,183.0372,64.2019,0.29227130845698074,0.278183692284876,0.027998953620428542,0.0007920655221737846
4FGL J0520.6+6531,80.166,65.5255,0.25552138217801856,0.3185898778732278,0.02598716741754808,0.0007814401150565247
4FGL J0453.9+3727,73.4897,37.4568,0.33032826919766956,0.08227548648458023,0.05048182365977822,0.000761528865256304
4FGL J0249.7+4500,42.4447,45.0108,0.2948116361082862,0.5934792011740897,0.018781445718844533,0.0007603427026151229
4FGL J0227.0-1739,36.7591,-17.6637,0.44753698010329884,0.18607605961621965,0.03236091239601837,0.0007077467050811492
4FGL J2307.7+6712,346.9293,67.2152,0.33070676459728204,0.22001385650022423,0.029705629105047843,0.0007051368026009253
4FGL J0950.2-1623,147.551,-16.3965,0.04481906867897995,0.16006139266092276,0.03356822250582886,0.0006550721281791519
4FGL J1553.5-6910,238.3897,-69.1818,0.34140527205967,0.5971084173182506,0.01717230606636095,0.0006395231559083014
4FGL J0920.2-3835,140.0695,-38.5999,0.165851883386903,0.2556982223340831,0.0262160186144042,0.0006382738062919688
4FGL J0347.6-0133,56.9013,-1.5514,0.3571325469582459,0.6640663539474053,0.016116975437139087,0.0006265048024907422
4FGL J2013.0-3828,303.2686,-38.4768,0.16028624471512812,0.22193014797085517,0.027634077974488247,0.0006155340752365833
4FGL J0156.9-3235,29.2453,-32.5984,0.2317275667886131,0.31196590105538674,0.02292281728487423,0.0005953727482634811
4FGL J0459.2-2612,74.8003,-26.214,0.4003847709605516,0.12739749753255247,0.035841882832392716,0.0005944130953245757
4FGL J1356.2-2454,209.0635,-24.9101,0.43122591659860804,0.16846168582449206,0.03101310746814529,0.0005884879173428892
4FGL J0044.9+4553,11.2311,45.8926,0.7836934937663222,0.028476628737259646,0.07471252095518198,0.0005773261034945519
4FGL J0202.3-0605,30.5758,-6.0977,0.658179787932613,0.0704980170395396,0.047093508783643205,0.0005678646576914345
4FGL J1536.9-3731,234.2386,-37.5322,0.12500274013113247,0.21051074951231388,0.026812340223192933,0.000549654212190144
4FGL J0412.6-5434,63.1542,-54.5722,0.3441211896388229,0.5905597299165676,0.01571979043826716,0.000530033321715076
4FGL J1002.3-1200,150.5962,-12.006,0.585350535732563,0.10292663658762796,0.037076198971481567,0.0005138827379952094
4FGL J0501.0-2423,75.2732,-24.3935,0.9107597608329765,0.1319844696733423,0.0321983708011855,0.0004969772018420793
4FGL J0050.8-3428,12.7183,-34.4675,0.09712086665724497,0.20150393390447954,0.025458437812402417,0.000474343409280838
4FGL J0628.6-6711,97.152,-67.1871,0.9674945365863924,0.2409205165093623,0.023169518741447306,0.0004697357905000715
4FGL J1857.8+3544,284.4562,35.7434,0.2563370391010968,0.552012100803014,0.015002156355987391,0.00045123399695665877
4FGL J1735.0-0132,263.7734,-1.5493,0.323683936245513,0.5721672492431069,0.014550974507042453,0.0004400003224650107
4FGL J2232.3+7616,338.0921,76.267,0.35620119863623906,0.5314728034727333,0.014656324997260998,0.0004146455978434835
4FGL J0640.7-1924,100.181,-19.4092,0.9732701177636844,0.05341654977881915,0.045551978021416965,0.0004025651297217342
4FGL J2210.5+3623,332.626,36.39,0.2477792704161642,0.19313856238915858,0.02289232292133172,0.00036761613208001394
4FGL J2237.4+5124,339.3732,51.415,0.2370482621971656,0.12506382203474906,0.027518934975277458,0.0003439860105764426
4FGL J0147.6+1547,26.9015,15.7955,0.29594391334601877,0.14377538522153152,0.024861719967427906,0.00032276967176658153
4FGL J0829.4+4019,127.3581,40.3189,0.84439914331915,0.029646805856800906,0.05461001775150877,0.00032112076122456183
4FGL J0328.9+3514,52.2433,35.2489,0.7702057891465373,0.09195259983576187,0.030410125171258413,0.00030884904884272146
4FGL J2118.2-5419,319.5721,-54.3291,0.2524757190984969,0.5194594058689733,0.012739418279859785,0.0003061939806593867
4FGL J0125.8+2605,21.4745,26.0884,0.4564696582812305,0.17321335326492368,0.02188489882791771,0.00030131190809993636
4FGL J0206.4+3829,31.6172,38.4948,0.1838319922259223,0.12749855839067384,0.025102012685940003,0.0002917885215988713
4FGL J2231.6+2754,337.9043,27.906,0.34278990409430204,0.5947424025091143,0.011152525296604194,0.0002686712381457405
4FGL J2330.4+1230,352.6212,12.5132,0.36089572593204994,0.13243806219008977,0.02348921266219958,0.00026539673587729523
4FGL J1326.6+0152,201.6598,1.8798,0.06926323629097363,0.14757981925047603,0.02200312815345493,0.000259502574281811
4FGL J2130.0+2610,322.5079,26.1826,0.6934880349700013,0.12520770129283848,0.023837771257734737,0.00025840932302775073
4FGL J1606.8-0351,241.7117,-3.8625,0.8702855557157405,0.12046862507791606,0.022654424204193693,0.0002245566136271118
4FGL J0147.6-0825,26.9177,-8.4245,0.8093540749355255,0.01817321948442419,0.05826212467235408,0.00022405278571762427
4FGL J0335.8+2733,53.9585,27.5614,0.26661685454957573,0.5271858050570531,0.010565190428974905,0.00021372937036814
4FGL J0150.5-3337,27.6429,-33.6203,0.4997381588221445,0.0593118673319814,0.03035853208512368,0.0001985404372553335
4FGL J1801.8+2951,270.4549,29.8532,0.04160408935724466,0.12985606853634005,0.020312342305089503,0.0001945933987412371
4FGL J2345.9+3413,356.4893,34.2279,0.004957321586674582,0.14996095451685593,0.018652781919534688,0.0001895008931780203
4FGL J2241.5+0454,340.3846,4.9045,0.16797905829271068,0.3554739835585312,0.011564729270621346,0.00017267306652516895
4FGL J2133.6+8002,323.4049,80.0386,0.30446738661031586,0.5574750653572548,0.008937615234356757,0.00016173894112240288
4FGL J0032.5-4724,8.1497,-47.4039,0.08586735236058367,0.37406584374546076,0.010828994283708458,0.0001593199432362733
4FGL J0557.2+7705,89.3129,77.0854,0.0952232075170495,0.0757126560337186,0.023131184496141374,0.00014713299204433875
4FGL J0835.9-2120,128.9862,-21.3456,0.28150300691951924,0.5475596494321157,0.008505058073991939,0.00014385727961770697
4FGL J0504.3-0955,76.0856,-9.9215,0.04248786739397639,0.23505359183215135,0.0129121671624847,0.00014233477249519803
4FGL J2359.9+3145,359.9908,31.7601,0.008492676979307138,0.0691706807987517,0.023117793154951948,0.00013426432635054935
4FGL J1408.7+3617,212.1754,36.2885,0.733506048319956,0.04337146999901351,0.028009125671141385,0.0001235802547698139
4FGL J1035.9-3108,158.9872,-31.1461,0.8859251924361208,0.15012712877833578,0.014204244320239567,0.00011001231054456049
4FGL J0107.6+4950,16.9067,49.8415,0.0933466913770375,0.1058218436008264,0.01689375048538327,0.00010969158560798852
4FGL J0532.9+6936,83.25,69.6066,0.4700593874979802,0.16905114397939905,0.012981039933063862,0.00010346248987473334
4FGL J2221.8+3358,335.4661,33.9753,0.2986431792612367,0.07435287763555613,0.019467736675583634,0.0001023468658298623
4FGL J1803.5+2756,270.8796,27.9403,0.012746303325524719,0.08893875423768566,0.016964264481216053,9.29623195032511e-05
4FGL J0559.7-1817,89.9458,-18.2984,0.5760139898029928,0.018030769821944796,0.03381897379786066,7.48998520105622e-05
4FGL J0338.7-5319,54.6783,-53.3324,0.14973166101853508,0.3612588820301115,0.007272031951758231,6.938665161414006e-05
4FGL J0110.3-0431,17.5797,-4.5267,0.5901980528432562,0.05884325984395644,0.016315967379037805,5.6894229546834145e-05
4FGL J0102.1+5846,15.5371,58.7781,0.2846388299863049,0.19327034104022167,0.008340795326962403,4.8834414079746735e-05
4FGL J1155.8-1217,178.9688,-12.2848,0.82051116018796,0.03195589013426739,0.020282908578279024,4.7748224321789304e-05
4FGL J0643.4-3314,100.8513,-33.2392,0.800461084564808,0.046265607995825436,0.016754341653219953,4.716923667251086e-05
4FGL J1314.7-0901,198.6865,-9.0322,0.018932074337924234,0.17153362788538581,0.006605687808673138,2.7185116724603874e-05
4FGL J1412.2+2132,213.0705,21.5425,0.8059028542954482,0.06277117589170267,0.010480260239202701,2.504091753643042e-05
