Source_Name,Target_RA,Target_Dec,eRASS1_Source,eRASS1_RA,eRASS1_Dec,eRASS1_Flux,eRASS1_DetLikelihood,eRASS1_Separation_arcsec
4FGL J0032.5-4724,8.09404182434082,-47.42669296264648,1eRASS J003222.1-472534,8.09249945171,-47.42625963979,7.11186589e-13,308.47229,4.06752018556393
4FGL J0050.8-3428,12.70229148864746,-34.480804443359375,1eRASS J005048.4-342849,12.70175892924,-34.48043225745,6.98451008e-13,320.2376709,2.0719297733786957
4FGL J0125.3-5112,21.239131927490234,-51.22115707397461,1eRASS J012457.3-511317,21.23902402447,-51.22150468394,8.73727699e-14,28.8426781,1.2748265256175757
4FGL J0147.6-6028,26.973583221435547,-60.46991729736328,1eRASS J014753.9-602811,26.974740756,-60.46973396031,1.88160555e-12,1480.6027832,2.157341655157986
4FGL J0150.5-3337,27.58749389648437,-33.64017868041992,1eRASS J015020.8-333824,27.58700621158,-33.6400415981,1.15743613e-12,772.7307739,1.5427123633241537
4FGL J0154.5-6604,28.63068199157715,-66.0710220336914,1eRASS J015431.0-660414,28.62945412499,-66.0707761542,1.47900342e-13,87.1341629,1.9995092425709475
4FGL J0156.9-3235,29.252832412719727,-32.59152603149414,1eRASS J015700.6-323528,29.25285548655,-32.59115055682,5.35313439e-13,288.8756409,1.3535193963679455
4FGL J0215.2-1619,33.813499450683594,-16.2939453125,1eRASS J021515.1-161738,33.81299643468,-16.29407335829,1.96002372e-12,1637.1804199,1.7982110858605738
4FGL J0225.5-5618,36.419918060302734,-56.30339050292969,1eRASS J022540.6-561812,36.4194979388,-56.30337546678,7.62442084e-13,538.4390259,0.8408373357581673
4FGL J0227.0-1739,36.767704010009766,-17.6226749420166,1eRASS J022704.1-173723,36.76734943604,-17.62320722552,4.64140919e-14,17.2617702,2.2697846577081293
4FGL J0230.0-5236,37.35527801513672,-52.5394401550293,1eRASS J022925.3-523223,37.35549159381,-52.53986653046,4.90078301e-13,587.7719116,1.6046081556582215
4FGL J0254.5-7511,43.29534149169922,-75.22129821777344,1eRASS J025309.8-751315,43.29119620741,-75.22090586047,1.78140136e-13,131.5027313,4.060314111965377
4FGL J0316.6-2216,49.14039993286133,-22.269699096679688,1eRASS J031633.7-221612,49.14053345855,-22.27015776653,1.39748478e-12,1434.010498,1.710081655477391
4FGL J0336.7-1305,54.14598083496094,-13.034627914428713,1eRASS J033635.0-130207,54.14624977871,-13.03540197768,1.41775914e-13,42.1019974,2.9419404067589356
4FGL J0338.7-5319,54.71629333496094,-53.40702819824219,1eRASS J033852.1-532423,54.71713374477,-53.40646962308,1.86628219e-13,156.6728363,2.7012020275923265
4FGL J0348.6-2749,57.158935546875,-27.8204345703125,1eRASS J034837.8-274913,57.15777593426,-27.82034970299,1.46806211e-12,1536.2635498,3.7047028676968203
4FGL J0352.0-3702,57.977298736572266,-37.062286376953125,1eRASS J035154.6-370343,57.97761915728,-37.0621188867,2.32041426e-12,3295.4367676,1.1003892607196124
4FGL J0412.7-3927,63.16020965576172,-39.4415283203125,1eRASS J041238.4-392631,63.1601298811,-39.44208058864,1.37559116e-12,2065.0046387,2.000498335470855
4FGL J0416.4-2059,64.0181655883789,-20.940977096557617,1eRASS J041604.2-205626,64.01775653161,-20.94061178394,1.09787873e-12,676.105835,1.9029221757055743
4FGL J0423.7+0831,65.92709350585938,8.516536712646484,1eRASS J042342.3+083103,65.92658984873,8.51763946092,3.74427892e-13,165.7377014,4.3560892854615005
4FGL J0434.3-2517,68.58606719970703,-25.24264144897461,1eRASS J043420.4-251433,68.58517455368,-25.24267962268,4.50192082e-14,11.9655151,2.909912302241514
4FGL J0440.3-4332,70.07158660888672,-43.552391052246094,1eRASS J044017.1-433309,70.07147166711,-43.55266101253,2.30255507e-12,2869.4553223,1.0170747774196638
4FGL J0441.2-2953,70.331298828125,-29.876768112182617,1eRASS J044119.4-295237,70.33118230235,-29.87710480102,1.06961084e-13,43.6028061,1.2654821417461455
4FGL J0501.0-2423,75.3035888671875,-24.383773803710938,1eRASS J050112.7-242301,75.30303269078,-24.38368748694,5.17642732e-13,336.9834595,1.849922568866823
4FGL J0504.3-0955,76.08129119873047,-9.942444801330566,1eRASS J050419.4-095632,76.08100314153,-9.94239616136,1.4076599e-12,974.8718872,1.0363322558853958
4FGL J0517.9-6930,79.63578033447266,-69.58926391601562,1eRASS J051832.7-693525,79.63630326483,-69.59045570759,3.09551714e-14,17.7306175,4.340388466154818
4FGL J0524.1-5659,81.16768646240234,-56.980987548828125,1eRASS J052440.3-565854,81.1680537446,-56.98181669403,8.65736451e-14,114.0116882,3.0706465056448966
4FGL J0524.5-2614,81.16566467285156,-26.265249252319336,1eRASS J052439.7-261556,81.16555461046,-26.26561399205,1.7033819e-12,1435.0559082,1.3602881561151043
4FGL J0539.7-1030,84.95649719238281,-10.493888854980469,1eRASS J053949.6-102938,84.95695236273,-10.49404979309,4.89146701e-13,241.7110443,1.7122098347642123
4FGL J0554.4-2757,88.54624938964844,-27.95827865600586,1eRASS J055411.0-275728,88.54602878351,-27.95788091175,4.45167991e-13,224.8825073,1.5944817048978002
4FGL J0603.0-2936,90.71475219726562,-29.64222526550293,1eRASS J060251.5-293831,90.71465058543,-29.64216961504,6.44670474e-14,18.862978,0.3757878310979477
4FGL J0624.1-6330,96.02729034423828,-63.46561050415039,1eRASS J062407.0-632757,96.02919176819,-63.46609174025,1.82611562e-13,595.1552124,3.514587379375573
4FGL J0628.6-6711,97.16503143310548,-67.21316528320312,1eRASS J062839.2-671248,97.16359501194,-67.21333636977,7.93583068e-14,406.1499023,2.0953513479273242
4FGL J0640.7-1924,100.2451629638672,-19.52170753479004,1eRASS J064058.8-193117,100.24541486099,-19.52163379121,4.02693151e-14,7.4715366,0.8949811475799131
4FGL J0643.4-3314,100.8941650390625,-33.241825103759766,1eRASS J064334.6-331429,100.89441906258,-33.24161518639,1.80813264e-13,69.202179,1.0752077057099876
4FGL J0728.0-4740,112.09791564941406,-47.75477600097656,1eRASS J072823.2-474518,112.09667103161,-47.75518240425,2.30803095e-14,8.5079212,3.348832743125019
4FGL J0733.5+3517,113.37325286865234,35.26186752319336,1eRASS J073329.6+351543,113.37356958732,35.26209112672,8.31303288e-13,260.1387024,1.230738467667101
4FGL J0738.9-6736,114.7353973388672,-67.59745025634766,1eRASS J073855.8-673551,114.73288647558,-67.59764604709,5.97223009e-14,94.241272,3.5162625647113925
4FGL J0744.1-6211,116.0825424194336,-62.18344497680664,1eRASS J074419.6-621102,116.08204460318,-62.18392476938,4.48514191e-13,622.6231079,1.9190543205859163
4FGL J0749.5+1026,117.63700103759766,10.357444763183594,1eRASS J075033.0+102126,117.63772151931,10.35737475126,9.10243086e-14,19.1011047,2.5638888750634914
4FGL J0751.9+3314,117.97364044189452,33.222171783447266,1eRASS J075153.9+331322,117.97474091549,33.22294027386,9.91466701e-14,16.3449936,4.3171211338719875
4FGL J0809.9-7028,122.55016326904295,-70.5130844116211,1eRASS J081012.0-703047,122.55006411144,-70.51330516639,9.56971183e-14,166.1455536,0.803589186870264
4FGL J0829.4+4019,127.39823150634766,40.31646347045898,1eRASS J082935.7+401857,127.39877737181,40.31593927599,1.41711634e-13,27.250246,2.409619358400227
4FGL J0833.0+3300,128.21441650390625,33.003055572509766,1eRASS J083251.5+330009,128.21481015946,33.00258895852,1.14628522e-12,397.2655334,2.05773587626004
4FGL J0835.8+1517,128.95059204101562,15.288066864013672,1eRASS J083548.0+151713,128.95028913308,15.28703557021,7.80269404e-14,8.8115282,3.8587929428619128
4FGL J0836.0-8015,128.9546661376953,-80.26960754394531,1eRASS J083548.7-801612,128.95306935337,-80.27001299761,2.00174903e-12,4062.2351074,1.7533986869710945
4FGL J0840.9-7044,130.16012573242188,-70.686279296875,1eRASS J084037.9-704110,130.15816919598,-70.68618602708,1.13677934e-13,145.6292572,2.3536592615727043
4FGL J0859.2+0047,134.83566284179688,0.7866944670677185,1eRASS J085920.5+004714,134.83556193763,0.78732753163,3.56055761e-13,89.6663971,2.3077950713189455
4FGL J0921.2-8211,140.4279022216797,-82.1600570678711,1eRASS J092140.2-820936,140.41780302944,-82.16006496079,1.39336811e-13,136.3695526,4.959412595463576
4FGL J0922.6-2116,140.5642547607422,-21.33847427368164,1eRASS J092215.6-212019,140.56508325331,-21.33864339675,5.0598865e-14,9.1337929,2.8440414141215706
4FGL J0935.4-6911,143.70370483398438,-69.18502807617188,1eRASS J093448.6-691108,143.70283387279,-69.18557943835,3.9122856e-14,24.2966576,2.276231635373441
4FGL J1017.2-1549,154.3246307373047,-15.826000213623049,1eRASS J101717.9-154935,154.32470873811,-15.82650485643,3.35366012e-13,98.9813385,1.836691530187255
4FGL J1018.6+3126,154.64169311523438,31.475799560546875,1eRASS J101834.1+312832,154.64216306677,31.47573658212,1.01898763e-12,402.5281067,1.4605960091665686
4FGL J1040.5+0947,160.1208038330078,9.798299789428713,1eRASS J104029.0+094752,160.1210903529,9.79791688,6.84751518e-13,197.4591064,1.712691556289203
4FGL J1041.5+0607,160.32151794433594,6.171367645263672,1eRASS J104117.2+061014,160.32177826371,6.17076592824,1.22797584e-12,415.8943176,2.3580589989198972
4FGL J1047.9-4642,162.0750274658203,-46.65485000610352,1eRASS J104817.8-463916,162.07426286829,-46.65464407036,2.48869908e-13,130.3633881,2.029581638702135
4FGL J1050.6+2027,162.75572204589844,20.455547332763672,1eRASS J105101.5+202719,162.75647663295,20.45554248325,1.21574219e-13,29.8065872,2.545279783863971
4FGL J1112.0+2607,168.0331268310547,26.13435935974121,1eRASS J111208.0+260801,168.03338292816,26.13372822856,1.46284016e-12,513.5462036,2.4181379889788803
4FGL J1116.3-4000,169.0260772705078,-40.061309814453125,1eRASS J111606.2-400338,169.02624421198,-40.06058346882,6.0419985e-14,14.914999,2.654992668238292
4FGL J1143.9+1558,175.96945190429688,15.972749710083008,1eRASS J114352.9+155822,175.97047001963,15.97293797543,9.16192469e-13,313.7483215,3.5882976767845776
4FGL J1145.7-1528,176.39089965820312,-15.482730865478516,1eRASS J114534.0-152856,176.39182161497,-15.48249586053,1.77685584e-13,60.3263206,3.3085942598858518
4FGL J1155.8-1217,178.90341186523438,-12.276529312133787,1eRASS J115536.7-121634,178.90326500953,-12.27633252278,1.24846219e-13,34.2860641,0.8767873962321904
4FGL J1158.9+0956,179.7994384765625,9.913052558898926,1eRASS J115912.0+095446,179.80007343956,9.91290552884,1.07339878e-13,26.8188152,2.313114448813132
4FGL J1235.1-1405,188.7958068847656,-14.056099891662598,1eRASS J123511.2-140324,188.796821779,-14.05676397342,2.92054076e-12,1898.8044434,4.275149897997805
4FGL J1314.7-0901,198.66929626464844,-9.03005599975586,1eRASS J131440.6-090149,198.6695213893,-9.03046633593,8.72817769e-13,460.0824585,1.6801178959256549
4FGL J1406.5-0054,211.6493377685547,-0.93022221326828,1eRASS J140635.7-005548,211.64897203917,-0.93003555995,8.80966524e-13,548.2339478,1.4780277647665898
4FGL J1431.0-4458,217.7520904541016,-45.01708221435547,1eRASS J143100.9-450102,217.7538806823,-45.0172809777,1.33477403e-13,69.3725204,4.611660832120231
4FGL J1438.1-2201,219.5394592285156,-22.08187484741211,1eRASS J143809.4-220457,219.539233724,-22.08261707066,3.18387027e-13,142.5363312,2.7758795504891873
4FGL J1454.8-2456,223.694580078125,-25.086809158325195,1eRASS J145446.7-250516,223.69471609716,-25.08785574049,1.22820956e-13,25.3246422,3.7937054683808533
4FGL J1507.2-1651,226.7699432373047,-16.87507438659668,1eRASS J150704.7-165231,226.76978513932,-16.87546302886,8.62156158e-13,427.9302368,1.5013834862808089
4FGL J1546.4-2903,236.6041717529297,-28.95661163330078,1eRASS J154625.0-285723,236.60432182835,-28.95639847346,2.0575238e-13,46.2825317,0.9012987677130111
4FGL J1648.1-2920,251.99114990234372,-29.21234893798828,1eRASS J164758.0-291248,251.99182620617,-29.21347630038,1.27207218e-13,23.603157,4.581180310637523
4FGL J1753.4-5913,268.3814697265625,-59.17203140258789,1eRASS J175331.8-591017,268.38285370323,-59.17145501199,1.45986088e-13,35.8230934,3.2901119125034475
4FGL J1950.0-7321,297.7336730957031,-73.37574768066406,1eRASS J195055.8-732234,297.73285404834,-73.37617400767,6.97037575e-14,12.7760525,1.7513225946320792
4FGL J2112.9-4818,318.239501953125,-48.29508972167969,1eRASS J211257.4-481744,318.23930958515,-48.29578082931,4.20231375e-14,7.889915,2.530287228353214
4FGL J2119.5-4541,319.90582275390625,-45.7533073425293,1eRASS J211937.2-454516,319.90534627938,-45.75458477846,1.10101496e-13,21.7197285,4.751958359707564
4FGL J2255.8-6543,344.1036376953125,-65.55712127685547,1eRASS J225624.9-653326,344.10378636967,-65.55724005663,8.82165977e-13,426.0245667,0.4815563164586167
4FGL J2308.6-4555,347.2201538085937,-45.965606689453125,1eRASS J230852.8-455754,347.22020771732,-45.96504797739,3.0607255e-13,111.8347626,2.0158820030202875
4FGL J2331.2-3839,352.8493957519531,-38.67890548706055,1eRASS J233124.0-384045,352.85039968054,-38.67940822227,1.59822988e-13,38.1930237,3.3519984117421493
4FGL J2352.1-4301,357.8955993652344,-42.99263381958008,1eRASS J235134.9-425932,357.89555699209,-42.99224744743,3.33856911e-13,102.7964249,1.395407737454712
4FGL J2359.7-5041,359.9483642578125,-50.70927810668945,1eRASS J235947.6-504236,359.94837543053,-50.71026026346,9.42334115e-14,28.79175,3.53585611265807
4FGL J0858.0-3130,134.51194763183594,-31.51117706298828,1eRASS J085803.0-313039,134.51284441161,-31.51110430873,9.62448979e-13,498.4205933,2.7647755552731863
4FGL J0920.2-3835,140.05931091308594,-38.58073425292969,1eRASS J092014.2-383451,140.05937323934,-38.58086463955,1.0070497e-12,487.6059875,0.5010927209899013
4FGL J1028.7-6431,157.01478576660156,-64.68783569335938,1eRASS J102803.4-644113,157.01440052054,-64.68720442846,2.32859827e-14,9.4848042,2.348640681678445
4FGL J1050.6-5248,162.658447265625,-52.8300895690918,1eRASS J105037.6-524947,162.65689937385,-52.82978006974,4.96562732e-14,14.3092995,3.546332648251645
4FGL J1132.8-5328,173.22471618652344,-53.48424911499024,1eRASS J113253.8-532858,173.22456840816,-53.48297634592,6.36227656e-14,25.8507233,4.59289155578592
