Source_Name,Is_Train_Eligible,Is_Generalization
4FGL J1222.5+0414,1,0
4FGL J0126.0-2221,1,0
4FGL J2225.6+2120,1,0
4FGL J1504.4+1029,1,0
4FGL J1127.0-1857,1,0
4FGL J2334.2+0736,1,0
4FGL J0112.1-0321,1,0
4FGL J1849.2+6705,1,0
4FGL J0226.5+0938,1,0
4FGL J2011.6-1546,1,0
4FGL J1121.4-0553,1,0
4FGL J0243.2-0550,1,0
4FGL J0108.1-0039,1,0
4FGL J1643.0+3223,1,0
4FGL J1024.8+2332,1,0
4FGL J1159.5+2914,1,0
4FGL J0423.3-0120,1,0
4FGL J1555.7+1111,1,0
4FGL J1610.6+2414,1,0
4FGL J0808.5+4950,1,0
4FGL J0857.9-1949,1,0
4FGL J1315.5+1135,1,0
4FGL J0316.2+0905,1,0
4FGL J1230.2+2517,1,0
4FGL J1209.8+1810,1,0
4FGL J1543.0+6130,1,0
4FGL J1243.2+3627,1,0
4FGL J2150.7-1750,1,0
4FGL J1638.1+5721,1,0
4FGL J0509.4+0542,1,0
4FGL J0456.6-3136,1,0
4FGL J2329.3-4733,1,0
4FGL J1608.7+1029,1,0
4FGL J0850.1-1212,1,0
4FGL J1719.2+1745,1,0
4FGL J0739.2+0137,1,0
4FGL J1434.7+1950,1,0
4FGL J0539.9-2839,1,0
4FGL J1522.6-2730,1,0
4FGL J0909.1+0121,1,0
4FGL J0118.9-2141,1,0
4FGL J2244.2+4057,1,0
4FGL J0339.5-0146,1,0
4FGL J1321.1+2216,1,0
4FGL J1218.0-0028,1,0
4FGL J1148.5+2629,1,0
4FGL J2311.0+3425,1,0
4FGL J2025.2+0317,1,0
4FGL J1350.8+3033,1,0
4FGL J0253.2-5441,1,0
4FGL J0550.5-3216,1,0
4FGL J0854.8+2006,1,0
4FGL J0058.0-0539,1,0
4FGL J1023.1+3949,1,0
4FGL J1446.7+1719,1,0
4FGL J1635.2+3808,1,0
4FGL J0407.0-3826,1,0
4FGL J0811.4+0146,1,0
4FGL J0309.0+1029,1,0
4FGL J0049.7+0237,1,0
4FGL J2000.9-1748,1,0
4FGL J1848.4+3217,1,0
4FGL J0238.6+1637,1,0
4FGL J1549.5+0236,1,0
4FGL J0345.2-2353,1,0
4FGL J0309.9-6058,1,0
4FGL J1659.0+2627,1,0
4FGL J1220.1+7105,1,0
4FGL J0424.7+0036,1,0
4FGL J0430.3-2507,1,0
4FGL J2143.5+1743,1,0
4FGL J0457.0-2324,1,0
4FGL J0526.2-4830,1,0
4FGL J0237.8+2848,1,0
4FGL J1412.1+7427,1,0
4FGL J2229.7-0832,1,0
4FGL J0137.0+4751,1,0
4FGL J0137.6-2430,1,0
4FGL J1422.3+3223,1,0
4FGL J1033.9+6050,1,0
4FGL J0229.5-3644,1,0
4FGL J1058.6+2817,1,0
4FGL J0830.8+2410,1,0
4FGL J1309.4+4305,1,0
4FGL J0949.0+4038,1,0
4FGL J1043.2+2408,1,0
4FGL J2241.2+4120,1,0
4FGL J0428.6-3756,1,0
4FGL J2321.9+3204,1,0
4FGL J1958.0-3845,1,0
4FGL J0818.2+4222,1,0
4FGL J1150.4+2418,1,0
4FGL J2158.8-3013,1,0
4FGL J0521.6+0103,1,0
4FGL J2348.0-1630,1,0
4FGL J1626.0-2950,1,0
4FGL J0050.4-0452,1,0
4FGL J1326.7-0503,1,0
4FGL J1813.5+3144,1,0
4FGL J1604.6+5714,1,0
4FGL J1246.7-2548,1,0
4FGL J1311.0+3233,1,0
4FGL J1018.4+3540,1,0
4FGL J0824.7+5552,1,0
4FGL J1317.6+3428,1,0
4FGL J1129.8-1447,1,0
4FGL J1254.9+1138,1,0
4FGL J0831.8+0429,1,0
4FGL J1419.8+5423,1,0
4FGL J0245.9-4650,1,0
4FGL J0536.4-3401,1,0
4FGL J1300.4+1416,1,0
4FGL J1751.5+0938,1,0
4FGL J1433.0-1801,1,0
4FGL J0650.7+2503,1,0
4FGL J0205.0-1700,1,0
4FGL J0911.7+3349,1,0
4FGL J0332.1-1123,1,0
4FGL J1727.4+4530,1,0
4FGL J0501.2-0158,1,0
4FGL J0808.2-0751,1,0
4FGL J0205.2+3212,1,0
4FGL J0915.9+2933,1,0
4FGL J1018.3-3124,1,0
4FGL J0211.2+1051,1,0
4FGL J2332.1-4118,1,0
4FGL J0217.2+0837,1,0
4FGL J2147.1+0931,1,0
4FGL J0805.2-0110,1,0
4FGL J0043.8+3425,1,0
4FGL J1153.0+8056,1,0
4FGL J1152.8+3308,1,0
4FGL J0001.5+2113,1,0
4FGL J0108.6+0134,1,0
4FGL J2056.2-4714,1,0
4FGL J1740.5+5211,1,0
4FGL J1154.0+4037,1,0
4FGL J0112.1+2245,1,0
4FGL J0116.0-1136,1,0
4FGL J0006.3-0620,1,0
4FGL J1440.9+0609,1,0
4FGL J1257.8+3228,1,0
4FGL J1217.9+3007,1,0
4FGL J0153.9+0823,1,0
4FGL J0403.9-3605,1,0
4FGL J1534.8+0131,1,0
4FGL J0937.1+5008,1,0
4FGL J0210.7-5101,1,0
4FGL J0958.0+3222,1,0
4FGL J1159.3-2142,1,0
4FGL J0416.5-1852,1,0
4FGL J0816.1+4909,1,0
4FGL J1051.4+3942,1,0
4FGL J2330.5+1102,1,0
4FGL J2005.2-1822,1,0
4FGL J1241.8-1456,1,0
4FGL J0525.4-4600,1,0
4FGL J0718.0+4536,1,0
4FGL J1104.4+3812,1,0
4FGL J0230.8+4032,1,0
4FGL J1457.4-3539,1,0
4FGL J1748.6+7005,1,0
4FGL J0638.6+7320,1,0
4FGL J0505.3+0459,1,0
4FGL J2202.7+4216,1,0
4FGL J1103.0+1157,1,0
4FGL J1657.0+6010,1,0
4FGL J0145.0-2732,1,0
4FGL J0438.4-1254,1,0
4FGL J0407.5+0741,1,0
4FGL J1152.3-0839,1,0
4FGL J1146.9+3958,1,0
4FGL J0754.7+4823,1,0
4FGL J1427.0+2348,1,0
4FGL J1744.2-0353,1,0
4FGL J1333.2+2725,1,0
4FGL J0510.0+1800,1,0
4FGL J1428.5+4240,1,0
4FGL J2232.6+1143,1,0
4FGL J1725.5+5851,1,0
4FGL J2258.1-2759,1,0
4FGL J1048.4+7143,1,0
4FGL J1326.9+2210,1,0
4FGL J0749.9+1823,1,0
4FGL J2156.3-0036,1,0
4FGL J1557.9-0001,1,0
4FGL J1640.4+3945,1,0
4FGL J2116.2+3339,1,0
4FGL J0050.7-0929,1,0
4FGL J1512.2+0202,1,0
4FGL J1322.6-0936,1,0
4FGL J1603.8+1104,1,0
4FGL J2323.5-0317,1,0
4FGL J0920.9+4441,1,0
4FGL J1147.8-0724,1,0
4FGL J2212.9-2526,1,0
4FGL J0004.4-4737,1,0
4FGL J0833.9+4223,1,0
4FGL J1521.8+4338,1,0
4FGL J1001.1+2911,1,0
4FGL J0540.8-5415,1,0
4FGL J0841.3+7053,1,0
4FGL J2327.5+0939,1,0
4FGL J0401.7+2112,1,0
4FGL J1036.2+2202,1,0
4FGL J2336.6-4115,1,0
4FGL J1259.1-2311,1,0
4FGL J1541.7+1413,1,0
4FGL J2329.2+3755,1,0
4FGL J1037.7+5711,1,0
4FGL J1443.9+2501,1,0
4FGL J0343.2-2529,1,0
4FGL J0701.5-4634,1,0
4FGL J1033.1+4115,1,0
4FGL J0516.7-6207,1,0
4FGL J1209.4+4118,1,0
4FGL J2235.3-4836,1,0
4FGL J0113.1-3553,1,0
4FGL J1458.6+3722,1,0
4FGL J2151.8-3027,1,0
4FGL J1213.6+1306,1,0
4FGL J1107.0-4449,1,0
4FGL J0023.7-6820,1,0
4FGL J0438.9-4521,1,0
4FGL J1359.4+0202,1,0
4FGL J1939.5-1525,1,0
4FGL J1058.6+5627,1,0
4FGL J0742.6+5443,1,0
4FGL J0104.8-2416,1,0
4FGL J0648.0-3045,1,0
4FGL J1436.9+2321,1,0
4FGL J1616.6+4630,1,0
4FGL J2248.7-3235,1,0
4FGL J1427.9-4206,1,0
4FGL J1349.5-1131,1,0
4FGL J0746.4+2546,1,0
4FGL J1725.0+1152,1,0
4FGL J0712.7+5033,1,0
4FGL J1037.7-2822,1,0
4FGL J0912.2+4127,1,0
4FGL J0049.6-4500,1,0
4FGL J0224.2+0700,1,0
4FGL J1418.4-0233,1,0
4FGL J0538.8-4405,1,0
4FGL J1439.3+3932,1,0
4FGL J0928.1-2035,1,0
4FGL J1045.8-2928,1,0
4FGL J1013.7+3444,1,0
4FGL J0824.4+2440,1,0
4FGL J0725.2+1425,1,0
4FGL J1104.4+0730,1,0
4FGL J1354.8-1041,1,0
4FGL J1031.6+6019,1,0
4FGL J0601.8-2003,1,0
4FGL J1226.8-1329,1,0
4FGL J1228.7+4858,1,0
4FGL J1128.0+5924,1,0
4FGL J2000.0+6508,1,0
4FGL J1512.8-0906,1,0
4FGL J0220.2+3246,1,0
4FGL J0256.3+0334,1,0
4FGL J1753.7+2847,1,0
4FGL J1007.6-3332,1,0
4FGL J0228.3-5547,1,0
4FGL J0227.2+3928,1,0
4FGL J1539.6+2743,1,0
4FGL J1722.6+6104,1,0
4FGL J0159.5+1046,1,0
4FGL J1728.4+0427,1,0
4FGL J1018.4+0528,1,0
4FGL J0453.1-2806,1,0
4FGL J0050.0-5736,1,0
4FGL J2237.0-3921,1,0
4FGL J1955.4+5132,1,0
4FGL J2323.8+4210,1,0
4FGL J1131.0+3815,1,0
4FGL J0733.8+0455,1,0
4FGL J1207.7-0106,1,0
4FGL J1119.0+1235,1,0
4FGL J0008.0+4711,1,0
4FGL J1359.1+5544,1,0
4FGL J1215.1+5002,1,0
4FGL J1221.3+3010,1,0
4FGL J1118.2-4634,1,0
4FGL J0405.6-1308,1,0
4FGL J1501.0+2238,1,0
4FGL J2114.8+2831,1,0
4FGL J2206.8-0032,1,0
4FGL J1552.0+0850,1,0
4FGL J0224.9+1843,1,0
4FGL J0721.9+7120,1,0
4FGL J0819.0+2746,1,0
4FGL J2358.3-1021,1,0
4FGL J1312.8-0425,1,0
4FGL J1354.3-0206,1,0
4FGL J2025.6-0735,1,0
4FGL J1239.5+0443,1,0
4FGL J1008.0+0620,1,0
4FGL J2108.5+1434,1,0
4FGL J0303.6-6211,1,0
4FGL J2356.2+4036,1,0
4FGL J1522.1+3144,1,0
4FGL J2121.0+1901,1,0
4FGL J1728.0+1216,1,0
4FGL J1357.5+0127,1,0
4FGL J0051.5-4220,1,0
4FGL J1442.0+4348,1,0
4FGL J1312.8-2350,1,0
4FGL J0117.8-2109,1,0
4FGL J0738.1+1742,1,0
4FGL J1303.0+2434,1,0
4FGL J0809.8+5218,1,0
4FGL J2015.4+6556,1,0
4FGL J0532.6+0732,1,0
4FGL J1700.0+6830,1,0
4FGL J0934.3+3926,1,0
4FGL J2010.0+0726,1,0
4FGL J2301.0-0158,1,0
4FGL J0958.7+6534,1,0
4FGL J0035.2+1514,1,0
4FGL J1332.2+4722,1,0
4FGL J2252.6+1245,1,0
4FGL J1105.8+3944,1,0
4FGL J0946.6+1016,1,0
4FGL J0112.0-6634,1,0
4FGL J2357.4-0152,1,0
4FGL J1957.1-3231,1,0
4FGL J1848.5+3243,1,0
4FGL J0115.8+2519,1,0
4FGL J0238.1-3905,1,0
4FGL J0127.2-0819,1,0
4FGL J1153.4+4931,1,0
4FGL J0004.0+0840,1,0
4FGL J0252.9+3834,1,0
4FGL J0217.8+0144,1,0
4FGL J1343.6+5755,1,0
4FGL J0323.7-0111,1,0
4FGL J0945.2+5200,1,0
4FGL J0134.3-3842,1,0
4FGL J0349.8-2103,1,0
4FGL J0228.0-3026,1,0
4FGL J0502.4+0609,1,0
4FGL J1221.5+2814,1,0
4FGL J0730.4+3308,1,0
4FGL J1316.1-3338,1,0
4FGL J1254.5+2210,1,0
4FGL J2212.8+0647,1,0
4FGL J0839.8+0105,1,0
4FGL J0017.5-0514,1,0
4FGL J2207.5-5346,1,0
4FGL J0115.1-0129,1,0
4FGL J1332.0-0509,1,0
4FGL J0416.9+0105,1,0
4FGL J0303.3-7913,1,0
4FGL J2147.3-7536,1,0
4FGL J1616.7+4107,1,0
4FGL J0832.4+4912,1,0
4FGL J0203.7+3042,1,0
4FGL J1056.8+7012,1,0
4FGL J0011.4+0057,1,0
4FGL J0326.2+0225,1,0
4FGL J1613.6+3411,1,0
4FGL J0239.7+0415,1,0
4FGL J0152.2+2206,1,0
4FGL J0433.6-6030,1,0
4FGL J0259.4+0746,1,0
4FGL J1741.1+7226,1,0
4FGL J0816.9+2050,1,0
4FGL J1704.2+1234,1,0
4FGL J1707.5+1649,1,0
4FGL J0025.2-2231,1,0
4FGL J0336.4+3224,1,0
4FGL J1337.6-1257,1,0
4FGL J1933.2-4539,1,0
4FGL J0846.9+4608,1,0
4FGL J0835.7+0936,1,0
4FGL J1256.1-0547,1,0
4FGL J0710.9+4733,1,0
4FGL J1147.0-3812,1,0
4FGL J0608.0+6721,1,0
4FGL J1347.6-3751,1,0
4FGL J1301.6+3336,1,0
4FGL J1006.7-2159,1,0
4FGL J0930.9+0033,1,0
4FGL J0757.1+0956,1,0
4FGL J0848.0-0524,1,0
4FGL J1239.4+0728,1,0
4FGL J0833.4-0458,1,0
4FGL J0231.2-4745,1,0
4FGL J0910.8+3859,1,0
4FGL J1911.2-2006,1,0
4FGL J0212.9+2244,1,0
4FGL J2142.7-0437,1,0
4FGL J2253.9+1609,1,0
4FGL J1419.5+3821,1,0
4FGL J1558.8+5625,1,0
4FGL J1730.8+3715,1,0
4FGL J2150.1-1410,1,0
4FGL J0334.2-4008,1,0
4FGL J1310.5+3221,1,0
4FGL J0152.6+0147,1,0
4FGL J0629.3-1959,1,0
4FGL J0825.8+0309,1,0
4FGL J2146.4-1528,1,0
4FGL J0940.9-1335,1,0
4FGL J0515.6-4556,1,0
4FGL J0809.3+4053,1,0
4FGL J0105.1+3929,1,0
4FGL J0449.1+1121,1,0
4FGL J0111.4+0534,1,0
4FGL J0816.3+5739,1,0
4FGL J2338.0-0230,1,0
4FGL J1107.8+1501,1,0
4FGL J0950.2+0615,1,0
4FGL J0221.5+2513,1,0
4FGL J1803.4-6510,1,0
4FGL J2354.1+2720,1,0
4FGL J0339.2-1736,1,0
4FGL J0622.4-6433,1,0
4FGL J0734.0+5021,1,0
4FGL J2055.4-0020,1,0
4FGL J0422.8+0225,1,0
4FGL J0824.9+3915,1,0
4FGL J0633.4-2222,1,0
4FGL J1337.4+5502,1,0
4FGL J1320.7+3314,1,0
4FGL J1031.3+5053,1,0
4FGL J0010.6-3025,1,0
4FGL J1014.8+2257,1,0
4FGL J1125.9+2005,1,0
4FGL J1705.0+7134,1,0
4FGL J2034.6+1154,1,0
4FGL J1058.4+0133,1,0
4FGL J1054.5+2211,1,0
4FGL J2335.4-0128,1,0
4FGL J2247.4-0001,1,0
4FGL J2345.2-1555,1,0
4FGL J0921.6+6216,1,0
4FGL J0257.9-1215,1,0
4FGL J1344.0+6605,1,0
4FGL J1158.5+4824,1,0
4FGL J0958.0+4728,1,0
4FGL J1136.2+3407,1,0
4FGL J2148.6+0652,1,0
4FGL J1523.2+0533,1,0
4FGL J1127.4+5648,1,0
4FGL J1331.7-0343,1,0
4FGL J1345.8+0706,1,0
4FGL J2236.3+2828,1,0
4FGL J0608.0-0835,1,0
4FGL J1146.6-2902,1,0
4FGL J1951.8-0511,1,0
4FGL J2255.2+2411,1,0
4FGL J1550.7+0528,1,0
4FGL J1703.6-6213,1,0
4FGL J0114.8+1326,1,0
4FGL J1937.2-3958,1,0
4FGL J0348.5-2749,1,0
4FGL J1419.4-0838,1,0
4FGL J1125.5-3557,1,0
4FGL J1224.9+2122,1,0
4FGL J1435.5+2021,1,0
4FGL J1739.5+4955,1,0
4FGL J1500.7+4752,1,0
4FGL J1332.6-1256,1,0
4FGL J1618.0+5139,1,0
4FGL J1010.8-0158,1,0
4FGL J0909.7-0230,1,0
4FGL J0844.2+5312,1,0
4FGL J2131.5-0916,1,0
4FGL J1534.8+3716,1,0
4FGL J0017.8+1455,1,0
4FGL J1722.7+1014,1,0
4FGL J1258.8-2219,1,0
4FGL J1724.9+7654,1,0
4FGL J2016.3-0903,1,0
4FGL J1351.4-1529,1,0
4FGL J0141.4-0928,1,0
4FGL J1454.1+1622,1,0
4FGL J1135.7-0427,1,0
4FGL J0455.7-4617,1,0
4FGL J1037.4-2933,1,0
4FGL J0836.5-2026,1,0
4FGL J1345.5+4453,1,0
4FGL J0325.7+2225,1,0
4FGL J0319.8+1845,1,0
4FGL J1428.9+5406,1,0
4FGL J1106.0+2813,1,0
4FGL J0612.5-3138,1,0
4FGL J1304.0+3704,1,0
4FGL J0047.9+2233,1,0
4FGL J2005.9-2309,1,0
4FGL J1341.8-2053,1,0
4FGL J1031.1+7442,1,0
4FGL J0051.1-0648,1,0
4FGL J1748.0+3403,1,0
4FGL J1304.6-0348,1,0
4FGL J0014.1+1910,1,0
4FGL J0038.2-2459,1,0
4FGL J1257.2+3646,1,0
4FGL J1838.8+4802,1,0
4FGL J0818.8+3229,1,0
4FGL J0910.6+3329,1,0
4FGL J0422.1-0644,1,0
4FGL J2321.9+2734,1,0
4FGL J1138.4+4857,1,0
4FGL J0056.8+1626,1,0
4FGL J0217.4+7352,1,0
4FGL J1438.9+3710,1,0
4FGL J2141.8-3727,1,0
4FGL J0231.8+1322,1,0
4FGL J1112.5+3448,1,0
4FGL J1450.8+5201,1,0
4FGL J1117.0+2013,1,0
4FGL J1102.9+3014,1,0
4FGL J0301.0-1652,1,0
4FGL J0849.5+0456,1,0
4FGL J2115.9-0113,1,0
4FGL J1057.3-2341,1,0
4FGL J0312.8+0134,1,0
4FGL J0054.7-2455,1,0
4FGL J0805.4+6147,1,0
4FGL J1203.1+6031,1,0
4FGL J0342.2+3858,1,0
4FGL J1801.5+4404,1,0
4FGL J1245.1+5709,1,0
4FGL J2150.7-2810,1,0
4FGL J1508.8+2708,1,0
4FGL J0222.6+4302,1,0
4FGL J1454.4-3744,1,0
4FGL J0112.8+3208,1,0
4FGL J0509.4+1012,1,0
4FGL J0646.7-3913,1,0
4FGL J2212.0+2356,1,0
4FGL J0748.6+2400,1,0
4FGL J2315.6-5018,1,0
4FGL J0956.0+3936,1,0
4FGL J1202.4+4442,1,0
4FGL J2032.0+1219,1,0
4FGL J0059.2+0006,1,0
4FGL J0924.0+2816,1,0
4FGL J0158.8+0101,1,0
4FGL J0030.3-4224,1,0
4FGL J1625.7-2527,1,0
4FGL J1011.3-0427,1,0
4FGL J0310.9+3815,1,0
4FGL J1532.0+3016,1,0
4FGL J2256.0-2740,1,0
4FGL J0102.4+4214,1,0
4FGL J0820.3+3639,1,0
4FGL J2349.4+0534,1,0
4FGL J0113.4+4948,1,0
4FGL J0958.4+5042,1,0
4FGL J0508.2-1937,1,0
4FGL J0525.8-0052,1,0
4FGL J0956.7+2516,1,0
4FGL J2118.0+0019,1,0
4FGL J0433.6+2905,1,0
4FGL J1408.9-0751,1,0
4FGL J2035.4+1056,1,0
4FGL J0132.7-1654,1,0
4FGL J1044.6+8053,1,0
4FGL J2123.6+0535,1,0
4FGL J1311.0+0034,1,0
4FGL J1308.5+3547,1,0
4FGL J0251.5-5958,1,0
4FGL J2110.3+0808,1,0
4FGL J0945.7+5759,1,0
4FGL J1131.4+5809,1,0
4FGL J1120.8+4212,1,0
4FGL J0916.7+3856,1,0
4FGL J0659.6-2742,1,0
4FGL J0250.6+1712,1,0
4FGL J1418.7-3504,1,0
4FGL J2314.0+1445,1,0
4FGL J2250.0+3825,1,0
4FGL J1923.5-2104,1,0
4FGL J1344.2-1723,1,0
4FGL J2245.9+1544,1,0
4FGL J0729.1+5703,1,0
4FGL J1808.1-5013,1,0
4FGL J0746.5+2730,1,0
4FGL J2227.9+0036,1,0
4FGL J2211.0-0003,1,0
4FGL J1733.0-1305,1,0
4FGL J1258.6-1759,1,0
4FGL J0303.4-2407,1,0
4FGL J0304.5-0054,1,0
4FGL J0932.6+5306,1,0
4FGL J2135.3-5006,1,0
4FGL J0403.3+2601,1,0
4FGL J1253.8+6242,1,0
4FGL J0124.8-0625,1,0
4FGL J0908.9+2311,1,0
4FGL J1012.3+0629,1,0
4FGL J0847.2+1134,1,0
4FGL J0119.0-1458,1,0
4FGL J1415.5+4830,1,0
4FGL J1340.8-0409,1,0
4FGL J1422.6+5801,1,0
4FGL J0800.9+4401,1,0
4FGL J0442.6-0017,1,0
4FGL J1510.8-0542,1,0
4FGL J2014.5+0648,1,0
4FGL J2250.7-2806,1,0
4FGL J0101.0-0059,1,0
4FGL J1151.5+5859,1,0
4FGL J0325.6-1646,1,0
4FGL J2219.2+1806,1,0
4FGL J1450.4+0910,1,0
4FGL J0608.1-1521,1,0
4FGL J1339.9-0138,1,0
4FGL J0744.1+7434,1,0
4FGL J0316.2-2608,1,0
4FGL J2024.6-3252,1,0
4FGL J0957.3-1348,1,0
4FGL J0010.6+2043,1,0
4FGL J0056.3-0935,1,0
4FGL J0723.5+2900,1,0
4FGL J1331.2-1325,1,0
4FGL J2115.4+2932,1,0
4FGL J0133.1-5201,1,0
4FGL J0457.0+0646,1,0
4FGL J0625.8-5441,1,0
4FGL J0219.1-1724,1,0
4FGL J1050.1+0432,1,0
4FGL J0028.4+2001,1,0
4FGL J1554.9+2143,1,0
4FGL J2254.8-2725,1,0
4FGL J0206.4-1151,1,0
4FGL J0019.6+7327,1,0
4FGL J1424.2+0433,1,0
4FGL J0803.2-0337,1,0
4FGL J0013.6-0424,1,0
4FGL J1645.6+6329,1,0
4FGL J0922.4-0528,1,0
4FGL J1709.7+4318,1,0
4FGL J0134.5+2637,1,0
4FGL J0030.2-1647,1,0
4FGL J1251.2+1039,1,0
4FGL J0936.5+1847,1,0
4FGL J0854.3+4408,1,0
4FGL J0148.6+0127,1,0
4FGL J1114.7-0248,1,0
4FGL J0634.9-2335,1,0
4FGL J2030.4-0502,1,0
4FGL J1639.2+4129,1,0
4FGL J0917.1-2131,1,0
4FGL J0530.9+1332,1,0
4FGL J2338.9+2124,1,0
4FGL J2050.4-2627,1,0
4FGL J1546.0+0819,1,0
4FGL J1548.8-2250,1,0
4FGL J1323.9+1405,1,0
4FGL J2005.8+6424,1,0
4FGL J0850.5+3455,1,0
4FGL J0449.4-4350,1,0
4FGL J1124.0+2336,1,0
4FGL J1032.6+3737,1,0
4FGL J1635.6+3628,1,0
4FGL J2334.8+1432,1,0
4FGL J0315.9-1033,1,0
4FGL J0902.4+2051,1,0
4FGL J2156.9-0854,1,0
4FGL J0402.1-3147,1,0
4FGL J0823.1+4042,1,0
4FGL J0032.4-2849,1,0
4FGL J1051.9+0103,1,0
4FGL J0129.8+1440,1,0
4FGL J0857.7+0137,1,0
4FGL J0852.2+2834,1,0
4FGL J1507.2+1721,1,0
4FGL J2231.0-4416,1,0
4FGL J1917.7-1921,1,0
4FGL J2307.4-1206,1,0
4FGL J0836.9+5833,1,0
4FGL J0753.0+5353,1,0
4FGL J0109.1+1815,1,0
4FGL J0209.3-5228,1,0
4FGL J0600.6-3939,1,0
4FGL J2328.3-4036,1,0
4FGL J0758.9+2703,1,0
4FGL J2357.8-5311,1,0
4FGL J1647.1+6149,1,0
4FGL J1027.6+6317,1,0
4FGL J1706.8+3004,1,0
4FGL J0223.0-3447,1,0
4FGL J1359.8-3746,1,0
4FGL J1533.2+3416,1,0
4FGL J0812.9+5555,1,0
4FGL J2158.1-1501,1,0
4FGL J1734.3+3858,1,0
4FGL J0814.6+6430,1,0
4FGL J1213.3-2618,1,0
4FGL J1453.5+3505,1,0
4FGL J1637.7+4717,1,0
4FGL J1301.6+4056,1,0
4FGL J2248.9+2106,1,0
4FGL J0608.1-6028,1,0
4FGL J2343.6+3438,1,0
4FGL J1517.7-2422,1,0
4FGL J1842.3+6810,1,0
4FGL J0930.5+4951,1,0
4FGL J0037.8+1239,1,0
4FGL J0314.6-6549,1,0
4FGL J0402.0-2616,1,0
4FGL J0336.8-3612,1,0
4FGL J2203.4+1725,1,0
4FGL J1518.6+4044,1,0
4FGL J1509.7+5556,1,0
4FGL J1129.1+3703,1,0
4FGL J1322.9+0437,1,0
4FGL J1101.4+4108,1,0
4FGL J0749.2+2314,1,0
4FGL J1800.6+7828,1,0
4FGL J1459.5+1527,1,0
4FGL J1615.6+4712,1,0
4FGL J1647.5+4950,1,0
4FGL J0622.3-2605,1,0
4FGL J1023.9-3236,1,0
4FGL J1015.6+5553,1,0
4FGL J1253.8+0327,1,0
4FGL J0550.3-5733,1,0
4FGL J1934.3+6541,1,0
4FGL J2322.7+3436,1,0
4FGL J1606.9+5919,1,0
4FGL J0043.7-1116,1,0
4FGL J0016.2-0016,1,0
4FGL J1333.7+5056,1,0
4FGL J1256.2-1146,1,0
4FGL J0726.4-4727,1,0
4FGL J0541.6-0541,1,0
4FGL J1215.1+0731,1,0
4FGL J1204.2-0709,1,0
4FGL J1026.9-1749,1,0
4FGL J1553.6+1257,1,0
4FGL J0123.1+3421,1,0
4FGL J1549.3+6310,1,0
4FGL J0805.4+7534,1,0
4FGL J0505.8-0419,1,0
4FGL J1617.9-7718,1,0
4FGL J1010.2-3119,1,0
4FGL J2126.3-4605,1,0
4FGL J0003.9-1149,1,0
4FGL J1503.7-1540,1,0
4FGL J2152.0-1205,1,0
4FGL J1728.3+5013,1,0
4FGL J0006.4+0135,1,0
4FGL J0434.1-2014,1,0
4FGL J2220.5+2813,1,0
4FGL J1339.1-2620,1,0
4FGL J0654.4+4514,1,0
4FGL J1058.5+8115,1,0
4FGL J1208.9+5441,1,0
4FGL J1715.8+2151,1,0
4FGL J1312.4-2156,1,0
4FGL J0013.9-1854,1,0
4FGL J1426.4+3625,1,0
4FGL J1417.9+2543,1,0
4FGL J2005.5+7752,1,0
4FGL J1441.6-1522,1,0
4FGL J0340.5-2118,1,0
4FGL J0947.6+2215,1,0
4FGL J1924.8-2914,1,0
4FGL J0237.6-3602,1,0
4FGL J1219.7-0313,1,0
4FGL J0940.4+6148,1,0
4FGL J0601.1-7035,1,0
4FGL J1334.5+5634,1,0
4FGL J2329.0+0832,1,0
4FGL J1148.6+1841,1,0
4FGL J2323.6-0617,1,0
4FGL J0946.2+0104,1,0
4FGL J1740.0+4737,1,0
4FGL J0842.5+0251,1,0
4FGL J0743.0-5622,1,0
4FGL J1608.3+4012,1,0
4FGL J1028.4-0234,1,0
4FGL J1127.8+3618,1,0
4FGL J0337.8-1157,1,0
4FGL J1154.0-0010,1,0
4FGL J1143.1+6122,1,0
4FGL J2225.5-1114,1,0
4FGL J2359.3-2049,1,0
4FGL J1506.6+0813,1,0
4FGL J1022.7-0112,1,0
4FGL J0806.5+4503,1,0
4FGL J1223.9+5000,1,0
4FGL J2022.5+7612,1,0
4FGL J2216.9+2421,1,0
4FGL J1224.4+2436,1,0
4FGL J0644.6+6039,1,0
4FGL J1103.6-2329,1,0
4FGL J0816.4-1311,1,0
4FGL J2330.3-2948,1,0
4FGL J1321.3-2641,1,0
4FGL J1902.9-6748,1,0
4FGL J0818.4+2816,1,0
4FGL J1136.4+7009,1,0
4FGL J0937.9-1434,1,0
4FGL J0855.9+7144,1,0
4FGL J1818.6+0903,1,0
4FGL J1028.3+3108,1,0
4FGL J2007.2+6607,1,0
4FGL J0202.6-0258,1,0
4FGL J1806.8+6949,1,0
4FGL J1229.0+0202,1,0
4FGL J0403.5-2437,1,0
4FGL J0516.4+7350,1,0
4FGL J0923.5+4125,1,0
4FGL J2117.8-3243,1,0
4FGL J0059.3-0152,1,0
4FGL J1213.0+5129,1,0
4FGL J0242.3+1102,1,0
4FGL J1215.0+1656,1,0
4FGL J2346.7+0705,1,0
4FGL J1954.6-1122,1,0
4FGL J0543.9-5531,1,0
4FGL J0221.1+3556,1,0
4FGL J2257.5+0748,1,0
4FGL J1023.8+3002,1,0
4FGL J1154.0+6018,1,0
4FGL J1002.5+2215,1,0
4FGL J0921.7+2336,1,0
4FGL J0252.8-2219,1,0
4FGL J0222.0-1616,1,0
4FGL J0806.5+5930,1,0
4FGL J2228.6-1636,1,0
4FGL J1259.7-3223,1,0
4FGL J1807.9-6412,1,0
4FGL J1136.8+2550,1,0
4FGL J2350.6-3005,1,0
4FGL J0630.9-2406,1,0
4FGL J0856.8+2056,1,0
4FGL J0950.2+4553,1,0
4FGL J0507.7-6104,1,0
4FGL J2041.9-3735,1,0
4FGL J1216.1+0930,1,0
4FGL J1503.5+4759,1,0
4FGL J0035.8-0837,1,0
4FGL J0217.0-0821,1,0
4FGL J1150.6+4154,1,0
4FGL J0710.8-3851,1,0
4FGL J1730.6+0024,1,0
4FGL J2153.8-1137,1,0
4FGL J0713.8+1935,1,0
4FGL J0325.0-2416,1,0
4FGL J2358.5-1808,1,0
4FGL J0042.2+2319,1,0
4FGL J0719.3+3307,1,0
4FGL J1353.2+3740,1,0
4FGL J1202.5+3852,1,0
4FGL J2354.6+4554,1,0
4FGL J0255.8+0534,1,0
4FGL J0731.9+2805,1,0
4FGL J1338.0+6534,1,0
4FGL J0827.0-0708,1,0
4FGL J2017.5-3753,1,0
4FGL J2134.2-0154,1,0
4FGL J1637.1+1316,1,0
4FGL J1602.2+3051,1,0
4FGL J0609.0-2219,1,0
4FGL J0041.4+3800,1,0
4FGL J2108.7-0250,1,0
4FGL J2042.1+2427,1,0
4FGL J2359.0+3922,1,0
4FGL J0238.4-3116,1,0
4FGL J1227.1-4437,1,0
4FGL J0245.4+2408,1,0
4FGL J1742.5+5944,1,0
4FGL J1117.6+2550,1,0
4FGL J0223.1-1117,1,0
4FGL J0232.8+2018,1,0
4FGL J1340.5+4409,1,0
4FGL J1517.7+6525,1,0
4FGL J1023.2+2859,1,0
4FGL J2026.0-2845,1,0
4FGL J1058.6-8003,1,0
4FGL J1248.7+5127,1,0
4FGL J2244.6+2502,1,0
4FGL J1007.0+3455,1,0
4FGL J1250.6+0217,1,0
4FGL J1140.5+1528,1,0
4FGL J0123.7-2311,1,0
4FGL J0253.5+3216,1,0
4FGL J1151.5-1347,1,0
4FGL J1657.7+4808,1,0
4FGL J1205.7-2635,1,0
4FGL J1724.2+4005,1,0
4FGL J0533.8-3749,1,0
4FGL J1231.5+1421,1,0
4FGL J1310.2-1158,1,0
4FGL J0903.1+4652,1,0
4FGL J1136.4+6736,1,0
4FGL J0301.6-7155,1,0
4FGL J1424.1-1750,1,0
4FGL J2331.0-2147,1,0
4FGL J0635.6-7518,1,0
4FGL J0040.4-2340,1,0
4FGL J0932.7+1041,1,0
4FGL J1434.2+4204,1,0
4FGL J2145.0-3356,1,0
4FGL J0413.1-5332,1,0
4FGL J1647.5+2911,1,0
4FGL J1443.9-3908,1,0
4FGL J1626.3+3514,1,0
4FGL J2153.1-0041,1,0
4FGL J0448.6-1632,1,0
4FGL J1401.2-0915,1,0
4FGL J2329.3-4955,1,0
4FGL J1057.8-2754,1,0
4FGL J0934.5-1720,1,0
4FGL J2324.7-4041,1,0
4FGL J1231.7+2847,1,0
4FGL J1359.7+4012,1,0
4FGL J1246.3+0112,1,0
4FGL J2204.3+0438,1,0
4FGL J1236.3+3858,1,0
4FGL J0343.4+3621,1,0
4FGL J2000.6-1328,1,0
4FGL J2009.4-4849,1,0
4FGL J0618.1-2428,1,0
4FGL J0926.4+5412,1,0
4FGL J0610.9-6054,1,0
4FGL J0202.4+0849,1,0
4FGL J0917.3-0342,1,0
4FGL J0820.9+2353,1,0
4FGL J0538.2-3910,1,0
4FGL J2243.4-2544,1,0
4FGL J1053.7+4930,1,0
4FGL J2354.9+8151,1,0
4FGL J0253.2-0124,1,0
4FGL J0033.5-1921,1,0
4FGL J2054.8+0015,1,0
4FGL J1533.2+1855,1,0
4FGL J1724.1+3304,1,0
4FGL J0912.5+1556,1,0
4FGL J1744.0+1935,1,0
4FGL J0819.4-0756,1,0
4FGL J1530.9+5736,1,0
4FGL J1816.9-4942,1,0
4FGL J1008.8-3139,1,0
4FGL J1302.8+5748,1,0
4FGL J1607.0+1550,1,0
4FGL J0740.9+3203,1,0
4FGL J1824.1+5651,1,0
4FGL J0952.8+0712,1,0
4FGL J0424.9-5331,1,0
4FGL J1231.6+6415,1,0
4FGL J2236.2-1706,1,0
4FGL J0009.1+0628,1,0
4FGL J0236.8-6136,1,0
4FGL J0521.3-1734,1,0
4FGL J1959.1-4247,1,0
4FGL J1102.6+5251,1,0
4FGL J0742.1+4902,1,0
4FGL J1203.4-3925,1,0
4FGL J1353.3+1434,1,0
4FGL J2330.6-3726,1,0
4FGL J1628.6+7706,1,0
4FGL J1416.1-2417,1,0
4FGL J1003.6+2605,1,0
4FGL J0429.3-4326,1,0
4FGL J0839.7+3540,1,0
4FGL J0325.5-5635,1,0
4FGL J0925.7+3126,1,0
4FGL J1326.1+1232,1,0
4FGL J0837.3+1458,1,0
4FGL J1341.2+3958,1,0
4FGL J0110.7-1254,1,0
4FGL J1012.7+2439,1,0
4FGL J1506.4+4331,1,0
4FGL J2145.5+1006,1,0
4FGL J2157.5+3127,1,0
4FGL J0733.7+4110,1,0
4FGL J1125.9-0742,1,0
4FGL J0038.1+0012,1,0
4FGL J1546.5+1816,1,0
4FGL J0656.3+4235,1,0
4FGL J0654.3+5042,1,0
4FGL J1132.7+0034,1,0
4FGL J2359.0-3038,1,0
4FGL J0505.6+0415,1,0
4FGL J0957.6+5523,1,0
4FGL J2224.0-1127,1,0
4FGL J0558.0-3837,1,0
4FGL J0140.6-0758,1,0
4FGL J0113.7+0225,1,0
4FGL J1319.5+1404,1,0
4FGL J0959.4+2120,1,0
4FGL J0809.5+5341,1,0
4FGL J1834.2+3136,1,0
4FGL J0312.9+3614,1,0
4FGL J0333.7+7851,1,0
4FGL J0212.4-3502,1,0
4FGL J2325.4-4800,1,0
4FGL J1209.7+2548,1,0
4FGL J1423.5-7829,1,0
4FGL J1913.0-8009,1,0
4FGL J2152.5+1737,1,0
4FGL J1351.0+0029,1,0
4FGL J2225.7-0457,1,0
4FGL J0749.7+7450,1,0
4FGL J0710.4+5908,1,0
4FGL J0051.2-6242,1,0
4FGL J0904.6+4238,1,0
4FGL J1442.7+1200,1,0
4FGL J0910.6+2247,1,0
4FGL J0536.4-3343,1,0
4FGL J2200.3+1029,1,0
4FGL J0216.5+2313,1,0
4FGL J2259.7-3549,1,0
4FGL J0305.1-1608,1,0
4FGL J1224.9+4334,1,0
4FGL J1015.0+4926,1,0
4FGL J0509.6-0402,1,0
4FGL J1224.1+2239,1,0
4FGL J0209.9+7229,1,0
4FGL J1254.9-4426,1,0
4FGL J2307.6+1451,1,0
4FGL J1402.6+1600,1,0
4FGL J0049.0+2252,1,0
4FGL J1322.2+0842,1,0
4FGL J1303.6-4622,1,0
4FGL J2340.8+8015,1,0
4FGL J0208.5-0046,1,0
4FGL J1410.4+2820,1,0
4FGL J1107.7-3042,1,0
4FGL J1858.3+4321,1,0
4FGL J1035.6+4409,1,0
4FGL J2145.7+0718,1,0
4FGL J2144.3-7802,1,0
4FGL J2001.7+7040,1,0
4FGL J0336.5-0348,1,0
4FGL J1006.5+6440,1,0
4FGL J2258.4-5524,1,0
4FGL J1642.9+3948,1,0
4FGL J0208.6+3523,1,0
4FGL J0912.9-2102,1,0
4FGL J0354.7-1617,1,0
4FGL J0238.7+2555,1,0
4FGL J0451.8-4651,1,0
4FGL J1230.9+3711,1,0
4FGL J1142.0+1548,1,0
4FGL J0617.7-1715,1,0
4FGL J1954.9-5640,1,0
4FGL J0004.3+4614,1,0
4FGL J1208.4+6121,1,0
4FGL J0819.4+4035,1,0
4FGL J0153.5-5107,1,0
4FGL J0220.8-0841,1,0
4FGL J2226.8+0051,1,0
4FGL J2331.3-1558,1,0
4FGL J0223.2-1653,1,0
4FGL J1418.9+7731,1,0
4FGL J0842.7+6656,1,0
4FGL J0507.9+6737,1,0
4FGL J1411.8+5249,1,0
4FGL J2055.4-0504,1,0
4FGL J1653.8+3945,1,0
4FGL J1403.4+4319,1,0
4FGL J0654.7+4246,1,0
4FGL J0110.2+4151,1,0
4FGL J0044.2-8424,1,0
4FGL J1540.7+1449,1,0
4FGL J0916.7+5238,1,0
4FGL J1048.0-1912,1,0
4FGL J1301.5+4413,1,0
4FGL J1233.6+5027,1,0
4FGL J0245.5-4502,1,0
4FGL J0829.4+0857,1,0
4FGL J2353.7-3037,1,0
4FGL J1929.4+6146,1,0
4FGL J0349.4-1159,1,0
4FGL J1404.8+0402,1,0
4FGL J2250.4-4206,1,0
4FGL J2131.0-2746,1,0
4FGL J2201.5-8339,1,0
4FGL J0303.3+0555,1,0
4FGL J0809.6+3455,1,0
4FGL J1145.5+4423,1,0
4FGL J0005.9+3824,1,0
4FGL J0110.0-4019,1,0
4FGL J0528.7-5920,1,0
4FGL J0216.8-6635,1,0
4FGL J2311.8+4541,1,0
4FGL J1529.2+3812,1,0
4FGL J0028.8-0112,1,0
4FGL J1852.4+4856,1,0
4FGL J2159.1-2840,1,0
4FGL J1513.4-3231,1,0
4FGL J0946.0+4735,1,0
4FGL J1439.9-3953,1,0
4FGL J1626.6-7639,1,0
4FGL J0244.6-5819,1,0
4FGL J1640.9+1143,1,0
4FGL J0357.0-4955,1,0
4FGL J0532.9-8325,1,0
4FGL J0440.2-2458,1,0
4FGL J0314.3+0620,1,0
4FGL J0037.6+3653,1,0
4FGL J1104.0+0020,1,0
4FGL J1738.3+3228,1,0
4FGL J0353.7+8257,1,0
4FGL J1117.2+0008,1,0
4FGL J1225.0+0330,1,0
4FGL J1603.8+5009,1,0
4FGL J2319.1-4207,1,0
4FGL J0121.8-3916,1,0
4FGL J0317.7-2804,1,0
4FGL J1202.5-0528,1,0
4FGL J0955.1+3551,1,0
4FGL J1849.4+2745,0,1
4FGL J0056.4-2118,0,1
4FGL J2300.3+3136,0,1
4FGL J1454.4+5124,0,1
4FGL J0607.4+4739,0,1
4FGL J1019.7+6321,0,1
4FGL J1736.0+2033,0,1
4FGL J2010.0+7229,0,1
4FGL J0334.2-3725,0,1
4FGL J1445.9-1626,0,1
4FGL J0125.3-2548,0,1
4FGL J2256.7+1307,0,1
4FGL J2325.2+3957,0,1
4FGL J1118.0+5356,0,1
4FGL J2200.1+2138,0,1
4FGL J1330.4+3157,0,1
4FGL J2235.8-3627,0,1
4FGL J2039.0-1046,0,1
4FGL J2311.0+0205,0,1
4FGL J1047.7+7238,0,1
4FGL J1439.7+4958,0,1
4FGL J1811.0+1608,0,1
4FGL J1516.8+3651,0,1
4FGL J1649.4+5235,0,1
4FGL J1925.8-2220,0,1
4FGL J1926.8+6154,0,1
4FGL J1624.6+5651,0,1
4FGL J0144.6+2705,0,1
4FGL J1841.3+2909,0,1
4FGL J0723.7+2050,0,1
4FGL J0515.8+1527,0,1
4FGL J0610.1-1848,0,1
4FGL J2304.6+3704,0,1
4FGL J0859.4+6218,0,1
4FGL J0856.6-1105,0,1
4FGL J0333.7+2916,0,1
4FGL J1253.2+5301,0,1
4FGL J1110.2+7135,0,1
4FGL J1314.7+2348,0,1
4FGL J0834.6+4402,0,1
4FGL J1426.1+3403,0,1
4FGL J1701.3+3956,0,1
4FGL J0909.6+0159,0,1
4FGL J0847.9-0702,0,1
4FGL J1125.1-2101,0,1
4FGL J0743.1+1713,0,1
4FGL J0013.1-3955,0,1
4FGL J2050.0+0408,0,1
4FGL J0829.7+5105,0,1
4FGL J0115.6+0356,0,1
4FGL J1353.0-4413,0,1
4FGL J1233.7-0144,0,1
4FGL J0245.1-0257,0,1
4FGL J1201.7+1429,0,1
4FGL J1248.3+5820,0,1
4FGL J0359.4-2616,0,1
4FGL J1218.5-0119,0,1
4FGL J2346.7+8008,0,1
4FGL J0617.2+5701,0,1
4FGL J2243.9+2021,0,1
4FGL J0929.3+5014,0,1
4FGL J2149.6+0323,0,1
4FGL J0022.1-1854,0,1
4FGL J2235.3+1818,0,1
4FGL J2324.7+0801,0,1
4FGL J0709.1+2241,0,1
4FGL J1440.0-1530,0,1
4FGL J2112.7+0819,0,1
4FGL J0058.0-3233,0,1
4FGL J0612.8+4122,0,1
4FGL J2022.3-4513,0,1
4FGL J0127.2+0324,0,1
4FGL J1702.2+2642,0,1
4FGL J0625.3+4439,0,1
4FGL J1550.8-0822,0,1
4FGL J0851.5+5528,0,1
4FGL J1813.6+0614,0,1
4FGL J0850.0+4855,0,1
4FGL J1810.7+5335,0,1
4FGL J1220.1+3432,0,1
4FGL J0558.8-7459,0,1
4FGL J1331.6+1711,0,1
4FGL J0644.4-6712,0,1
4FGL J1903.2+5540,0,1
4FGL J1516.9+1934,0,1
4FGL J0031.3+0726,0,1
4FGL J1423.1+3738,0,1
4FGL J2012.2-1646,0,1
4FGL J0022.5+0608,0,1
4FGL J1410.1+0202,0,1
4FGL J0706.9+6109,0,1
4FGL J1546.1-1003,0,1
4FGL J1154.1-3243,0,1
4FGL J0817.8-0934,0,1
4FGL J1553.5-3118,0,1
4FGL J0348.6-1609,0,1
4FGL J1059.2-1134,0,1
4FGL J0506.0+6113,0,1
4FGL J1345.6-3356,0,1
4FGL J0338.5+1302,0,1
4FGL J0942.3-0800,0,1
4FGL J0905.6+1358,0,1
4FGL J0021.5-2552,0,1
4FGL J2247.8+4413,0,1
4FGL J0019.6+2022,0,1
4FGL J0953.0-0840,0,1
4FGL J1159.0+0939,0,1
4FGL J0243.4+7119,0,1
4FGL J0009.3+5030,0,1
4FGL J0139.0+2601,0,1
4FGL J0029.0-7044,0,1
4FGL J0001.2-0747,0,1
4FGL J1754.2+3212,0,1
4FGL J0138.0+2247,0,1
4FGL J1823.5+6858,0,1
4FGL J1448.0+3608,0,1
4FGL J2134.5-2130,0,1
4FGL J0219.0+2443,0,1
4FGL J0540.5+5823,0,1
4FGL J1536.8-3155,0,1
4FGL J2021.9+0629,0,1
4FGL J0322.0+2335,0,1
4FGL J2139.4-4235,0,1
4FGL J0136.5+3906,0,1
4FGL J0817.8+3243,0,1
4FGL J0901.2+6742,0,1
4FGL J2133.9+6646,0,1
4FGL J1955.1-1604,0,1
4FGL J2144.2+3132,0,1
4FGL J1427.6-3305,0,1
4FGL J1107.6+0222,0,1
4FGL J1841.8+3218,0,1
4FGL J0155.0+4433,0,1
4FGL J2256.6-2011,0,1
4FGL J1425.0+3615,0,1
4FGL J0241.0-0505,0,1
4FGL J1811.3+0340,0,1
4FGL J2056.7-3209,0,1
4FGL J0700.5-6610,0,1
4FGL J1819.1+2133,0,1
4FGL J1309.7+1153,0,1
4FGL J1641.9-0621,0,1
4FGL J0202.7+4204,0,1
4FGL J1238.3-1959,0,1
4FGL J1832.6-5658,0,1
4FGL J0354.7+8009,0,1
4FGL J0941.9+2724,0,1
4FGL J1018.8+5913,0,1
4FGL J0203.6+7233,0,1
4FGL J0728.2+4827,0,1
4FGL J0023.9+1603,0,1
4FGL J0805.9+3834,0,1
4FGL J1351.3+1115,0,1
4FGL J1338.9+1153,0,1
4FGL J2352.0+1750,0,1
4FGL J0839.4+1803,0,1
4FGL J1836.4+3137,0,1
4FGL J1259.8-3749,0,1
4FGL J1022.4-4231,0,1
4FGL J1921.8-1607,0,1
4FGL J0304.9-0606,0,1
4FGL J0045.1-3706,0,1
4FGL J2046.6-1012,0,1
4FGL J2015.2-0137,0,1
4FGL J1745.4-0753,0,1
4FGL J1830.0+1324,0,1
4FGL J1808.2+3500,0,1
4FGL J0045.3+2128,0,1
4FGL J0158.5-3932,0,1
4FGL J0440.8+2749,0,1
4FGL J0814.2-1013,0,1
4FGL J1500.9+5528,0,1
4FGL J0409.8-0359,0,1
4FGL J1427.7-3215,0,1
4FGL J1820.3+3624,0,1
4FGL J1927.5+6117,0,1
4FGL J0706.5+3744,0,1
4FGL J0209.3+4449,0,1
4FGL J2223.3+0102,0,1
4FGL J1245.8+0232,0,1
4FGL J1040.5+0617,0,1
4FGL J0615.3-3117,0,1
4FGL J0258.1+2030,0,1
4FGL J0935.3-1736,0,1
4FGL J0502.5+1340,0,1
4FGL J1539.7-1127,0,1
4FGL J0159.7-2740,0,1
4FGL J1156.6-2248,0,1
4FGL J0505.6-1558,0,1
4FGL J0818.7+3153,0,1
4FGL J0928.7-3529,0,1
4FGL J1829.3+5402,0,1
4FGL J1315.9-0732,0,1
4FGL J1539.9+4220,0,1
4FGL J1520.8-0348,0,1
4FGL J1110.5-1836,0,1
4FGL J0556.2-4352,0,1
4FGL J2104.3-0212,0,1
4FGL J2127.7+3612,0,1
4FGL J1113.8+1528,0,1
4FGL J0314.3-5103,0,1
4FGL J0628.8-6250,0,1
4FGL J2212.6+2800,0,1
4FGL J1011.6+3600,0,1
4FGL J1124.9+4934,0,1
4FGL J1518.0-2731,0,1
4FGL J1223.8+8039,0,1
4FGL J1032.7+6624,0,1
4FGL J1159.5-0723,0,1
4FGL J0930.3+8612,0,1
4FGL J1740.6+5346,0,1
4FGL J1431.1-3120,0,1
4FGL J0309.7-0745,0,1
4FGL J1307.6-4259,0,1
4FGL J0506.7-0857,0,1
4FGL J1918.2-4111,0,1
4FGL J2024.4-0847,0,1
4FGL J0848.7+7017,0,1
4FGL J0219.5+0724,0,1
4FGL J1608.0-2038,0,1
4FGL J1330.2+7002,0,1
4FGL J2325.6+1644,0,1
4FGL J1505.0-3433,0,1
4FGL J0747.5+0905,0,1
4FGL J0807.1-0541,0,1
4FGL J2036.4+6553,0,1
4FGL J2108.9-6638,0,1
4FGL J0232.9+2608,0,1
4FGL J2115.2+1218,0,1
4FGL J0812.8+6507,0,1
4FGL J1233.1+1703,0,1
4FGL J2234.1-2656,0,1
4FGL J2030.9+1935,0,1
4FGL J1347.1-2959,0,1
4FGL J0142.7-0543,0,1
4FGL J1223.5+0818,0,1
4FGL J0132.8-4413,0,1
4FGL J1406.1-2508,0,1
4FGL J1030.6-2028,0,1
4FGL J1511.8-0513,0,1
4FGL J0703.2-3914,0,1
4FGL J1213.8-4345,0,1
4FGL J0820.9-1258,0,1
4FGL J0107.4+0334,0,1
4FGL J0116.0-2745,0,1
4FGL J0200.6-6637,0,1
4FGL J1141.5-1408,0,1
4FGL J1226.0+5622,0,1
4FGL J1749.0+4321,0,1
4FGL J2351.3-7559,0,1
4FGL J0208.3-6838,0,1
4FGL J0930.7+3502,0,1
4FGL J1407.6-4301,0,1
4FGL J1454.7+5237,0,1
4FGL J1741.2+5739,0,1
4FGL J1549.8-0659,0,1
4FGL J0433.1+3227,0,1
4FGL J0116.2-6153,0,1
4FGL J0706.8+7742,0,1
4FGL J1610.7-6648,0,1
4FGL J1612.4-3100,0,1
4FGL J1219.7+0444,0,1
4FGL J1807.9+4650,0,1
4FGL J1113.9+5523,0,1
4FGL J1305.6+7853,0,1
4FGL J1055.5-0125,0,1
4FGL J0831.5+1747,0,1
4FGL J1135.1+3014,0,1
4FGL J0718.6-4319,0,1
4FGL J0431.8+7403,0,1
4FGL J2319.7+1609,0,1
4FGL J2005.1+7003,0,1
4FGL J0553.5-2034,0,1
4FGL J1704.5-0527,0,1
4FGL J1319.8+7759,0,1
4FGL J0811.0-7529,0,1
4FGL J1849.4-4313,0,1
4FGL J1238.1-4541,0,1
4FGL J0335.1-4459,0,1
4FGL J1328.5-4727,0,1
4FGL J0310.6-5017,0,1
4FGL J0826.4-6404,0,1
4FGL J0153.0+7517,0,1
4FGL J1959.7-4725,0,1
4FGL J1540.1+8155,0,1
4FGL J1330.3+4441,0,1
4FGL J0532.0-4827,0,1
4FGL J1411.5-0723,0,1
4FGL J0019.3-8152,0,1
4FGL J0647.7-6058,0,1
4FGL J1027.0-8542,0,1
4FGL J0312.5-2221,0,1
4FGL J0848.9+0205,0,1
4FGL J1042.1-4128,0,1
4FGL J0120.4-2701,0,1
4FGL J1643.0-7714,0,1
4FGL J1642.3-8108,0,1
4FGL J1407.5-2706,0,1
4FGL J1052.9-3743,0,1
4FGL J1616.7+3327,0,1
4FGL J1223.6-3032,0,1
4FGL J1557.5-7040,0,1
4FGL J0316.2-6437,0,1
4FGL J0040.3+4050,0,1
4FGL J1036.5+1231,0,1
4FGL J1834.7-5858,0,1
4FGL J2251.5-4928,0,1
4FGL J1304.3-4353,0,1
4FGL J1420.3+0612,0,1
4FGL J1941.3-6210,0,1
4FGL J1058.0+4305,0,1
4FGL J2258.3-3643,0,1
4FGL J2041.8-7319,0,1
4FGL J0226.5-4441,0,1
4FGL J0626.4-4259,0,1
4FGL J2034.8-4200,0,1
4FGL J1155.5-3418,0,1
4FGL J0143.7-5846,0,1
4FGL J0112.8-7506,0,1
4FGL J2103.8-6233,0,1
