Source_Name,Predicted_z,Bias_Corrected_z
4FGL J0001.2-0747,0.39,0.24
4FGL J0009.3+5030,0.57,0.51
4FGL J0013.1-3955,0.7,0.72
4FGL J0019.3-8152,0.24,0.06
4FGL J0019.6+2022,0.79,0.88
4FGL J0021.5-2552,0.48,0.37
4FGL J0022.1-1854,0.57,0.51
4FGL J0022.5+0608,0.76,0.82
4FGL J0023.9+1603,0.63,0.61
4FGL J0029.0-7044,0.59,0.54
4FGL J0031.3+0726,0.32,0.16
4FGL J0045.3+2128,0.34,0.18
4FGL J0056.4-2118,0.51,0.42
4FGL J0058.0-3233,0.54,0.46
4FGL J0058.3+1723,0.37,0.23
4FGL J0107.4+0334,0.4,0.26
4FGL J0112.8-7506,0.39,0.25
4FGL J0115.6+0356,0.48,0.38
4FGL J0116.0-2745,0.31,0.14
4FGL J0116.2-6153,0.39,0.25
4FGL J0120.4-2701,0.34,0.18
4FGL J0125.3-2548,0.71,0.74
4FGL J0127.2+0324,0.34,0.18
4FGL J0132.8-4413,0.37,0.22
4FGL J0136.5+3906,0.34,0.18
4FGL J0138.0+2247,0.26,0.08
4FGL J0139.0+2601,0.33,0.16
4FGL J0142.7-0543,0.36,0.2
4FGL J0143.7-5846,0.21,0.02
4FGL J0144.6+2705,0.73,0.77
4FGL J0153.0+7517,0.31,0.14
4FGL J0155.0+4433,0.54,0.46
4FGL J0158.5-3932,0.4,0.27
4FGL J0159.7-2740,0.39,0.25
4FGL J0202.7+4204,0.51,0.42
4FGL J0203.6+7233,0.47,0.35
4FGL J0208.3-6838,0.44,0.32
4FGL J0209.3+4449,0.29,0.12
4FGL J0219.5+0724,0.42,0.29
4FGL J0226.5-4441,0.32,0.16
4FGL J0232.9+2608,0.35,0.19
4FGL J0241.0-0505,0.58,0.52
4FGL J0243.4+7119,0.66,0.64
4FGL J0245.1-0257,0.45,0.33
4FGL J0258.1+2030,0.6,0.55
4FGL J0304.9-0606,0.48,0.37
4FGL J0309.7-0745,0.32,0.16
4FGL J0310.6-5017,0.28,0.1
4FGL J0312.5-2221,0.37,0.23
4FGL J0314.3-5103,0.55,0.47
4FGL J0316.2-6437,0.41,0.28
4FGL J0322.0+2335,0.2,0.0
4FGL J0333.7+2916,0.41,0.27
4FGL J0334.2-3725,0.38,0.23
4FGL J0338.5+1302,0.4,0.26
4FGL J0348.6-1609,0.28,0.1
4FGL J0409.8-0359,0.49,0.39
4FGL J0431.8+7403,0.3,0.14
4FGL J0433.1+3227,0.28,0.1
4FGL J0440.8+2749,0.44,0.31
4FGL J0502.5+1340,0.58,0.53
4FGL J0505.6-1558,0.38,0.23
4FGL J0506.0+6113,0.48,0.37
4FGL J0506.7-0857,0.43,0.3
4FGL J0513.9-3746,0.81,0.91
4FGL J0515.8+1527,0.47,0.36
4FGL J0532.0-4827,0.52,0.44
4FGL J0540.5+5823,0.19,-0.01
4FGL J0553.5-2034,0.45,0.33
4FGL J0558.8-7459,0.43,0.3
4FGL J0607.4+4739,0.41,0.27
4FGL J0610.1-1848,0.56,0.49
4FGL J0612.8+4122,0.52,0.43
4FGL J0615.3-3117,0.32,0.16
4FGL J0616.1-1732,0.34,0.18
4FGL J0617.2+5701,0.41,0.27
4FGL J0625.3+4439,0.52,0.44
4FGL J0626.4-4259,0.38,0.23
4FGL J0628.8-6250,0.9,1.08
4FGL J0700.5-6610,0.26,0.08
4FGL J0703.2-3914,0.45,0.32
4FGL J0706.5+3744,0.42,0.29
4FGL J0706.8+7742,0.57,0.51
4FGL J0706.9+6109,0.26,0.08
4FGL J0709.1+2241,0.41,0.28
4FGL J0718.6-4319,0.5,0.4
4FGL J0728.2+4827,0.33,0.17
4FGL J0743.1+1713,0.41,0.27
4FGL J0746.6-4754,0.33,0.17
4FGL J0747.5+0905,0.24,0.05
4FGL J0805.9+3834,0.38,0.24
4FGL J0807.1-0541,0.5,0.4
4FGL J0811.0-7529,0.51,0.42
4FGL J0812.8+6507,0.23,0.04
4FGL J0814.2-1013,0.37,0.22
4FGL J0817.8+3243,0.42,0.29
4FGL J0817.8-0934,0.55,0.47
4FGL J0818.7+3153,0.49,0.38
4FGL J0820.9-1258,0.41,0.28
4FGL J0826.4-6404,0.15,-0.05
4FGL J0834.6+4402,0.43,0.31
4FGL J0839.4+1803,0.26,0.08
4FGL J0847.9-0702,0.28,0.11
4FGL J0848.9+0205,0.56,0.49
4FGL J0850.0+4855,0.44,0.31
4FGL J0851.5+5528,0.51,0.42
4FGL J0856.6-1105,0.59,0.55
4FGL J0859.4+6218,0.37,0.22
4FGL J0901.2+6742,0.67,0.66
4FGL J0905.6+1358,0.38,0.24
4FGL J0909.6+0159,0.64,0.62
4FGL J0929.3+5014,0.53,0.45
4FGL J0930.3+8612,0.58,0.52
4FGL J0930.7+3502,0.61,0.57
4FGL J0942.3-0800,0.58,0.53
4FGL J0953.0-0840,0.35,0.19
4FGL J0955.2+0835,0.4,0.26
4FGL J1018.8+5913,0.4,0.26
4FGL J1019.7+6321,0.64,0.62
4FGL J1022.4-4231,0.66,0.65
4FGL J1027.0-8542,0.42,0.29
4FGL J1032.7+6624,0.5,0.4
4FGL J1038.5+3926,0.4,0.26
4FGL J1040.5+0617,0.7,0.72
4FGL J1045.3+2751,0.5,0.4
4FGL J1047.7+7238,0.35,0.19
4FGL J1055.5-0125,0.29,0.11
4FGL J1058.0+4305,0.71,0.74
4FGL J1059.2-1134,0.46,0.34
4FGL J1107.6+0222,0.4,0.26
4FGL J1110.2+7135,0.32,0.16
4FGL J1110.5-1836,0.44,0.32
4FGL J1118.0+5356,0.4,0.26
4FGL J1124.9+4934,0.35,0.2
4FGL J1125.1-2101,0.34,0.19
4FGL J1141.5-1408,0.26,0.08
4FGL J1149.2+6246,0.41,0.28
4FGL J1154.1-3243,0.9,1.1
4FGL J1159.5-0723,0.46,0.34
4FGL J1201.7+1429,0.65,0.63
4FGL J1218.5-0119,0.47,0.35
4FGL J1219.7+0444,0.31,0.14
4FGL J1220.1+3432,0.4,0.27
4FGL J1223.3+1213,0.47,0.36
4FGL J1233.1+1703,0.29,0.12
4FGL J1233.7-0144,0.58,0.52
4FGL J1238.3-1959,0.42,0.29
4FGL J1248.3+5820,0.26,0.09
4FGL J1253.2+5301,0.51,0.41
4FGL J1259.8-3749,0.39,0.24
4FGL J1304.3-4353,0.33,0.17
4FGL J1305.9+3858,0.41,0.27
4FGL J1307.6-4259,0.14,-0.06
4FGL J1309.7+1153,0.59,0.54
4FGL J1314.7+2348,0.4,0.27
4FGL J1319.8+7759,0.37,0.23
4FGL J1328.5-4727,0.26,0.08
4FGL J1330.2+7002,0.37,0.22
4FGL J1330.3+4441,0.45,0.33
4FGL J1330.4+3157,0.65,0.63
4FGL J1331.6+1711,0.46,0.34
4FGL J1338.9+1153,0.41,0.28
4FGL J1345.6-3356,0.49,0.39
4FGL J1347.1-2959,0.41,0.27
4FGL J1351.3+1115,0.31,0.14
4FGL J1353.0-4413,0.44,0.31
4FGL J1406.1-2508,0.41,0.27
4FGL J1407.5-2706,0.28,0.1
4FGL J1410.1+0202,0.58,0.52
4FGL J1423.1+3738,0.57,0.51
4FGL J1425.0+3615,0.53,0.44
4FGL J1426.1+3403,0.47,0.36
4FGL J1427.6-3305,0.75,0.8
4FGL J1431.1-3120,0.32,0.15
4FGL J1439.7+4958,0.58,0.53
4FGL J1440.0-1530,0.47,0.36
4FGL J1445.9-1626,0.72,0.75
4FGL J1448.0+3608,0.39,0.24
4FGL J1454.4+5124,0.38,0.23
4FGL J1500.9+5528,0.41,0.27
4FGL J1505.0-3433,0.91,1.11
4FGL J1511.8-0513,0.2,0.0
4FGL J1513.4-0753,0.31,0.14
4FGL J1516.8+3651,0.57,0.51
4FGL J1516.9+1934,0.49,0.38
4FGL J1518.0-2731,0.21,0.02
4FGL J1520.8-0348,0.43,0.3
4FGL J1536.8-3155,0.6,0.56
4FGL J1539.7-1127,0.31,0.14
4FGL J1540.1+8155,0.3,0.13
4FGL J1553.5-3118,0.31,0.15
4FGL J1557.5-7040,0.67,0.67
4FGL J1610.7-6648,0.31,0.15
4FGL J1618.8+0620,0.47,0.35
4FGL J1624.6+5651,0.34,0.18
4FGL J1641.9-0621,0.86,1.01
4FGL J1642.3-8108,0.47,0.36
4FGL J1643.0-7714,0.36,0.2
4FGL J1649.4+5235,0.4,0.26
4FGL J1701.3+3956,0.32,0.15
4FGL J1702.2+2642,0.3,0.13
4FGL J1704.5-0527,0.37,0.22
4FGL J1736.0+2033,0.34,0.19
4FGL J1740.6+5346,0.55,0.48
4FGL J1745.4-0753,0.55,0.48
4FGL J1749.0+4321,0.71,0.74
4FGL J1754.2+3212,0.53,0.44
4FGL J1807.9+4650,0.32,0.16
4FGL J1811.0+1608,0.41,0.28
4FGL J1811.3+0340,0.29,0.11
4FGL J1813.6+0614,0.59,0.54
4FGL J1819.1+2133,0.36,0.21
4FGL J1820.3+3624,0.33,0.17
4FGL J1823.5+6858,0.73,0.76
4FGL J1829.3+5402,0.41,0.27
4FGL J1830.0+1324,0.46,0.34
4FGL J1832.6-5658,0.51,0.42
4FGL J1834.7-5858,0.75,0.81
4FGL J1836.4+3137,0.29,0.12
4FGL J1841.3+2909,0.25,0.07
4FGL J1841.8+3218,0.38,0.24
4FGL J1849.4+2745,0.62,0.59
4FGL J1849.4-4313,0.6,0.56
4FGL J1903.2+5540,0.5,0.4
4FGL J1918.2-4111,0.69,0.71
4FGL J1921.8-1607,0.38,0.23
4FGL J1925.8-2220,0.56,0.49
4FGL J1926.8+6154,0.32,0.15
4FGL J1927.5+6117,0.56,0.49
4FGL J1955.1-1604,0.25,0.06
4FGL J1959.7-4725,0.38,0.24
4FGL J2005.1+7003,0.39,0.25
4FGL J2010.0+7229,0.73,0.77
4FGL J2015.2-0137,0.46,0.35
4FGL J2021.9+0629,0.32,0.16
4FGL J2022.3-4513,0.32,0.15
4FGL J2023.8-4828,0.47,0.35
4FGL J2024.4-0847,0.38,0.24
4FGL J2030.9+1935,0.42,0.29
4FGL J2036.4+6553,0.53,0.44
4FGL J2039.0-1046,0.56,0.5
4FGL J2050.0+0408,0.52,0.43
4FGL J2056.7-3209,0.6,0.55
4FGL J2104.3-0212,0.31,0.14
4FGL J2108.9-6638,0.53,0.44
4FGL J2112.7+0819,0.34,0.18
4FGL J2127.7+3612,0.41,0.27
4FGL J2133.9+6646,0.49,0.38
4FGL J2134.5-2130,0.63,0.6
4FGL J2139.4-4235,0.28,0.11
4FGL J2144.2+3132,0.46,0.35
4FGL J2149.6+0323,0.42,0.28
4FGL J2200.1+2138,0.39,0.25
4FGL J2212.6+2800,0.66,0.64
4FGL J2223.3+0102,0.49,0.39
4FGL J2234.1-2656,0.61,0.58
4FGL J2235.8-3627,0.6,0.55
4FGL J2243.9+2021,0.41,0.28
4FGL J2247.8+4413,0.18,-0.01
4FGL J2251.5-4928,0.56,0.49
4FGL J2256.6-2011,0.58,0.52
4FGL J2256.7+1307,0.38,0.23
4FGL J2258.3-3643,0.36,0.21
4FGL J2300.3+3136,0.54,0.46
4FGL J2304.6+3704,0.19,0.0
4FGL J2311.0+0205,0.41,0.27
4FGL J2317.4-4533,0.46,0.34
4FGL J2319.7+1609,0.3,0.13
4FGL J2324.7+0801,0.49,0.38
4FGL J2325.2+3957,0.72,0.75
4FGL J2325.6+1644,0.27,0.1
4FGL J2351.3-7559,0.38,0.24
4FGL J2352.0+1750,0.45,0.32
4FGL J0035.9+5950,0.27,0.09
4FGL J0131.1+6120,0.39,0.24
4FGL J0137.9+5814,0.23,0.04
4FGL J0223.0+6821,0.42,0.29
4FGL J0241.3+6543,0.43,0.31
4FGL J0303.6+4716,0.38,0.23
4FGL J0331.9+6307,0.64,0.62
4FGL J0333.9+6537,0.44,0.32
4FGL J0353.0+5654,0.4,0.26
4FGL J0423.9+4150,0.76,0.83
4FGL J0536.2+1733,0.51,0.41
4FGL J0601.0+3838,0.58,0.53
4FGL J0700.2+1304,0.35,0.2
4FGL J0702.7-1951,0.86,1.02
4FGL J0723.0-0732,0.2,0.01
4FGL J0730.5-0535,0.39,0.25
4FGL J0747.3-3310,0.82,0.93
4FGL J0754.4-1148,0.71,0.74
4FGL J0841.3-3554,0.35,0.2
4FGL J0844.9-5458,0.74,0.79
4FGL J1103.9-5357,0.51,0.41
4FGL J1326.8-5256,1.02,1.34
4FGL J1353.6-6640,0.2,0.0
4FGL J1604.5-4441,0.92,1.12
4FGL J1717.5-3342,0.64,0.61
4FGL J1844.4+1547,0.37,0.22
4FGL J1931.1+0937,0.27,0.09
4FGL J1942.7+1033,0.21,0.02
4FGL J1949.5+0906,0.21,0.03
4FGL J2001.2+4353,0.37,0.22
4FGL J2012.0+4629,0.36,0.2
4FGL J2053.8+2922,0.32,0.16
