obs,pred
0.684221,0.645829445940108
0.47483382,0.43144174297965615
0.4329023,0.5393108643904144
0.3271043,0.5676970047906349
0.3558719,0.3750863785761973
0.5319149,0.5333108105827262
0.8136697,0.6671870476903974
0.7423905,0.7047579471050287
0.55959713,0.6260085130277768
0.7744733,0.6327127140060397
0.78125,0.623133380894343
0.39022425,0.6618310728845935
0.625,0.5088899415448039
0.456621,0.4505989778308041
0.4012841,0.4521681759002729
0.37285605,0.45036210592543624
0.4819277,0.3990274094650565
0.91337043,0.9166112502323197
0.6770481,0.6769270469041455
0.990099,0.7048533316047442
0.6369427,0.6551286937087615
0.38815203,0.3383004916747974
0.81499594,0.5726253721216994
0.7676294,0.7363323671883585
0.78125,0.8020857734956228
0.35958287,0.45045591360811094
0.8,0.7337811713327373
0.76569676,0.733998595922108
0.73855245,0.69180370695401
0.54525626,0.6344858902998243
0.39184847,0.3802767912597503
0.9242144,0.9320254192395018
0.8084074,0.7043239758517941
0.6688963,0.5330338144896312
0.3566334,0.36638167406065303
0.7553509,0.8062278247603872
0.621118,0.7336700691033621
0.47840938,0.7043641898320223
0.9689923,0.5211903544697445
0.7320644,0.7535270262653835
0.9182736,0.8877188938242404
0.5748778,0.6264188445936021
0.45537338,0.45914126532703425
0.8244023,0.7990653097185048
0.7246377,0.6599860297211151
0.86956525,0.8581694221840528
0.41220114,0.4156729220349574
0.7911393,0.6558661669414929
0.50864697,0.5537900956220281
0.49212596,0.5565520167940327
0.4918839,0.5368649227086553
0.46274874,0.4581140452017491
0.79104537,0.8008021146028216
0.89206064,0.8003079068047112
0.4042037,0.5273581955981441
0.35752591,0.6216220806097007
0.5208333,0.4522785089808281
0.6116208,0.6635277982203718
0.33613446,0.4506620441606762
0.7692308,0.759870127257761
0.36376864,0.2935200850224032
0.89285713,0.7042916068278273
0.9064975,0.9166092559712641
0.8291874,0.5005188359901019
0.44531527,0.4326197947001114
0.42211905,0.4135699186543117
0.5817278,0.6218886420828309
0.87412584,0.8430286806880487
0.5336179,0.56744256401041
0.5988024,0.6720441105240197
0.5336179,0.5331400972902618
0.3640335,0.4273985684733279
0.6944444,0.6608073311646561
0.42111892,0.45234257673046263
0.32268474,0.42899735453114823
0.8733625,0.7047925472482491
0.7616146,0.7336280275240598
0.91240877,0.9109423779357919
0.81037277,0.7603356082176422
0.7429421,0.7044613986827205
0.45687136,0.42737045568334475
0.7905138,0.7620446441660186
0.56440735,0.5842024278166517
0.6238303,0.6218211623282138
0.45045045,0.5073464056928215
0.71994245,0.5838193055312575
0.9551098,0.8841579685475103
0.63171196,0.7340177926832732
0.6756757,0.7048863242838054
0.42283297,0.41248268257697157
0.736377,0.7598818120834884
0.5988024,0.5688409467900519
0.4016064,0.4530689117155545
0.46189377,0.5352467777053243
0.89710313,0.7325164959194043
0.63640964,0.590461408109757
0.7194245,0.7336032265710667
0.78616345,0.7598596476238719
0.7122507,0.7598523528474023
0.3208213,0.557571915090223
0.47528514,0.4996645747275926
0.5813953,0.620961536606831
0.7352941,0.6163575633721542
0.38075525,0.41251266910786255
0.4950495,0.537463214334421
0.87070096,0.8657421918307039
0.5194805,0.4504005201264719
0.3184713,0.5327277029647032
0.53792363,0.5580893035621223
0.5449591,0.5066484663293322
0.6711409,0.7047712491723819
0.5780347,0.6263285122069244
0.7272198,0.6267312081361408
0.46554935,0.42739991008563366
0.91074675,0.9168469013974931
0.5154639,0.6552454872797341
0.43103445,0.44969106519404156
0.9259259,0.9322714923733068
0.38729668,0.451102918543305
0.594884,0.7039782388631464
0.92394626,0.9188185020533822
0.6868132,0.533529249661008
0.7751938,0.6635085333528695
0.38314176,0.5885341751291361
0.8368201,0.733762140960541
0.94887733,0.6544254101486464
0.4385965,0.41271303734017106
0.77004105,0.7601516576480285
0.56179774,0.6229347750336967
0.42654657,0.4139461987637911
0.5678592,0.5663152150689441
0.3649635,0.42739995906958905
0.405515,0.412438456525844
0.37551633,0.49705287683587585
0.7974482,0.7997076707548457
0.75872535,0.6629757815977495
0.8598452,0.8429144350821516
0.5277045,0.5544616460448326
0.49925113,0.5329254358994207
0.8333333,0.8427617301387957
0.855432,0.7599817714697353
0.71787506,0.656025699629405
0.68540096,0.7990964724264031
0.8532423,0.798830204777703
0.7763975,0.7599259835828357
0.7518797,0.7338033584201942
0.62227756,0.5374391269546613
0.92165893,0.8951710152432218
0.2970003,0.3247223946405234
0.3683241,0.5207012707873039
0.8865248,0.8370307428509596
0.38167942,0.4501709709106174
0.69930065,0.7044480189498142
0.5144033,0.4624627060396854
0.67485493,0.6541647504373225
0.58892816,0.5779490275608281
0.6925208,0.8429500344816284
0.4016064,0.413038213765901
0.9595925,0.6545832523000472
0.49627796,0.45240275081310294
0.6618134,0.6667121544008291
0.2710027,0.2865663966589821
0.2773925,0.4829283387289526
0.3889537,0.43047474137989433
0.2886836,0.46540372208792463
0.32102728,0.33798655694126967
0.4952947,0.4510625174729942
0.9690026,0.9574806756629641
0.56657225,0.42740100626294786
0.32626426,0.42924038265292647
0.8273352,0.8429691222720828
0.8779632,0.911350220311447
0.6024096,0.65600975048951
0.6816633,0.5772584061902469
0.7087172,0.7599437867001918
0.45330918,0.4505942244242323
0.8333333,0.7336299675205347
0.8116883,0.8429369727168607
0.5154639,0.5535003158535836
0.63131315,0.6636324671003243
0.5055612,0.506784146676698
0.27173913,0.4124321569992975
0.7097232,0.6634170409126922
0.35650626,0.4125018265957887
0.7905138,0.7988798109821276
0.30835646,0.3382711850159108
0.7795448,0.827722500020732
0.4192872,0.5540788384020534
0.4761225,0.7988768079685494
0.42140746,0.4135067714209455
0.41339394,0.4125166974176096
0.47125354,0.44994409838662125
0.6497726,0.5325950069903711
0.4032279,0.6269406455737342
0.53792363,0.5217532208935467
0.5949474,0.6437893851197517
0.71428573,0.7993869774243123
0.41823503,0.45291004446559496
0.528262,0.5556221844546241
0.7824726,0.7994049747233837
0.7616146,0.7312160617318338
0.5484862,0.5327940639615018
0.47281325,0.4618051375784725
0.8361204,0.798827287777336
0.7898894,0.7988259625133535
0.42535093,0.4506171473278063
0.58823526,0.6546114014892234
0.6618134,0.7599216699334216
0.7627765,0.7335690193858513
0.5367687,0.507196671720627
0.838223,0.8429175125514858
0.40338844,0.4124545815840138
0.5141388,0.5334513549184271
0.6009615,0.5458546432903219
0.93325716,0.945028427212568
0.61728394,0.7327446512040192
0.611247,0.5748287996243165
0.38986355,0.3756059031219181
0.728863,0.7337276171548621
0.69300073,0.732559752001927
0.81433225,0.7988866315339108
0.46168053,0.38036106318736557
0.9292765,0.9190003142347367
0.8403361,0.7600034311972327
0.32520324,0.6557926961300123
0.46274874,0.4484294448359219
0.9431871,0.9166589556159277
0.77459335,0.7601134193623924
0.32615787,0.3751561536767445
0.87183964,0.8430243961750522
0.8285004,0.7629823079461522
0.71428573,0.663211408739751
0.40899792,0.6024540618941621
0.44267377,0.5327260299244998
0.86073923,0.8438487925427642
0.43421623,0.3753980830637418
0.39416635,0.42724967128082403
0.22512382,0.28544614639626786
0.9384737,0.9323561510817046
0.5405405,0.5327515119256478
0.81103,0.7364947789271764
0.5141388,0.5396459382079393
0.41339394,0.4502676308254477
0.40241447,0.37365091702436737
0.9060885,0.5813791893440753
0.5022602,0.4163801564857209
0.84175086,0.7988184644118477
0.2535497,0.3661398573798324
0.8583691,0.8427537745915528
0.9199632,0.9166038051198463
0.93510383,0.9165988864364641
0.45724738,0.45446639826612445
0.6086427,0.7330375772564889
0.9090909,0.8518860146588418
0.6060606,0.6542923006331158
0.42900047,0.41269521829321587
0.82304525,0.7991129092020568
0.54525626,0.5345354531370591
0.34246576,0.5786089609098922
0.43706292,0.5124511431539013
0.32164684,0.4125989979674272
0.6257822,0.4705669795896511
0.41373602,0.4503861351580689
0.63653725,0.6908052966198825
0.4376368,0.4501311069124603
0.46882328,0.5870217096107091
0.4940711,0.4589260198049541
0.39432177,0.4319669427216064
0.7770008,0.7992196527388497
0.805153,0.7498262603214131
0.66137564,0.6584736899845115
0.30515715,0.30353158895505244
0.5219207,0.5331437266352461
0.78864354,0.7991563409940029
0.7194245,0.7393955241116246
0.4739336,0.5575757846323508
0.66225165,0.6558161186102194
0.41271153,0.41378974863071116
0.8210181,0.7599354458710998
0.6596306,0.6632491351496483
0.5181079,0.5739916432195477
0.5076142,0.5260557961867163
0.5186722,0.6567103437658542
0.7052186,0.663961776406349
0.4393673,0.452574488644739
0.33145508,0.4597197536341583
0.625,0.7989876715871589
0.25886616,0.2935610888125297
0.90171325,0.7047202363561875
0.6901311,0.4126370432794435
0.5727377,0.5676877864451767
0.7575758,0.7043119985746475
0.31715825,0.42736268614605677
0.82987547,0.8429632279631506
0.6242197,0.4273259316312196
0.28058362,0.4498427083460226
0.53821313,0.5078385536172156
0.536193,0.5070367549912572
0.7117438,0.6671419280490525
0.49925113,0.5376899231730254
0.30385903,0.45051610043839535
0.47483382,0.45172006084827654
0.5117707,0.45073034332346285
0.9735203,0.7988749392102283
0.4030633,0.372524959647632
0.7936508,0.733539985135658
0.47869796,0.5079371367993482
0.70621467,0.7988189008457963
0.6169031,0.5070937795816157
0.748223,0.8429028427721801
0.76687115,0.7601095389385183
0.70621467,0.566766124012187
0.83752096,0.691538450475961
0.7993606,0.7042981737891475
0.43478262,0.5590387900159779
0.7423905,0.7448868536463812
0.40056494,0.627510722426786
0.40338844,0.5753558903831419
0.45454544,0.653442805126443
0.43478262,0.45698455915373426
0.46948355,0.6557668528769842
0.32573292,0.33833488105147247
0.44365573,0.4515442170801765
0.5636979,0.5264014958011982
0.3748126,0.4129993061376961
0.5938242,0.5327317191661994
0.74626863,0.7599021550969729
0.39215687,0.6561347080995547
0.6944444,0.7337417061813936
0.52854127,0.6466571968530445
0.24366471,0.4124286126009432
0.45766592,0.5327326883603543
0.54406965,0.42717586851512895
0.78554595,0.7600171409220258
0.33322227,0.5995150273269354
0.9354537,0.9166112502323197
0.8126626,0.7600516587067468
0.7680491,0.7335385160968505
0.37579858,0.3750140456069972
0.29334116,0.4512065196478206
0.45126352,0.41249139594118994
0.729927,0.7598569298516459
0.33670032,0.5329320583536871
0.53475934,0.5555792102179057
0.4761905,0.4504250758593687
0.47755495,0.4273929281613866
0.3417635,0.41424864742724643
0.36062026,0.32514605122867024
0.5339028,0.5398475052376225
0.789266,0.8578439575489318
0.91074675,0.8661346261510655
0.7695267,0.763472666162049
0.6540222,0.6560800287925602
0.7069701,0.7044848017503722
0.8858267,0.831392464965807
0.32776138,0.33894781290408565
0.58823526,0.658143154838082
0.3671072,0.4255102708136743
0.44682753,0.7043928362852082
0.39447734,0.3386410616253032
0.6049607,0.6921012107655516
0.3508772,0.412530117789833
0.34129694,0.5458151503661268
0.7362686,0.6639201676077717
0.594884,0.532610869556741
0.4644682,0.4124645305398423
0.81103,0.7608031642528619
0.83125526,0.7988237117168459
0.44385263,0.6620819076046413
0.5186722,0.4670038583433824
0.88809943,0.9067799289412868
0.34188035,0.375080478660888
0.94428706,0.9323032708627107
0.36670333,0.4127593145583737
0.54884744,0.44583971165002806
0.8888889,0.8887549786287813
0.8857396,0.6918720013382936
0.43630016,0.7981436653052901
0.665779,0.6579191927090469
0.64935064,0.5571992789357241
0.5154639,0.4125044319184203
0.5621135,0.542971726097632
0.88731146,0.7988744731030719
0.50864697,0.44500291156959976
0.49067712,0.5097499988459215
0.37230083,0.4126147834060148
0.7012623,0.801157514865146
0.8992806,0.6557813891718789
0.80128205,0.7990496494205314
0.84961766,0.8424150764823433
0.5988024,0.76017028341563
0.24937655,0.2511256696922704
0.5813953,0.5561005902651841
0.7022472,0.6652723963059727
0.37551633,0.41259186036647333
0.8410429,0.7662574042609734
0.8481764,0.8413351583753362
0.30193236,0.4641773068188721
0.5813953,0.5074876595570841
0.30129558,0.38203178409243926
0.76045626,0.7599645417410117
0.25078383,0.2518417268868473
0.3717472,0.41251898284833055
0.7092933,0.6661119767223624
0.85106385,0.8420390017470254
0.82372326,0.6557706286799069
0.4376368,0.44604142872360847
0.62227756,0.7332964008723216
0.46274874,0.509018507309994
0.34063238,0.27370617837214695
0.8333333,0.5611733222454737
0.72636944,0.6677939340551572
0.7898894,0.6579053989767614
0.9099181,0.856642887472691
0.48262548,0.5324028710123455
0.54300904,0.9167094699842406
0.73260075,0.6565962718069478
0.41876048,0.4447762692483523
0.24795438,0.28825204587683184
0.89206064,0.9110002014463162
0.32237267,0.41248568910106964
0.7692308,0.7603032500894494
0.35248503,0.567374840979139
0.41356492,0.4498643577348049
0.77185506,0.659657122051508
0.3191829,0.413482620966281
0.9237798,0.9165289072854701
0.8787346,0.8582243564321773
0.46554935,0.5436614605508211
0.7230658,0.7062083975457101
0.4799547,0.5800025632841734
0.8071025,0.8418051158310665
0.6779661,0.6632084626960867
0.9487666,0.7043297426308904
0.9560431,0.7598703127391129
0.94517964,0.6546062070310502
0.6535948,0.5594215808093763
0.8156607,0.7051750728142708
0.6061389,0.627404777871548
0.7179117,0.6128541622470153
0.6896551,0.7339299359944943
0.71994245,0.6559228092536978
0.71787506,0.6533847368750595
0.7132668,0.7051179956971783
0.5360493,0.5603280318141995
0.44603032,0.4131750137764769
0.41373602,0.4273691417048878
0.45126352,0.45181146529738
0.6640106,0.7399247380764553
0.80192465,0.83706769908645
0.5359057,0.5537528817295297
0.82987547,0.798828800645891
0.5157297,0.5070614587070549
0.85178876,0.7999423447894176
0.64599484,0.662923653376826
0.2247191,0.3927885364284718
0.8005937,0.7497958234710046
0.7407407,0.6640939802116115
0.8558859,0.8002983227030587
0.26652452,0.2735247546303985
0.6207324,0.6676248388413616
0.7824726,0.8717528310685102
0.4705194,0.4125999365461783
0.7067138,0.6540066677299716
0.47103152,0.41252216569757255
0.31075203,0.3390615896775116
0.7017544,0.6630416692828998
0.89206064,0.7603041077545176
0.6968641,0.6558651065488006
0.4511658,0.42947587381620067
0.8345859,0.7988167224659632
0.44603032,0.3749760171583343
0.48318747,0.6546899286959503
0.6385696,0.6217581277994967
0.8733625,0.8701999266002792
0.4382121,0.508964407541112
0.72350574,0.7599606087927661
0.76569676,0.7657342976200152
0.6485084,0.5345608018433267
0.8474576,0.6559082017898059
0.7806401,0.7989811228444801
0.6027728,0.5068912639472762
0.63701206,0.7048606311074397
0.32733223,0.7608890553365846
0.40617386,0.44991012871001324
0.6546345,0.648475760971929
0.4269016,0.4839873581420588
0.4577916,0.7042464767193427
0.4940711,0.5541934341265805
0.5109862,0.6649376421422387
0.73855245,0.7336118859364562
0.2731494,0.3394789058068009
0.83423984,0.7599389351705069
0.68676555,0.735682839786304
0.28066236,0.37657709735757366
0.8347127,0.8719066821039388
0.8403361,0.7990313064165201
0.44100636,0.44268137613843594
0.8403361,0.8429938262990451
0.764526,0.7988276842896895
0.31382906,0.4518330255774608
0.6896551,0.76006358151211
0.40883073,0.4297705213654967
0.48498955,0.7337291673238571
0.5065856,0.672742858893327
0.3660322,0.4526018303729164
0.57332873,0.5350069380413199
0.58823526,0.6273569607272137
0.7936508,0.6250480811355723
0.5405405,0.6632047300755793
0.7156321,0.6140619874636418
0.7418397,0.767014884780564
0.8426432,0.7988251719407575
0.36088055,0.3750075342026503
0.6260996,0.5328010806134066
0.73475385,0.7602694693080853
0.9574885,0.48455563964373943
0.800064,0.7604526342156032
0.54611176,0.6546935252021172
0.78369904,0.5565477292353127
0.7770008,0.7327901513144452
0.8257639,0.7988180905985647
0.64474535,0.6209098737705913
0.7320644,0.6631179483047436
0.63980347,0.5662526482963397
0.813667,0.7991781640892707
0.63740265,0.6554771149700436
0.6341154,0.7046028733477411
0.49825612,0.45285950786997775
0.7067138,0.6237413706471685
0.44445157,0.4461926790652937
0.590207,0.4526278737890345
0.6968641,0.5682299573468781
0.714592,0.654663151637863
0.84674007,0.8669811728999708
0.6968641,0.6561966398884551
0.90171325,0.7599036754508139
0.7246141,0.6537018357468962
0.54525626,0.655754611897648
0.4601912,0.4138850496500969
0.86132646,0.8669502346998642
0.5854801,0.532609548827882
0.43047783,0.42863702036788814
0.5274261,0.5572007929645282
0.34698126,0.374899932936761
0.65333855,0.666692954274913
0.46425253,0.45048993842354446
0.7315289,0.7399866404260635
0.73260075,0.7326463718967369
0.6418485,0.5954444101412545
0.64516133,0.6559302561724347
0.6235191,0.6220319605173648
0.518269,0.585413275497288
0.64102566,0.6557634932470653
0.7518797,0.7662077996245279
0.6203474,0.6545920929178501
0.35248503,0.4502913646853459
0.6060606,0.7115043864193898
0.9108297,0.8672951366708829
0.6518905,0.6562252558989841
0.7564296,0.7364487096040697
0.875167,0.8719211877778585
0.5274261,0.5074272658774792
0.38639876,0.45021493924507405
0.5790388,0.6534061125624884
0.73260075,0.7599606484376062
0.35650626,0.412890261177908
0.8278146,0.4515122534654478
0.6385696,0.7502699704049018
0.8250825,0.7988238774922217
0.5963029,0.5113985089288255
0.5574136,0.45011596124912484
0.448833,0.4444767863086303
0.33952916,0.41410326198415326
0.8610446,0.8664218263206973
0.64267355,0.6560156982364537
0.7352941,0.7598675568784924
0.42866942,0.4273658966613973
0.5996742,0.5374060329563077
0.6978367,0.7336661673700371
0.7575758,0.7988188969587386
0.3894081,0.44451358715732286
0.8586248,0.7724918526050537
0.7893357,0.8429065167971477
0.63211125,0.6277583585111158
0.8062566,0.6570057240713085
0.67750674,0.6671985142498547
0.89047194,0.8421686619169716
0.73507625,0.7988203401792177
0.44819474,0.45489141753981976
0.65445024,0.6560810266150853
0.47236654,0.5092020663083525
0.41649312,0.5771009356032731
0.6926167,0.6051015020209648
0.62690693,0.49581152001066525
0.7621951,0.6651243100939961
0.48402712,0.45064636544191844
0.54633766,0.6631723979301001
0.76719415,0.7605449291911379
0.44150114,0.4465646558029791
0.5780347,0.7043250740382981
0.64102566,0.6642632905907673
0.44365573,0.6922577709057142
0.3196931,0.4502368588497257
0.7974482,0.7044082504200688
0.62695926,0.5410940096395692
0.46511626,0.4518958437755909
0.71275836,0.7038317296760191
0.45100915,0.4124361599179642
0.49070364,0.33800168485196497
0.6675567,0.7041522986858794
0.7905138,0.6630848329651066
0.877193,0.8913234352547992
0.32733223,0.734808611418677
0.28636885,0.33933698395499107
0.3241491,0.654624583739069
0.47058824,0.41264907476606494
0.91666925,0.9112368800206525
0.52910054,0.6584552301475208
0.5861665,0.533648513428792
0.6759954,0.6050695390339054
0.63734865,0.5500273841724648
0.8748906,0.7988503669923074
0.63291144,0.6502923538763506
0.59177196,0.44672957234823646
0.7225433,0.5663461565266353
0.52248216,0.5341143394920361
0.84317034,0.8583366610660799
0.78431374,0.7992974455403424
0.613366,0.6635788020443388
0.97087383,0.9166275355944293
0.42283908,0.4140152937743116
0.9099181,0.8368643776189508
0.54244024,0.4546363316803647
0.38491148,0.45031789333920935
0.57471263,0.4622706872358719
0.625,0.6629584839978784
0.7156035,0.6558712132939172
0.8250825,0.6543324779757151
0.6896095,0.7042660838738419
0.70372975,0.7342919706609352
0.33904052,0.4287858621899826
0.49019608,0.4499853969544481
0.877809,0.8669553393246423
0.6891799,0.7044346751375319
0.7352784,0.7380382971908411
0.58377117,0.586246783671077
0.31993335,0.33872683774760654
0.88967973,0.7335729327212227
0.43535048,0.3750124366710661
0.3923107,0.4650353163830975
0.77881616,0.7326682499602724
0.78210545,0.7988272061066682
0.88263595,0.8353453594434537
0.48828128,0.5722356910843691
0.2570694,0.2745564638156031
0.53078556,0.4336596575002877
0.6920416,0.5713513462450227
0.45787546,0.44969461193699173
0.8690151,0.866824040653134
0.36589828,0.4292836441639237
0.73548555,0.760885171114972
0.44984254,0.6554331729682672
0.94517964,0.9109755533182129
0.537687,0.6569253639763528
0.7854324,0.6671593755266996
0.4279082,0.33796168907376734
0.8802817,0.871946632892812
0.95693785,0.944986411800968
0.86505187,0.8419973248941913
0.6354407,0.6519294543966736
0.4340278,0.45492505971640135
0.8038585,0.7989389444296148
0.76982296,0.5353272564482521
0.6779661,0.7347860278582462
0.856898,0.8426878173571339
0.7693278,0.7544179421038333
0.6896551,0.6215010538893847
0.47869796,0.5331544950902922
0.48828128,0.5559320356314763
0.42698547,0.532512457203848
0.5355541,0.45006839252859354
0.7117438,0.6071988868229141
0.7132668,0.7330204008054625
0.8333333,0.7616597593065527
0.7575758,0.6630753480692754
0.54406965,0.654118069966316
0.89445436,0.6629549588004143
0.6939625,0.7605023350524946
0.2967359,0.41248356993130114
0.41708446,0.5088813058778745
0.44444445,0.4292369328726967
0.7496252,0.6912391081093083
0.7089906,0.7045742757235098
0.7974482,0.7335555635667373
0.5194468,0.563281105663723
0.47169814,0.4125529051057574
0.45963973,0.45846241715455305
0.39603958,0.6272035647885094
0.33025098,0.28858541572397217
0.6184292,0.5071869433590293
0.578369,0.584122817152579
0.77101004,0.7747872138951262
0.7241129,0.5729452214693324
0.5540166,0.6593318178726393
0.9389671,0.9175128697187339
0.81499594,0.7335278843905053
0.8445946,0.871878276922945
0.33932814,0.4127910638934495
0.55897146,0.5334114149195253
0.4985045,0.46179644604595504
0.78431374,0.760744657734592
0.42641684,0.4273911613006269
0.4280822,0.6563790693774929
0.41067764,0.44474478570721
0.5420054,0.5087398177437205
0.6896551,0.6633384280402489
0.55679286,0.6632732205968308
0.7824726,0.759988674108552
0.46723732,0.5513452579096173
0.7473797,0.6637225127060691
0.46904317,0.4488489158456236
0.3929273,0.655712700087218
0.87992156,0.8913950486556858
0.91449475,0.9166186555779936
0.88495576,0.7989704550047935
0.7047216,0.7668708788154995
0.48169556,0.4135159528626017
0.22083718,0.5280648370478289
0.86956525,0.7363619085874556
0.76982296,0.7988180655808026
0.6891799,0.4124927607716105
0.8445946,0.8430080884833555
0.907441,0.8420781903348565
0.35854927,0.6274049820286449
0.50911313,0.49614291823126067
0.7930214,0.8007757949471584
0.4845074,0.45009229374983173
0.6747183,0.6568470888564524
0.82034457,0.7338749538358454
0.6973501,0.7659713529246407
0.513347,0.5468195431500575
0.51124746,0.4126022382760716
0.63171196,0.7370286902937818
0.6868132,0.5641413871522153
0.9009009,0.5741521236059776
0.36818093,0.3388379535650005
0.8635579,0.8273962319409065
0.88105726,0.7612431935450429
0.8210181,0.7993306064012202
0.79617834,0.7600832397789126
0.85988957,0.8717033812680982
0.80876637,0.798845974955957
0.38639876,0.38314608174085574
0.82864046,0.7412664428096936
0.71428573,0.7043566654725159
0.7194245,0.7337618960168879
0.71428573,0.6041450272036277
0.3621876,0.3822467473322053
0.65316784,0.7599574225809432
0.9302325,0.917486191873306
0.48426148,0.7600526033338867
0.3929474,0.7042687263060599
0.7215007,0.626246673708763
0.6116208,0.5333002553310258
0.625,0.732542124476221
0.740273,0.7048145366557376
0.5118996,0.5563737129962829
0.8029549,0.7348562347398613
0.62266505,0.5373060327600269
0.8481764,0.8429644073694683
0.9383627,0.9556941588437962
0.53561866,0.6560761831004771
0.6626905,0.7337440532834018
0.9606148,0.9550213554114928
0.53418803,0.44971438578646244
0.6510417,0.4559162901068204
0.945269,0.9451126390093374
0.653301,0.704973776711314
0.8764242,0.8654878591526849
0.55370986,0.6222699569618384
0.8169935,0.6560738027924512
0.338295,0.412524694655411
0.43421623,0.4507494066603532
0.6752195,0.6655728376389423
0.98643655,0.6283774668513469
0.60845345,0.6151598372963352
0.4742591,0.44465840564399844
0.6968641,0.6561842392171868
0.6053269,0.7069798995224201
0.4979088,0.3665306423881052
0.4789272,0.4194009226655089
0.50175613,0.5168601139754643
0.37537536,0.5061052310377002
0.7017544,0.6609812046864904
0.44444445,0.4787419417884019
0.48661804,0.4313605223886063
0.59136605,0.6559090880852764
0.877193,0.8669105817521626
0.50075114,0.4608402433344767
0.99769825,0.7039720616987148
0.37893143,0.459124975805447
0.40144518,0.7049606865029595
0.6849315,0.6629022077160545
0.54797524,0.41254104910714434
0.9049774,0.9113375785359751
0.5780347,0.73372447589921
0.4524887,0.5115415438765529
0.4878049,0.5371893900562983
0.63572794,0.7602146341150531
0.5198091,0.5614588885462768
0.51466805,0.45490482488703554
0.33036008,0.3473051943759734
0.754438,0.5521940968015988
0.34916204,0.3748637363644477
0.8169935,0.7988587894927783
0.6802721,0.6629628990005529
0.82644624,0.7368023090423274
0.698812,0.7058266973439827
0.83045924,0.799010057680756
0.76359195,0.658416360530815
0.34698126,0.4885240233637807
0.41701418,0.4447018265411449
0.8,0.6017986001464535
0.3174603,0.412458978187911
0.5992689,0.5326157808513275
0.4012841,0.3386781209089216
0.5777008,0.544248224325687
0.74483573,0.6612395443434199
0.789266,0.7338267666710356
0.47628665,0.45125338736769266
0.6497726,0.5327029158864867
0.5138746,0.44464885309733115
0.3984064,0.44959368091519825
0.38167942,0.4631779044517178
0.6468305,0.8429984394863137
0.81766146,0.7326607716981475
0.8532423,0.8670372454161424
0.8285004,0.7612657924274846
0.38729668,0.41245292412027557
0.5173305,0.5415882339402753
0.42535093,0.41296241165202024
0.28653294,0.4853861058636547
0.28296548,0.3429040704615126
0.47771466,0.5331731500096111
0.43478262,0.5174289583940218
0.8,0.8439050930492071
0.74626863,0.6219703402492334
0.5842777,0.537311959281492
0.3242542,0.45275880417314096
0.77821016,0.7339915286470564
0.82236844,0.7991487030801594
0.7117438,0.6486311377793785
0.7122507,0.7079715450430926
0.2120441,0.2900073187815744
0.78369904,0.6561191714641401
0.7518797,0.5541433814358004
0.82054645,0.65682585042792
0.49652433,0.5082066037070913
0.42998657,0.4515893377039836
0.71073204,0.6214226281540736
0.7496252,0.7343029200733889
0.83125526,0.760780852661021
0.59988,0.6047194340154127
0.8037293,0.7327221784388654
0.6696807,0.7051292364480731
0.7336757,0.7413117629330832
0.74404764,0.7326253284024614
0.7966477,0.7617871632005819
0.729927,0.6559167541427603
0.64935064,0.6558382232615352
0.40112314,0.4404123859489564
0.66840947,0.7361940357282782
0.7225433,0.6630875158230245
0.656991,0.7338695228895196
0.92894495,0.9320836330505539
0.6849315,0.6559099499203952
0.6683746,0.6639650946999095
0.8802817,0.8670354875180871
0.3915427,0.41246750712753233
0.8084074,0.7989137002130692
0.7374632,0.7042730562760434
0.39308172,0.43024709299127634
0.78740156,0.7044757160351843
0.8748906,0.6273800707830822
0.52548605,0.5084537153426842
0.3532321,0.42727711989019673
0.8673027,0.8569216043335384
0.59456956,0.5431224690123673
0.6116208,0.7606776561281197
0.5592841,0.453787125901962
0.924006,0.9166335395064721
0.60045636,0.6527473697018937
0.7754541,0.7989163214191656
0.56179774,0.5909283039317346
0.47824007,0.45468154475722483
0.62363577,0.8440483398259601
0.39651072,0.5504410965919333
0.31959093,0.3419446377940573
0.8857396,0.8717579606162152
0.24919014,0.29449886580455403
0.63816214,0.6237286364458335
0.30021015,0.30413467264490146
0.44642857,0.4971405839170752
0.41981527,0.4126409368306563
0.5720824,0.6638485863628978
0.39255124,0.4676874287854151
0.54112554,0.7340566202616982
0.29403117,0.41246432811461575
0.74404764,0.7988204868006807
0.7692308,0.799810061377837
0.7407407,0.7599167672169135
0.6968641,0.733884094535319
0.2748763,0.4133237476887559
0.5979073,0.6547141103042613
0.9069868,0.9164469336837352
0.8598452,0.8583554147939876
0.65401286,0.6630520233383977
0.9386146,0.8440344411280852
0.5157297,0.4839080085298366
0.76335883,0.7335291527575747
0.4940711,0.41247955419190885
0.51599586,0.5103121604774719
0.27693158,0.4543397780829077
0.2881014,0.5646576202072526
0.6060606,0.6650312508846833
0.58105755,0.5346449365355519
0.43930942,0.4363291224447408
0.761035,0.7463263228219675
0.41254124,0.45046456920079897
0.7501876,0.5548929135736096
0.72934145,0.6680729976554229
0.48567265,0.600016346631632
0.8097166,0.7988416025833863
0.7437709,0.7996248921406617
0.7246377,0.7335308657054441
0.35223672,0.4607569593922539
0.6802721,0.6583371848011896
0.72674423,0.7335716612689309
0.53304905,0.625286325444507
0.6388633,0.6559193104662064
0.78740156,0.7995328270787565
0.5630631,0.5341420795631471
0.37313434,0.6629608894797996
0.4564126,0.5370575859606939
0.8197292,0.6247418328375022
0.7352941,0.6213453942541126
0.4644682,0.5329530477829951
0.81433225,0.7988579848718924
0.9541985,0.909302998055185
0.5875441,0.7598652559606969
0.9387662,0.9166034694453505
0.31568646,0.2867315602571143
0.4017678,0.37587453382728225
0.43535048,0.49859639764402713
0.8503901,0.8577567516474227
0.48490724,0.6558897990972162
0.4761905,0.6270358592353514
0.75987846,0.6535733640042412
0.9389671,0.9166176384015895
0.7651109,0.7600519618230872
0.5523336,0.6629590374164948
0.8748906,0.7988303433032095
0.41186163,0.42731683318925495
0.52910054,0.6632061223421942
0.795545,0.7992301149775556
0.3128911,0.4573369231381339
0.89285713,0.9166516483800017
0.62305295,0.6678762404691101
0.81766146,0.7368022700605215
0.89525515,0.7606362069797801
0.7407407,0.6629230573061378
0.4987531,0.7182671191521885
0.8130081,0.6231169532513519
0.83892614,0.7988165349277098
0.78802204,0.6565554093742024
0.7072136,0.6667636646313727
0.27586207,0.5521676246372574
0.41288194,0.4554356674530332
0.49627796,0.656114341627109
0.61766523,0.6636981814264743
0.43668124,0.4450249120700698
0.7206724,0.7626474034055452
0.7352941,0.7988522290714221
0.36101082,0.45688821779826977
0.7692308,0.6572782320152636
0.6802721,0.6540541565850589
0.8748906,0.7409051490819203
0.6169031,0.6558434188023048
0.5813953,0.507316260407172
0.7751938,0.7988297875504203
0.8833923,0.8438477897493302
0.66844916,0.5480828616301576
0.44923633,0.53262787345837
0.40832996,0.41291026160206273
0.4168403,0.5078771872199267
0.83428586,0.7995843608006816
0.51227933,0.4124992662427864
0.789266,0.8005260580957654
0.36900368,0.4506001398473464
0.28121325,0.36637057839568105
0.7074427,0.6557397153446143
0.5599104,0.451336315454324
0.5509642,0.44982441892354735
0.66783315,0.7326746101802861
0.9049774,0.8425401735277148
0.71428573,0.6553906909799505
0.65789473,0.6881961718463776
0.35536602,0.4452689570680971
0.6414368,0.621108028355252
0.74404764,0.7336862496951796
0.83892614,0.8649601359647392
0.57636887,0.44662159960772646
0.57110226,0.6211982853123802
0.59151995,0.45213796670565987
0.37593988,0.455320976036622
0.9260116,0.9183060128497254
0.6281407,0.7340499595171723
0.6277464,0.5607281992456877
0.49309668,0.6082679706071517
0.29594555,0.3383143229011264
0.7423905,0.7085717793366684
0.8833923,0.8416313551688117
0.95328885,0.8478504624132677
0.8064516,0.6545937303743122
0.96805423,0.9641050770032021
0.6161429,0.574705919397555
0.37467214,0.41261502707370556
0.6169031,0.49569650073565596
0.5576828,0.6639791647101649
0.7686395,0.5753861378676356
0.3629764,0.5671733526595795
0.6896551,0.7372003059075672
0.7407407,0.7039596417958204
0.7017544,0.7070138807881834
0.60679615,0.6213273803084916
0.77459335,0.6769231348546632
0.49333993,0.4508789221798243
0.736377,0.6836690247041364
0.9319665,0.9118335458466489
0.8795075,0.6480319440175569
0.3270111,0.28845671390789296
0.5773672,0.5465486596828975
0.64599484,0.6619214044355145
0.48804295,0.4124392310086279
0.5952381,0.6915369092710766
0.8474576,0.7600074350292743
0.77077234,0.7611330164318384
0.58241117,0.5325305234227806
0.63171196,0.45232784512431856
0.94786733,0.9111955218771596
0.77339524,0.7669909130672204
0.4282655,0.4778311368367442
0.8305648,0.7600270787495739
0.5257624,0.5331940172694377
0.5060729,0.4276147162575526
0.88809943,0.8216025576398386
0.3929273,0.5338168333051732
0.51232135,0.551249756403771
0.41999158,0.5736318569378847
0.8196721,0.7619925561610299
0.71428573,0.7049084590429022
0.33806628,0.41505878656909667
0.92250925,0.9166079207686557
0.48614484,0.45452718680882787
0.6849315,0.7043921049969989
0.2657454,0.587427670559342
0.56497175,0.6633104046507989
0.8525338,0.8425047192345613
0.7564296,0.5958886119977165
0.47214353,0.4272385881359504
0.5952381,0.7157672736094024
0.6013229,0.5734352222287504
0.45473146,0.45182669668806996
0.41322312,0.585721569963676
0.952381,0.9186131552705167
0.49603173,0.5075681410865046
0.38372988,0.41253242688861025
0.89525515,0.7602304800071088
0.7840677,0.7061690971679006
0.39001557,0.4528708289830606
0.37037036,0.447322073073242
0.6013229,0.7136631018792157
0.6273526,0.6607720639236039
0.7692308,0.7336537769555881
0.42444822,0.42847296266271595
0.6793478,0.6666908351605115
0.5561735,0.5337563523059803
0.50479555,0.45107867960311454
0.6035003,0.6670066468562454
0.44444445,0.503071119290163
0.8250825,0.7051297308768709
0.6844627,0.6920877408981201
0.8805918,0.8512209936619081
0.6116208,0.8427743911578643
0.7968128,0.5326123290802726
0.47528514,0.5366586179721687
0.3628447,0.4273727371351746
0.8795075,0.8717129990647374
0.28818443,0.33927281051439506
0.5336179,0.6260472428255723
0.73909837,0.5759772400733559
0.39635354,0.45023604476143764
0.8252868,0.7636540146999886
0.6053269,0.41252193298031503
0.37216225,0.33817299838529136
0.36376864,0.4832811852849446
0.5089059,0.4498165584024442
0.37636432,0.4272708095882355
0.9519276,0.914566894874476
0.48007682,0.3767541833062429
0.594177,0.4582582041058231
0.81900084,0.7599738972167553
0.45167118,0.450517373179783
0.44603032,0.41268412426586615
0.61349696,0.5329725936453948
0.31505987,0.450874593123352
0.9551098,0.9165920169481218
0.8183306,0.764265101356838
0.6053269,0.4856534811136295
0.7974482,0.6259053856071469
0.5353319,0.5597425787451086
0.74515647,0.741847736918551
0.3885004,0.3777997834409185
0.5464481,0.4124869125023094
0.4301075,0.41259904263166464
0.9337068,0.91630434917983
0.5675369,0.5359386990667172
0.4591368,0.4504481447187592
0.74571216,0.760064146577483
0.260078,0.34248503689034915
0.7315289,0.6631987410351051
0.6257822,0.5367811257713472
0.4056795,0.4958009204493949
0.31152648,0.41682423419928605
0.41876048,0.44975188725191195
0.53078556,0.4512003619454352
0.64808816,0.6635226169576732
0.45146725,0.4871930911879592
0.62227756,0.6669467025236439
0.8130081,0.6630501715206095
0.9102867,0.9110793235885586
0.9057971,0.9166055208247521
0.655308,0.5697794788345445
0.37979493,0.4152650298927615
0.8688097,0.8418583758756674
0.6944444,0.7042787369511668
0.74515647,0.7349003359980505
0.4017678,0.4288116823094539
0.33145508,0.4124520007775518
0.870322,0.8666091039637375
0.48590863,0.5123218774547945
0.28568164,0.29101245620689076
0.3875969,0.41258915612363767
0.29895365,0.2942846587832558
0.3977725,0.41253632074081537
0.7662835,0.6638965632360332
0.7407407,0.7600605576926898
0.82285833,0.8365932850035865
0.683527,0.45015944085047854
0.49578583,0.45929660907112557
0.3144654,0.4162539385029184
0.3400204,0.53432360734806
0.37453184,0.45026100533673535
0.94651973,0.9565090691049374
0.7246377,0.7335553750249373
0.6901311,0.7337010123579895
0.43802014,0.5832478597448609
0.31436655,0.32511090795181585
0.7027407,0.6216027792730985
0.74404764,0.729445101834947
0.69979006,0.7049497183071537
0.8257639,0.6887017668422566
0.5773672,0.5325188199023179
0.4237288,0.4527098732081499
0.2613477,0.6630595527475897
0.8084074,0.7604533741356112
0.58892816,0.6671205574829617
0.4732608,0.4446186847414403
0.46772686,0.5569835243841474
0.5025126,0.53289118979648
0.8136697,0.7988172448324228
0.84352595,0.7471430170771483
0.536193,0.5718807977207179
0.6690597,0.6564978135312851
0.40241447,0.5727054301480654
0.29895365,0.28656354658963906
0.89206064,0.6630877046007896
0.5336179,0.6742994432842058
0.74571216,0.759894300061627
0.38729668,0.41256828369526627
0.6688963,0.5439589310225694
0.49578583,0.6258640063401183
0.4022526,0.45284222122798107
0.5980862,0.6371836968862552
0.8960574,0.911156296757091
0.78740156,0.7335520625368671
0.8532423,0.5451342048718897
0.43047783,0.4273987159976006
0.34904015,0.4124636247316688
0.9354537,0.8405093385201285
0.48169556,0.566950535298355
0.9737099,0.9468748515658878
0.48709208,0.5554403787707275
0.45146725,0.5074213561159125
0.7342144,0.6559193978216891
0.7183908,0.7670844122348254
0.47058824,0.47868045725782415
0.47169814,0.5017982589929838
0.3529827,0.4594590761222479
0.66445184,0.6436402919206807
0.4828585,0.45419072804512367
0.87108016,0.8426678340305733
0.74626863,0.7598904288865306
0.89686096,0.7185949720895238
0.337952,0.37521381633951695
0.41597337,0.5333291207012706
0.3065604,0.4128589633647106
0.31796503,0.6543102132748421
0.6557377,0.663147430509161
0.390625,0.4498142987752803
0.6618134,0.6625708373012027
0.4299226,0.5073725179654096
0.49091804,0.4323007477373347
0.82372326,0.7336905476581093
0.66225165,0.5675870532774474
0.6071645,0.6573019230553462
0.55865926,0.5405288023603727
0.75471693,0.6012402745729388
0.77101004,0.6211038577463489
0.65789473,0.7232895526015973
0.5636979,0.6654655923460009
0.4606172,0.47928472741352746
0.6060606,0.6558382866008308
0.58823526,0.6564485587229942
0.6263702,0.663002432698107
0.6127451,0.5066795845134684
0.91082144,0.8429976892982216
0.51308364,0.6257847650964073
0.30750307,0.3804535790013368
0.30599755,0.37564711245006377
0.4397537,0.41449683190951203
0.89365506,0.8719211877778585
0.89365506,0.6635296007015965
0.6557377,0.5092276995655057
0.6682366,0.7045529082751968
0.53792363,0.6913623923547644
0.7501876,0.7598732379827439
0.42189783,0.6632796071755322
0.80147475,0.6663733465142181
0.3635042,0.3767787820595872
0.8403361,0.8002542882646498
0.5192108,0.5076015364832389
0.67613256,0.7353097791376252
0.57045066,0.585504843237031
0.40387726,0.45772123398690967
0.5624297,0.42843787635224334
0.6802721,0.7062444004310482
0.665336,0.5427127602289298
0.3549876,0.5070404645319608
0.40866366,0.37515413434988126
0.8591065,0.8719633115743269
0.5521811,0.6830547653739212
0.94827986,0.9167137932459912
0.4017678,0.4653645856447842
0.44385263,0.6335378943608329
0.43290043,0.4588088002452716
0.91074675,0.916159524640569
0.7246377,0.6557165515284838
0.41788548,0.46139445696405357
0.31806615,0.3383986286747741
0.94428706,0.7325890343170637
0.8520885,0.7988905135507013
0.81900084,0.7601464076818166
0.7352941,0.6864825561451732
0.35174114,0.3380319439060515
0.33647373,0.5609539513581887
0.513347,0.510496103301221
0.7911393,0.7042769808107674
0.6587615,0.41277848683139123
0.43440485,0.45160278699183554
0.77095056,0.7990806651254634
0.4017678,0.4126225898850483
0.7818608,0.7743528988113275
0.6397953,0.45174838165320264
0.4644682,0.45086756180875287
0.59844404,0.6619713825286531
0.48496604,0.41267676305566464
0.7137759,0.5735633744290719
0.7067138,0.6269379349097525
0.4582951,0.37547889804718887
0.41562757,0.4518780151658001
0.4828585,0.5333514184193174
0.78740156,0.6801088256051201
0.77459335,0.7338207761207037
0.7849294,0.7335600071908084
0.7320644,0.7988165691635336
0.40903407,0.543499777923906
0.6169031,0.631885057768279
0.85470086,0.7989099590139037
0.6345178,0.5554575612306059
0.47483382,0.4454371152898318
0.7047216,0.6658293996382862
0.660066,0.6508262902338979
0.8172071,0.7988322140433901
0.57570523,0.6178505957522973
0.86996466,0.6240153605221365
0.33422458,0.4144391561893899
0.4266212,0.5334288257522086
0.8841733,0.9111905824044659
0.55187637,0.5963373305081117
0.4985045,0.5732061766643797
0.37907505,0.3748215247697789
0.94557905,0.6557095324229906
0.45495906,0.45099437089893224
0.8583691,0.7988139134997485
0.5025126,0.4503458637589402
0.91240877,0.8403493436150363
